record_id,parent_record_id,composition_group_id,donor,domain,value_unit,source_granularity,value_form,separability,donor_path,donor_sha256,donor_symbol,transformation,mapping_topology,disposition,decision_rationale,target_capability,target_nodes,invariant,negative_invariant,test_node,operator_surface,migration_impact,license_note,risk_tier,dependency_record_ids,evidence_confidence,validation_status
D01-ADAPTIVE-CONDITIONS,n/a,CG-ADAPTIVE-STATE-ENGINE,D01,Adaptive UI,Typed state conditions and comparison operators,mechanism or evidence cluster,executable behavior,context-dependent,src/WindowsStateTriggers/EqualsStateTrigger.cs,fd6ecd1486dd8cb60f8c14d2b5a6ba7fe8a8493cf167402e46339687725333f9,n/a,reimplementation,one-to-many,adapted,Portable condition semantics fit the target without importing UWP packaging.,Adaptive state engine,src/WinCare/Core/07-Conditions.ps1#Test-WinCareCondition;src/WinCare/Core/07-Conditions.ps1#Compare-WinCareValue,"Conditions are typed, bounded, and evaluated without executing donor expressions.",Unknown condition kinds and operators fail closed.,tests/Safety.Recovery.Tests.ps1#Condition composition,All adaptive menus and plan pre/postconditions,additive; no donor runtime or persistent-state migration,MIT,medium,n/a,high,statically-validated
D01-COMPOSITE-LOGIC,n/a,CG-ADAPTIVE-STATE-ENGINE,D01,Adaptive UI,All/Any/OnlyOne/Not composition,mechanism or evidence cluster,executable behavior,context-dependent,src/TestApp/Samples/CompositeSample.xaml,69cb9409c637f2a63635650eeee178180ebe6fc5a791cb0c2e40237c859b36be,n/a,reimplementation,many-to-one,synthesized,Composite semantics were fused into one target-native recursive evaluator.,Adaptive state engine,src/WinCare/Core/07-Conditions.ps1#Test-WinCareCondition,Nested conditions retain deterministic Boolean semantics.,No dynamic code or implicit truth coercion grants authority.,tests/Safety.Recovery.Tests.ps1#Condition composition,Adaptive visibility and enablement,additive; no donor runtime or persistent-state migration,MIT,medium,n/a,high,statically-validated
D01-RESPONSIVE-SURFACE,n/a,CG-RESPONSIVE-TERMINAL-UX,D01,UX,Responsive width/height/device-state affordances,mechanism or evidence cluster,product/knowledge inspiration,context-dependent,src/TestApp/Samples/FullScreenSample.xaml,2648ce001f7a407c8908210b5c53d898e0bf563f555e5e71ced58c3dde37e143,n/a,inspiration,idea-to-native,inspired-native,Desktop/XAML triggers inspired terminal capability conditions rather than a copied UI framework.,Responsive terminal UX,src/WinCare/Core/07-Conditions.ps1#Get-WinCareConditionValue;src/WinCare/UI/00-Console.ps1#Get-WinCareConsoleSize,Terminal layout derives from current capabilities and dimensions.,UI state never authorizes a side effect.,tests/UI.Release.Tests.ps1#UI and headless completeness,Responsive TUI navigation,additive; no donor runtime or persistent-state migration,MIT,low,n/a,high,statically-validated
D01-SURFACE-ACCOUNTABILITY,n/a,CG-EVIDENCE-ACCOUNTABILITY,D01,Evidence,Repository-wide surface accountability and non-semantic artifacts,repository surface set,evidence/accountability,standalone,LICENSE,b79735ce3f1fb5a9dffb83d77f5264d69288f0c6af89fb2895fb27ebfa7cd53b,n/a,classification and reference retention,one-to-many,reference-only,"Administrative, generated, media, fixture, and non-selected surfaces remain explicitly accounted for without being copied into the target.",Convergence evidence,docs/convergence/surface-accountability.csv;docs/convergence/adoption-matrix.csv,"Every donor file has a hash, classification, authority status, and semantic disposition link.",File count is not treated as semantic adoption.,tools/validate_convergence.py#surface coverage,Convergence evidence bundle,none,MIT,low,n/a,high,statically-validated
D01-TEST-ORACLES,n/a,CG-CONDITION-VALIDATION,D01,Validation,Condition fixture and sample coverage,mechanism or evidence cluster,product/knowledge inspiration,context-dependent,src/TestApp/SampleContainer.cs,2c533762dd008fddd45db1b87ff1f890c9aa98de3e118b80d5509585cfa49c9e,n/a,oracle extraction,one-to-many,extracted,Sample combinations informed independent condition-composition tests.,Condition validation,tests/Safety.Recovery.Tests.ps1#Condition composition,Every supported composition has a positive oracle.,Samples are not treated as runtime authority.,tests/Safety.Recovery.Tests.ps1#Condition composition,Test suite,additive; no donor runtime or persistent-state migration,MIT,low,n/a,high,statically-validated
D02-APPX-REMOVAL,n/a,CG-APPLICATION-HYGIENE,D02,Applications,Previewed current-user and provisioned AppX removal,mechanism or evidence cluster,executable behavior,context-dependent,Win10BloatRemover.slnx,aae9e26d6b6f60e910ffe13960b02958d6a4bbce9edc9d3ebe80ed9a519ef25d,n/a,reimplementation,many-to-one,adapted,Exact package identities and profiles replaced broad donor removal lists.,Application hygiene,src/WinCare/Core/10-Catalog.ps1#New-WinCareAppRemovalProfilePlan;src/WinCare/Providers/10-Applications.ps1#Invoke-WinCareAppxRemoveAction,Every removed package is visible and exact in the approved plan.,"Wildcards, core-package defaults, and silent bulk removal are forbidden.",tests/Providers.Admission.Tests.ps1#Provisioning admission and stage separation,Applications and provisioning screens,additive; no donor runtime or persistent-state migration,BSD-3-Clause plus embedded resource terms,high,n/a,high,statically-validated
D02-DANGEROUS-DEBLOAT-GUARD,n/a,CG-SAFETY-POLICY,D02,Safety,Reject Defender/update/service deletion patterns,mechanism or evidence cluster,constraint/negative lesson,context-dependent,src/Operations/DefenderDisabler.cs,c96e8a6f84b60652530b6c03a5a44456bffda136eaed5149e6e15192db92a7d7,n/a,negative evidence,negative-to-guardrail,guardrail-derived,Overbroad debloat behavior became explicit denied actions and documentation.,Safety policy,src/WinCare/Core/01-Config.ps1#Get-WinCareDefaultPolicy;src/WinCare/Core/08-Policy.ps1#Test-WinCareActionPolicy,Security and servicing controls remain enabled unless a narrowly supported workflow exists.,"No Defender disable, Windows Update service disable, event-log purge, or hardware bypass.",tests/Core.Contracts.Tests.ps1#Configuration and policy admission,Policy blocks and safety messages,additive; no donor runtime or persistent-state migration,BSD-3-Clause plus embedded resource terms,critical,n/a,high,statically-validated
D02-PRIVACY-CATALOG,n/a,CG-POLICY-CATALOG,D02,Privacy,Reversible privacy policy catalog,mechanism or evidence cluster,executable behavior,context-dependent,src/Operations/TelemetryDisabler.cs,a28cf2f35dfe78a8364984e510f46c4e6b61eaecc3ba93aeaf179a02eeceb66c,n/a,rederivation,many-to-one,synthesized,Supported registry policies were narrowed and wrapped in target rollback contracts.,Policy catalog,src/WinCare/Data/Catalog/rules.json;src/WinCare/Core/10-Catalog.ps1#New-WinCareCatalogPlan,"Each setting has explicit scope, risk, compatibility, and recovery.","Defender, UAC, SmartScreen, and Windows Update are not disabled as privacy tweaks.","tests/Providers.Admission.Tests.ps1#Catalog, preset, and application profile admission",Profiles and policy,additive; no donor runtime or persistent-state migration,BSD-3-Clause plus embedded resource terms,high,n/a,high,statically-validated
D02-SERVICE-TASK-GUARDS,n/a,CG-SYSTEM-POLICY-ENGINE,D02,System policy,Service and scheduled-task desired-state primitives,mechanism or evidence cluster,executable behavior,context-dependent,src/Operations/ScheduledTasksDisabler.cs,e9934768be0b1016a09105c8d6e5a9bfa3f82ce99bdcb791587974dd61e59d53,n/a,hardening,many-to-one,hardened,Only typed names/states and policy-approved actions were retained.,System policy engine,src/WinCare/Providers/25-SystemPolicy.ps1;src/WinCare/Core/11-ActionContracts.ps1#Test-WinCareActionContract,"Service/task changes are typed, previewed, journaled, and reversible when prior state is known.",No service deletion or blanket disable list is admitted.,tests/Core.Contracts.Tests.ps1#Versioned action and plan contracts,"Profiles, automation, expert actions",additive; no donor runtime or persistent-state migration,BSD-3-Clause plus embedded resource terms,critical,n/a,high,statically-validated
D02-STRICT-CONFIG,n/a,CG-CONFIGURATION-AND-POLICY-PLANE,D02,Policy,Strict configuration admission and explicit defaults,mechanism or evidence cluster,executable behavior,context-dependent,global.json,b48d6da8fa62c0da7cc8a2da4ea036ac55836660a448ba533135abb5b8451b73,n/a,hardening,many-to-one,hardened,Configuration ideas were fused with target precedence and strict schemas.,Configuration and policy plane,src/WinCare/Core/01-Config.ps1#Test-WinCareConfigObject;src/WinCare/Core/01-Config.ps1#Test-WinCarePolicyObject,"Unknown keys, invalid values, and lower-authority weakening are rejected.",No configuration can enable telemetry or bypass policy.,tests/Core.Contracts.Tests.ps1#Configuration and policy admission,Settings and enterprise policy,additive; no donor runtime or persistent-state migration,BSD-3-Clause plus embedded resource terms,high,n/a,high,statically-validated
D02-SURFACE-ACCOUNTABILITY,n/a,CG-EVIDENCE-ACCOUNTABILITY,D02,Evidence,Repository-wide surface accountability and non-semantic artifacts,repository surface set,evidence/accountability,standalone,LICENSE,05e384531ed3072b07758b6978edfed6ae58908d8a9f2170d379e71c9e448d44,n/a,classification and reference retention,one-to-many,reference-only,"Administrative, generated, media, fixture, and non-selected surfaces remain explicitly accounted for without being copied into the target.",Convergence evidence,docs/convergence/surface-accountability.csv;docs/convergence/adoption-matrix.csv,"Every donor file has a hash, classification, authority status, and semantic disposition link.",File count is not treated as semantic adoption.,tools/validate_convergence.py#surface coverage,Convergence evidence bundle,none,BSD-3-Clause plus embedded resource terms,low,n/a,high,statically-validated
D03-HARDWARE-BYPASS-GUARD,n/a,CG-PROVISIONING-SAFETY,D03,Safety,Hardware-requirement bypass detection and rejection,mechanism or evidence cluster,constraint/negative lesson,context-dependent,README.md,86b43618bbceabcbab6a1abbcbfd23f71e534a948dbd7c1d1de9de591df67325,n/a,negative evidence,negative-to-guardrail,guardrail-derived,Bypass examples inform detection only.,Provisioning safety,src/WinCare/Providers/72-Provisioning.ps1#Get-WinCareUnattendAnalysis;src/WinCare/Core/01-Config.ps1#Get-WinCareDefaultPolicy,"Unsupported hardware bypasses are reported, not generated or applied.",No TPM/CPU/RAM/Secure Boot bypass automation.,tests/Core.Contracts.Tests.ps1#Configuration and policy admission,Unattend risk report,additive; no donor runtime or persistent-state migration,MIT,critical,n/a,high,statically-validated
D03-OEM-KIT,n/a,CG-PROVISIONING-KIT-EXPORTER,D03,Deployment,Reproducible OEM provisioning kit,mechanism or evidence cluster,product/knowledge inspiration,context-dependent,autounattend.xml,1906a0bb362b8f6b33a181a6b3405afbc2dea30cf65671d80ca4a06e6565b25d,n/a,rederivation,idea-to-native,inspired-native,A target-native OEM folder layout and integrity manifest replace embedded donor scripts.,Provisioning kit exporter,src/WinCare/Providers/72-Provisioning.ps1#Export-WinCareProvisioningKit,Every static kit file is hash-bound; apply requires explicit marker files and PowerShell 7.2+.,The kit never downloads prerequisites or silently applies on unsupported hosts.,tests/Providers.Admission.Tests.ps1#Provisioning admission and stage separation,Exported OEM kit,additive; no donor runtime or persistent-state migration,MIT,high,n/a,high,statically-validated
D03-STAGED-PROVISIONING,n/a,CG-PROVISIONING-PLANS,D03,Provisioning,System/user/common provisioning stages,mechanism or evidence cluster,executable behavior,context-dependent,README.md,86b43618bbceabcbab6a1abbcbfd23f71e534a948dbd7c1d1de9de591df67325,n/a,recomposition,many-to-one,recomposed,Pass concepts were translated into target-native System/User plans under one action engine.,Provisioning plans,src/WinCare/Providers/72-Provisioning.ps1#New-WinCareProvisioningPlan,System and user stages remain explicit and share contract/policy validation.,No stage executes without preview and explicit apply authorization.,tests/Providers.Admission.Tests.ps1#Provisioning admission and stage separation,Provisioning screen/headless,additive; no donor runtime or persistent-state migration,MIT,high,n/a,high,statically-validated
D03-SURFACE-ACCOUNTABILITY,n/a,CG-EVIDENCE-ACCOUNTABILITY,D03,Evidence,Repository-wide surface accountability and non-semantic artifacts,repository surface set,evidence/accountability,standalone,README.md,86b43618bbceabcbab6a1abbcbfd23f71e534a948dbd7c1d1de9de591df67325,n/a,classification and reference retention,one-to-many,reference-only,"Administrative, generated, media, fixture, and non-selected surfaces remain explicitly accounted for without being copied into the target.",Convergence evidence,docs/convergence/surface-accountability.csv;docs/convergence/adoption-matrix.csv,"Every donor file has a hash, classification, authority status, and semantic disposition link.",File count is not treated as semantic adoption.,tools/validate_convergence.py#surface coverage,Convergence evidence bundle,none,MIT,low,n/a,high,statically-validated
D03-UNATTEND-ANALYSIS,n/a,CG-PROVISIONING-ANALYSIS,D03,Provisioning,Secure unattend pass/command/risk analysis,mechanism or evidence cluster,executable behavior,context-dependent,autounattend.xml,1906a0bb362b8f6b33a181a6b3405afbc2dea30cf65671d80ca4a06e6565b25d,n/a,reimplementation,one-to-many,adapted,XML parsing was rebuilt with DTD/entity prohibition and explicit risk rules.,Provisioning analysis,src/WinCare/Providers/72-Provisioning.ps1#Get-WinCareUnattendAnalysis,Unattend content is treated as data and never executed during analysis.,"External commands, hardware bypasses, Defender weakening, and boot changes are surfaced as risk.",tests/Providers.Admission.Tests.ps1#Provisioning admission and stage separation,Provisioning screen and headless analysis,additive; no donor runtime or persistent-state migration,MIT,critical,n/a,high,statically-validated
D04-AUDIT-FIRST-GUARD,n/a,CG-WDAC-GOVERNANCE,D04,Safety,Audit-first promotion policy,mechanism or evidence cluster,constraint/negative lesson,context-dependent,Files/SAMPLES/DenyAllAudit.xml,af65ab558d798d40a8ab4a7ec53d1680db689bf3708404637687c9188b6eb992,n/a,guardrail derivation,negative-to-guardrail,guardrail-derived,Operational guidance became a policy gate for enforcement.,WDAC governance,src/WinCare/Core/08-Policy.ps1#Test-WinCareActionPolicy;src/WinCare/Core/01-Config.ps1#Get-WinCareDefaultPolicy,Enforcement requires explicit policy permission and critical-risk approval.,No automatic audit-to-enforced promotion.,tests/Core.Contracts.Tests.ps1#Configuration and policy admission,WDAC warnings and policy,additive; no donor runtime or persistent-state migration,MIT,critical,n/a,high,statically-validated
D04-CI-EVENTS,n/a,CG-SECURITY-DIAGNOSTICS,D04,Diagnostics,Code Integrity operational event review,mechanism or evidence cluster,executable behavior,context-dependent,Files/SAMPLES/DenyAllAudit.xml,af65ab558d798d40a8ab4a7ec53d1680db689bf3708404637687c9188b6eb992,n/a,adaptation,one-to-one,adapted,Event review was exposed as bounded read-only diagnostics.,Security diagnostics,src/WinCare/Providers/76-WDAC.ps1#Get-WinCareCodeIntegrityEvent,Event count/time range are bounded and read-only.,Events do not automatically authorize policy enforcement.,tests/UI.Release.Tests.ps1#UI and headless completeness,WDAC events screen/headless,additive; no donor runtime or persistent-state migration,MIT,medium,n/a,high,statically-validated
D04-SURFACE-ACCOUNTABILITY,n/a,CG-EVIDENCE-ACCOUNTABILITY,D04,Evidence,Repository-wide surface accountability and non-semantic artifacts,repository surface set,evidence/accountability,standalone,LICENSE,00208a7aca4901428323fc20ff7df6124a7b97ca3a1b1340fcc49164c860e461,n/a,classification and reference retention,one-to-many,reference-only,"Administrative, generated, media, fixture, and non-selected surfaces remain explicitly accounted for without being copied into the target.",Convergence evidence,docs/convergence/surface-accountability.csv;docs/convergence/adoption-matrix.csv,"Every donor file has a hash, classification, authority status, and semantic disposition link.",File count is not treated as semantic adoption.,tools/validate_convergence.py#surface coverage,Convergence evidence bundle,none,MIT,low,n/a,high,statically-validated
D04-WDAC-DEPLOYMENT,n/a,CG-WDAC-LIFECYCLE,D04,Security,CiTool-only authenticated deployment/removal,mechanism or evidence cluster,executable behavior,context-dependent,.github/workflows/virustotal.yml,b840894584b79058028903383a0fbe79b57987dc5ed0a0ed4c0a9d1a65a2ef51,n/a,hardening,many-to-one,hardened,Deployment was narrowed to supported CiTool operations with post-verification.,WDAC lifecycle,src/WinCare/Providers/76-WDAC.ps1#Invoke-WinCareWdacDeployAction;src/WinCare/Providers/76-WDAC.ps1#Invoke-WinCareWdacRemoveAction,"Only approved, hash-matching policies reach CiTool; active inventory verifies results.",Direct writes/deletes in CodeIntegrity policy directories are forbidden.,tools/validate_source.py#WDAC direct-write guard,WDAC plan preview and result,additive; no donor runtime or persistent-state migration,MIT,critical,n/a,high,statically-validated
D04-WDAC-VALIDATION,n/a,CG-WDAC-LIFECYCLE,D04,Security,WDAC XML/binary policy identity and audit-mode inspection,mechanism or evidence cluster,executable behavior,context-dependent,Files/SAMPLES/AllowAll.xml,fc0729090dc5b99a5151709c491c9d423e63856ceb76add40104694d25625ed1,n/a,adaptation,one-to-many,adapted,Policy inspection uses secure XML parsing and explicit GUID/hash identity.,WDAC lifecycle,src/WinCare/Providers/76-WDAC.ps1#Test-WinCareWdacPolicy,Policy identity/hash and audit/enforcement mode are known before deployment.,Opaque binary policy names without GUID identity are rejected.,tests/Core.Contracts.Tests.ps1#Versioned action and plan contracts,WDAC screen/headless,additive; no donor runtime or persistent-state migration,MIT,critical,n/a,high,statically-validated
D05-CURATED-PRESETS,n/a,CG-PRESET-ENGINE,D05,Optimization,Curated privacy/performance/gaming/developer presets,mechanism or evidence cluster,executable behavior,context-dependent,README.md,524e34dc903c338fa6c2dbc279b09d440a4ba8991168dee159931b016056ba2a,n/a,synthesis,many-to-one,synthesized,Useful outcomes were retained while unsupported tweaks were removed.,Preset engine,src/WinCare/Data/Catalog/presets.json;src/WinCare/Core/10-Catalog.ps1#New-WinCarePresetPlan,Presets expand to individually visible typed actions.,No preset hides risk or bypasses policy.,"tests/Providers.Admission.Tests.ps1#Catalog, preset, and application profile admission",Profiles and policy,additive; no donor runtime or persistent-state migration,GPL-family; semantics independently rederived,high,n/a,high,statically-validated
D05-PROCESS-TUNING,n/a,CG-PROCESS-DIAGNOSTICS,D05,Performance,Bounded process priority/affinity tuning,mechanism or evidence cluster,executable behavior,context-dependent,README.md,524e34dc903c338fa6c2dbc279b09d440a4ba8991168dee159931b016056ba2a,n/a,hardening,one-to-one,hardened,Only reversible OS-supported process controls were retained.,Process diagnostics,src/WinCare/Providers/55-Internals.ps1#Invoke-WinCareProcessTuningAction,Target process identity/start time is checked before mutation.,"No timer-resolution, scheduler, or undocumented kernel hacks.",tests/Core.Contracts.Tests.ps1#Versioned action and plan contracts,Windows internals screen,additive; no donor runtime or persistent-state migration,GPL-family; semantics independently rederived,high,n/a,high,statically-validated
D05-SURFACE-ACCOUNTABILITY,n/a,CG-EVIDENCE-ACCOUNTABILITY,D05,Evidence,Repository-wide surface accountability and non-semantic artifacts,repository surface set,evidence/accountability,standalone,LICENSE,d0b78d28bcf17179902cc31f43f096c2f4a778aaac1be36a02fcf8e7a78dc456,n/a,classification and reference retention,one-to-many,reference-only,"Administrative, generated, media, fixture, and non-selected surfaces remain explicitly accounted for without being copied into the target.",Convergence evidence,docs/convergence/surface-accountability.csv;docs/convergence/adoption-matrix.csv,"Every donor file has a hash, classification, authority status, and semantic disposition link.",File count is not treated as semantic adoption.,tools/validate_convergence.py#surface coverage,Convergence evidence bundle,none,GPL-family; semantics independently rederived,low,n/a,high,statically-validated
D05-UNSAFE-TWEAK-GUARD,n/a,CG-PERFORMANCE-SAFETY,D05,Safety,"Reject RAM cleaners, timer hacks, service purges, and opaque registry packs",mechanism or evidence cluster,constraint/negative lesson,context-dependent,ET/Program.cs,1e1d2b28b84a8621b41a6b6eb982947ed3cffaf01de899ef70eac22d9046cb42,n/a,negative evidence,negative-to-guardrail,guardrail-derived,High-risk optimizer patterns became product boundaries.,Performance safety,src/WinCare/Data/Knowledge/topics.json;docs/Safety.md,Performance recommendations require measurable supported mechanisms.,"No working-set purge marketed as optimization, prefetch purge, or unbounded registry pack.",tools/validate_source.py#security patterns,Knowledge and policy warnings,additive; no donor runtime or persistent-state migration,GPL-family; semantics independently rederived,critical,n/a,high,statically-validated
D06-EXPLORER-CATALOG,n/a,CG-POLICY-CATALOG,D06,Windows UX,Version-aware Explorer and shell preferences,mechanism or evidence cluster,executable behavior,context-dependent,archive/oldexplorerclean.reg,a920495b213d59aefbccb63dfee44cb87d1c273b013596b25d783859b8e17570,n/a,rederivation,many-to-one,synthesized,Selected supported settings were rebuilt as reversible catalog rules.,Policy catalog,src/WinCare/Data/Catalog/rules.json;src/WinCare/Core/10-Catalog.ps1,Explorer changes include compatibility and prior-state compensation.,No unsupported global shell replacement or opaque registry import.,"tests/Providers.Admission.Tests.ps1#Catalog, preset, and application profile admission",Profiles and shell screens,additive; no donor runtime or persistent-state migration,GPL-family; semantics independently rederived,high,n/a,high,statically-validated
D06-MAINTENANCE-KNOWLEDGE,n/a,CG-KNOWLEDGE-BASE,D06,Knowledge,Cleanup and Windows setup guidance,mechanism or evidence cluster,executable behavior,context-dependent,clean/README.md,1c5a26045c91c7d05f4ba964662f789c4abaadadbe6b9637644835b296b3e29b,n/a,knowledge synthesis,many-to-one,synthesized,"Guidance was normalized into local, explainable troubleshooting topics.",Knowledge base,src/WinCare/Data/Knowledge/topics.json;src/WinCare/Providers/82-Knowledge.ps1,"Advice separates safe, review, sensitive, and expert operations.",Documentation never becomes executable authority.,tests/UI.Release.Tests.ps1#UI and headless completeness,Troubleshooting knowledge,additive; no donor runtime or persistent-state migration,GPL-family; semantics independently rederived,low,n/a,high,statically-validated
D06-REGISTRY-GUARD,n/a,CG-CATALOG-ADMISSION,D06,Safety,Reject blind registry imports and build-agnostic tweaks,mechanism or evidence cluster,constraint/negative lesson,context-dependent,archive/windows_tweaker.reg,0ad477b1d82055bdbe3860f608849637dcdc64fa74fe6066ca28730fbe663523,n/a,negative evidence,negative-to-guardrail,guardrail-derived,Broad scripts motivated strict schemas and build compatibility.,Catalog admission,src/WinCare/Core/10-Catalog.ps1#Test-WinCareCatalogRule;src/WinCare/Core/11-ActionContracts.ps1,Every registry write has an exact key/value/type and risk floor.,No .reg bulk import or unknown key execution.,"tests/Providers.Admission.Tests.ps1#Catalog, preset, and application profile admission",Catalog loader,additive; no donor runtime or persistent-state migration,GPL-family; semantics independently rederived,critical,n/a,high,statically-validated
D06-SURFACE-ACCOUNTABILITY,n/a,CG-EVIDENCE-ACCOUNTABILITY,D06,Evidence,Repository-wide surface accountability and non-semantic artifacts,repository surface set,evidence/accountability,standalone,LICENSE,92b036cd9e2b5216d40a0296f0ba7b1d258ba55f67b92cba912f020df6e1daca,n/a,classification and reference retention,one-to-many,reference-only,"Administrative, generated, media, fixture, and non-selected surfaces remain explicitly accounted for without being copied into the target.",Convergence evidence,docs/convergence/surface-accountability.csv;docs/convergence/adoption-matrix.csv,"Every donor file has a hash, classification, authority status, and semantic disposition link.",File count is not treated as semantic adoption.,tools/validate_convergence.py#surface coverage,Convergence evidence bundle,none,GPL-family; semantics independently rederived,low,n/a,high,statically-validated
D07-APPCONTAINER,n/a,CG-APPLICATION-ISOLATION-DIAGNOSTICS,D07,Security,AppContainer capabilities inventory,mechanism or evidence cluster,executable behavior,context-dependent,README.md,2c747b8e8b58ae7f7bea040eb2b18ea88d65363a41da5366548fbf13e3533a5d,n/a,adaptation,one-to-one,adapted,Package capability inspection was mapped to supported package APIs.,Application isolation diagnostics,src/WinCare/Providers/55-Internals.ps1#Get-WinCareAppContainerCapability,Capabilities are read-only evidence tied to package identity.,No capability is granted or removed by diagnostics.,tests/UI.Release.Tests.ps1#UI and headless completeness,Windows internals/headless,additive; no donor runtime or persistent-state migration,MIT,medium,n/a,high,statically-validated
D07-CPU-TOPOLOGY,n/a,CG-HARDWARE-DIAGNOSTICS,D07,Diagnostics,Processor topology and logical CPU evidence,mechanism or evidence cluster,executable behavior,context-dependent,CpuSet/stdafx.h,b83a32ac9c66a2751be8e312fb6c6355f9e3a28174812631f68625143f38b25a,n/a,adaptation,one-to-one,adapted,Topology concepts were implemented through supported CIM/runtime APIs.,Hardware diagnostics,src/WinCare/Providers/55-Internals.ps1#Get-WinCareProcessorTopology,Reported topology distinguishes logical and physical evidence.,No scheduler manipulation follows automatically.,tests/UI.Release.Tests.ps1#UI and headless completeness,Windows internals screen,additive; no donor runtime or persistent-state migration,MIT,low,n/a,high,statically-validated
D07-CREDENTIAL-PROVIDERS,n/a,CG-SECURITY-DIAGNOSTICS,D07,Security,Credential-provider and binary-signature inventory,mechanism or evidence cluster,executable behavior,context-dependent,README.md,2c747b8e8b58ae7f7bea040eb2b18ea88d65363a41da5366548fbf13e3533a5d,n/a,hardening,one-to-one,hardened,Registration inspection adds signer/path evidence without modifying logon.,Security diagnostics,src/WinCare/Providers/55-Internals.ps1#Get-WinCareCredentialProvider,Provider registration is read-only and signatures are reported separately.,No credential-provider enable/disable operation is exposed.,tests/UI.Release.Tests.ps1#UI and headless completeness,Windows internals/security,additive; no donor runtime or persistent-state migration,MIT,high,n/a,high,statically-validated
D07-KERNEL-GUARD,n/a,CG-DIAGNOSTICS-SAFETY,D07,Safety,Exclude direct kernel/native mutation and unsafe stress,mechanism or evidence cluster,constraint/negative lesson,context-dependent,CPUSTRES/CPUStressEx.h,51f969dede754b9c645445dbd50b85dc5451c5d5c4c0f9c9e7ac3ce654744170,n/a,negative evidence,negative-to-guardrail,guardrail-derived,Internals samples informed bounded diagnostics but not privileged kernel mutation.,Diagnostics safety,src/WinCare/Providers/55-Internals.ps1;docs/Safety.md,Stress diagnostics are bounded and cancellable.,"No driver injection, arbitrary memory write, or kernel hook.",tools/validate_source.py#security patterns,Safety documentation,additive; no donor runtime or persistent-state migration,MIT,critical,n/a,high,statically-validated
D07-PROCESS-INTERNALS,n/a,CG-WINDOWS-INTERNALS-DIAGNOSTICS,D07,Diagnostics,"Bounded process, memory, handle, and signature inventory",mechanism or evidence cluster,executable behavior,context-dependent,README.md,2c747b8e8b58ae7f7bea040eb2b18ea88d65363a41da5366548fbf13e3533a5d,n/a,adaptation,one-to-many,adapted,Internals observations were exposed through bounded PowerShell/CIM diagnostics.,Windows internals diagnostics,src/WinCare/Providers/55-Internals.ps1#Get-WinCareProcessInternals;src/WinCare/Providers/55-Internals.ps1#Get-WinCareMemoryInternals,"Collection is bounded, read-only, and failure-isolated.",Diagnostics never imply malware verdicts or authorization.,tests/UI.Release.Tests.ps1#UI and headless completeness,Windows internals screen/headless,additive; no donor runtime or persistent-state migration,MIT,medium,n/a,high,statically-validated
D07-SURFACE-ACCOUNTABILITY,n/a,CG-EVIDENCE-ACCOUNTABILITY,D07,Evidence,Repository-wide surface accountability and non-semantic artifacts,repository surface set,evidence/accountability,standalone,LICENSE,11871dcdb203cdbcc25146187649df1a40e8e9a0df60d03e402b42d1dfb722b6,n/a,classification and reference retention,one-to-many,reference-only,"Administrative, generated, media, fixture, and non-selected surfaces remain explicitly accounted for without being copied into the target.",Convergence evidence,docs/convergence/surface-accountability.csv;docs/convergence/adoption-matrix.csv,"Every donor file has a hash, classification, authority status, and semantic disposition link.",File count is not treated as semantic adoption.,tools/validate_convergence.py#surface coverage,Convergence evidence bundle,none,MIT,low,n/a,high,statically-validated
D08-BLANKET-DISABLE-GUARD,n/a,CG-POLICY-SAFETY,D08,Safety,Reject blanket service/task/network maintenance,mechanism or evidence cluster,constraint/negative lesson,context-dependent,Scripts/DisableMSOnline.ps1,647464648ad53bd1d651b41219329e8984cf31f7b66750906408d6177e279b49,n/a,negative evidence,negative-to-guardrail,guardrail-derived,Broad maintenance patterns became narrow action contracts and denied defaults.,Policy safety,src/WinCare/Core/11-ActionContracts.ps1;src/WinCare/Core/01-Config.ps1,"Only named, typed, approved targets can change.",No generic maintenance script execution.,tests/Core.Contracts.Tests.ps1#Versioned action and plan contracts,Policy and previews,additive; no donor runtime or persistent-state migration,GPL-family; semantics independently rederived,critical,n/a,high,statically-validated
D08-MAINTENANCE-ORCHESTRATION,n/a,CG-TRANSACTION-AND-AUTOMATION-PLANE,D08,Automation,Preview/apply/verify maintenance orchestration,mechanism or evidence cluster,executable behavior,context-dependent,RunMaintenance.bat,238b2b541589dc65579dea95d0d218ddfe96842f53510aa22bc18d65243c0595,n/a,recomposition,many-to-one,recomposed,Maintenance flows were fused into the target transaction and automation engines.,Transaction and automation plane,src/WinCare/Core/09-Transactions.ps1#Invoke-WinCarePlan;src/WinCare/Providers/88-Automation.ps1#Invoke-WinCareAutomationProfile,"Every mutation follows plan, policy, journal, verification, and recovery.",Scheduled work cannot silently elevate or exceed policy.,tests/Core.Contracts.Tests.ps1#Versioned action and plan contracts;tests/Providers.Admission.Tests.ps1#Automation profile admission,"Quick actions, automation, all modifying screens",additive; no donor runtime or persistent-state migration,GPL-family; semantics independently rederived,critical,n/a,high,statically-validated
D08-NETWORK-TWEAKS,D08-BLANKET-DISABLE-GUARD,C55-MEASURED-NETWORK,D08,network,TCP global tweaks converted into measured one-variable experiments,script,executable behavior,context-dependent,Scripts/SystemOptimisation.ps1,5cfdc0a42479aa601e087e27a3d9d0c03f0f83b1096245d81384adac79fdf307,netsh TCP global mutations,hardening,many-to-one,hardened,"The donor provides concrete TCP tuning candidates but no comparable baseline or rollback oracle. WinCare restricts mutation to documented netsh tokens, changes one variable, measures DNS/ICMP/TCP success and latency before and after, and automatically restores regressions.",Measured network experiments,src/WinCare/Providers/92-NetworkExperiments.ps1#New-WinCareNetworkExperimentPlan;src/WinCare/Providers/92-NetworkExperiments.ps1#Invoke-WinCareRunNetworkExperimentAction;src/WinCare/Core/08-Policy.ps1#Test-WinCareActionPolicy,"Every accepted network change has a declared baseline, acceptance threshold, authenticated result, and exact compensator.",No undocumented Registry network tweak or unmeasured bulk preset is executable.,tests/Expert.Convergence.Tests.ps1#allows only documented TCP global tokens and measures before mutation,Expert laboratory > Measured network experiments,Adds protected experiment history; no migration of current TCP settings.,technical convergence requested; provenance retained,high,D08-BLANKET-DISABLE-GUARD;D25-NETWORK-EXPORTER-GUARDRAIL,high,statically-validated
D08-PAGEFILE-EXPERIMENT,D08-BLANKET-DISABLE-GUARD,C54-GOVERNED-MEMORY,D08,memory,Page-file changes as explicit reversible experiments,script,operational practice,context-dependent,Scripts/SystemOptimisation.ps1,5cfdc0a42479aa601e087e27a3d9d0c03f0f83b1096245d81384adac79fdf307,paging-file and memory optimization commands,hardening,many-to-one,hardened,"The donor exposes concrete paging mutations but applies them as universal optimization. WinCare retains explicit page-file control while replacing folklore with current-state evidence, crash-dump compatibility, exact preview hashes, restart disclosure, policy gates, and executable rollback.",Governed page-file management,src/WinCare/Providers/56-MemoryManagement.ps1#New-WinCarePageFilePlan;src/WinCare/Core/11-ActionContracts.ps1#SetPageFileConfiguration;src/WinCare/Core/08-Policy.ps1#Test-WinCareActionPolicy;src/WinCare/UI/Screens/91-ExpertLab.ps1#Show-WinCarePageFileExpertScreen,"Paging mutations are explicit, bounded, verified, restart-aware, and reversible.",No RAM-size formula or generic optimizer may silently disable or resize paging.,tests/Expert.Convergence.Tests.ps1#admits only bounded page-file records,Expert laboratory > Page-file management,Adds schema-v5 settings and action contracts without replacing existing state.,technical convergence requested; provenance retained,high,D08-BLANKET-DISABLE-GUARD;D07-PROCESS-INTERNALS,high,statically-validated
D08-REPAIR-WORKFLOWS,n/a,CG-WINDOWS-HEALTH,D08,Health,Repair-first DISM/SFC/CHKDSK workflows,mechanism or evidence cluster,executable behavior,context-dependent,Scripts/windowsrepairvolume.ps1,8b14250bd222bd7401e214f96ff5fdc50e51d419e5f9cd4135f73072ce41acaf,n/a,adaptation,many-to-one,adapted,"Native health commands were typed, timeout-bounded, and separated from checks.",Windows health,src/WinCare/Providers/50-Health.ps1,Checks and repairs have distinct risk and privilege requirements.,"Unrelated failures are reported, not remediated broadly.",tests/Core.Contracts.Tests.ps1#Versioned action and plan contracts,Windows health screen,additive; no donor runtime or persistent-state migration,GPL-family; semantics independently rederived,high,n/a,high,statically-validated
D08-ROLLBACK-MODEL,n/a,CG-RECOVERY-PLANE,D08,Recovery,Apply/revert concepts expanded to compensators and hash-chained journals,mechanism or evidence cluster,executable behavior,context-dependent,Scripts/Revert-GenericNoOp.ps1,65412e04bf41c3cb235d72c5d27b17f0737f49cb6215b390ee1ccca0e7a4468d,n/a,hardening,many-to-one,hardened,Revert semantics were generalized into per-action compensation and authenticated receipts.,Recovery plane,src/WinCare/Core/09-Transactions.ps1;src/WinCare/Providers/85-Recovery.ps1,Undo derives only from integrity-verified successful journals.,No best-effort guessed undo from current state.,tests/Safety.Recovery.Tests.ps1#Filesystem confinement and integrity,Recovery and undo,additive; no donor runtime or persistent-state migration,GPL-family; semantics independently rederived,critical,n/a,high,statically-validated
D08-SURFACE-ACCOUNTABILITY,n/a,CG-EVIDENCE-ACCOUNTABILITY,D08,Evidence,Repository-wide surface accountability and non-semantic artifacts,repository surface set,evidence/accountability,standalone,LICENSE,3972dc9744f6499f0f9b2dbf76696f2ae7ad8af9b23dde66d6af86c9dfb36986,n/a,classification and reference retention,one-to-many,reference-only,"Administrative, generated, media, fixture, and non-selected surfaces remain explicitly accounted for without being copied into the target.",Convergence evidence,docs/convergence/surface-accountability.csv;docs/convergence/adoption-matrix.csv,"Every donor file has a hash, classification, authority status, and semantic disposition link.",File count is not treated as semantic adoption.,tools/validate_convergence.py#surface coverage,Convergence evidence bundle,none,GPL-family; semantics independently rederived,low,n/a,high,statically-validated
D09-DECLARATIVE-RESOURCES,n/a,CG-ACTION-CONTRACTS-AND-CATALOG,D09,Desired state,Declarative resource schema and idempotency,mechanism or evidence cluster,executable behavior,context-dependent,resources/dns.rb,5b3048eeee029d37227d80a7c3f8f052a28918a04a226bd867e649d70a6b52b1,n/a,adaptation,many-to-one,adapted,Desired-state semantics were applied to catalog/actions without importing a parallel DSC engine.,Action contracts and catalog,src/WinCare/Core/11-ActionContracts.ps1;src/WinCare/Core/10-Catalog.ps1,"Desired state is explicit, versioned, and idempotency requires verified postconditions.",Idempotency receipts alone never prove current state.,tests/Core.Contracts.Tests.ps1#Versioned action and plan contracts,"Catalog, provisioning, automation",additive; no donor runtime or persistent-state migration,Apache-2.0,high,n/a,high,statically-validated
D09-INTEGRATION-TESTING,n/a,CG-QUALITY-ENGINEERING,D09,Validation,Resource integration and idempotency test patterns,mechanism or evidence cluster,product/knowledge inspiration,context-dependent,test/integration/http_acl/http_acl_spec.rb,ccde1bd5f5d485bbde3b728b79be57a8fb63ea1fba818ebc73cb44fde743e532,n/a,oracle extraction,one-to-many,extracted,"Test organization informed contract, admission, and recovery suites.",Quality engineering,tests/Core.Contracts.Tests.ps1;tests/Providers.Admission.Tests.ps1;tests/SupplyChain.Protocol.Tests.ps1,Every donor-derived plane has positive and negative admission tests.,Smoke tests are not claimed as semantic completeness.,tools/Invoke-StaticChecks.ps1,CI and test suite,additive; no donor runtime or persistent-state migration,Apache-2.0,medium,n/a,high,statically-validated
D09-SINGLE-AUTHORITY,n/a,CG-TRANSACTION-PLANE,D09,Architecture,One authoritative write path for desired state,mechanism or evidence cluster,executable behavior,context-dependent,resources/dns.rb,5b3048eeee029d37227d80a7c3f8f052a28918a04a226bd867e649d70a6b52b1,n/a,architectural synthesis,many-to-one,synthesized,All donor-derived mutations route through Invoke-WinCarePlan.,Transaction plane,src/WinCare/Core/09-Transactions.ps1#Invoke-WinCarePlan,Providers cannot bypass contract/policy/journal routing for exposed operations.,UI state and declarative files are non-authoritative.,tests/Core.Contracts.Tests.ps1#Versioned action and plan contracts,All operator surfaces,additive; no donor runtime or persistent-state migration,Apache-2.0,critical,n/a,high,statically-validated
D09-SURFACE-ACCOUNTABILITY,n/a,CG-EVIDENCE-ACCOUNTABILITY,D09,Evidence,Repository-wide surface accountability and non-semantic artifacts,repository surface set,evidence/accountability,standalone,LICENSE,c6596eb7be8581c18be736c846fb9173b69eccf6ef94c5135893ec56bd92ba08,n/a,classification and reference retention,one-to-many,reference-only,"Administrative, generated, media, fixture, and non-selected surfaces remain explicitly accounted for without being copied into the target.",Convergence evidence,docs/convergence/surface-accountability.csv;docs/convergence/adoption-matrix.csv,"Every donor file has a hash, classification, authority status, and semantic disposition link.",File count is not treated as semantic adoption.,tools/validate_convergence.py#surface coverage,Convergence evidence bundle,none,Apache-2.0,low,n/a,high,statically-validated
D10-COMMAND-BAR,n/a,CG-TUI-NAVIGATION,D10,UX,Command palette and compact quick navigation,mechanism or evidence cluster,product/knowledge inspiration,context-dependent,src/Winotch/CommandBarSettings.cs,eb486e48171c4607b206d5fe60e0a810373fda690c6dda3a8fbd2006be7e9197,n/a,inspiration,idea-to-native,inspired-native,Desktop command-bar outcomes became a keyboard-first TUI command palette.,TUI navigation,src/WinCare/UI/97-CommandPalette.ps1;src/WinCare/UI/99-Main.ps1,Every palette item resolves to a real workspace.,No dead or decorative commands.,tests/UI.Release.Tests.ps1#UI and headless completeness,Ctrl+P command palette,additive; no donor runtime or persistent-state migration,Unknown/custom; semantics independently rederived,low,n/a,medium,statically-validated
D10-DESKTOP-CONTROLS,n/a,CG-DESKTOP-CONTROLS,D10,Desktop UX,"Volume, mute, brightness, Wi-Fi, clipboard quick controls",mechanism or evidence cluster,executable behavior,context-dependent,src/Winotch/WifiService.cs,8bb698b3b0c10181abd87459afa18ff3fd22a18bc5ed61d4bdf0c46603845a91,n/a,reimplementation,many-to-one,adapted,Useful controls were reimplemented with supported Windows APIs and typed actions.,Desktop controls,src/WinCare/Providers/35-DesktopControls.ps1;src/WinCare/Native/WinCare.Audio.cs,Controls are capability-aware and bounded.,Clipboard clear never reads or transmits clipboard content.,tests/UI.Release.Tests.ps1#UI and headless completeness,Desktop controls screen/headless,additive; no donor runtime or persistent-state migration,Unknown/custom; semantics independently rederived,high,n/a,medium,statically-validated
D10-LAZY-SAMPLING,n/a,CG-RESPONSIVE-DIAGNOSTICS,D10,Performance,"Lazy, bounded, refresh-on-demand diagnostics",mechanism or evidence cluster,product/knowledge inspiration,context-dependent,src/Winotch/FocusTimerState.cs,3186c727fe2becd73182d00c765ec5edce88b3b55f80a9e2e40adbb3d919abf5,n/a,inspiration,many-to-many,inspired-native,Desktop sampling patterns informed cache/refresh boundaries in multiple providers.,Responsive diagnostics,src/WinCare/Providers/55-Internals.ps1;src/WinCare/Providers/10-Applications.ps1,"Expensive scans are bounded, cached, and explicitly refreshable.",No permanent background sampler or hidden process.,tests/UI.Release.Tests.ps1#UI and headless completeness,TUI lists and refresh actions,additive; no donor runtime or persistent-state migration,Unknown/custom; semantics independently rederived,medium,n/a,medium,statically-validated
D10-NO-TELEMETRY,n/a,CG-PRIVACY-BOUNDARY,D10,Privacy,Local-only operation and no analytics,mechanism or evidence cluster,constraint/negative lesson,context-dependent,README.md,b48299b69710c8873673f431ad0644b6cbfa56aed3873a05840ae67f89fbe8d4,n/a,guardrail derivation,negative-to-guardrail,guardrail-derived,The target deliberately rejects telemetry configuration and network analytics.,Privacy boundary,src/WinCare/Core/01-Config.ps1#Test-WinCareConfigObject;tools/validate_source.py,Telemetry remains fixed to Disabled.,"No analytics endpoint, identifier, or event emission.",tests/Core.Contracts.Tests.ps1#Configuration and policy admission,Settings and documentation,additive; no donor runtime or persistent-state migration,Unknown/custom; semantics independently rederived,high,n/a,medium,statically-validated
D10-SETTINGS-RECOVERY,n/a,CG-CONFIGURATION-PLANE,D10,Reliability,Corrupt settings quarantine and safe defaults,mechanism or evidence cluster,executable behavior,context-dependent,src/Winotch/ShelfSettings.cs,5f74dfcd696bf324fb6a8c71a2d531023f3cd5bf8cc712a9accd658bbe8a070d,n/a,adaptation,one-to-one,adapted,Settings recovery preserves corrupt evidence and restores validated defaults.,Configuration plane,src/WinCare/Core/01-Config.ps1#Initialize-WinCareState,Invalid settings never partially load.,Corrupt files are not silently overwritten without preservation.,tests/Core.Contracts.Tests.ps1#Configuration and policy admission,Startup and settings,additive; no donor runtime or persistent-state migration,Unknown/custom; semantics independently rederived,high,n/a,medium,statically-validated
D10-SURFACE-ACCOUNTABILITY,n/a,CG-EVIDENCE-ACCOUNTABILITY,D10,Evidence,Repository-wide surface accountability and non-semantic artifacts,repository surface set,evidence/accountability,standalone,LICENSE,5b981ada823fb67c844ddd8c454f9c0cdc80ef78a4bcf06c22cbf40e632686f8,n/a,classification and reference retention,one-to-many,reference-only,"Administrative, generated, media, fixture, and non-selected surfaces remain explicitly accounted for without being copied into the target.",Convergence evidence,docs/convergence/surface-accountability.csv;docs/convergence/adoption-matrix.csv,"Every donor file has a hash, classification, authority status, and semantic disposition link.",File count is not treated as semantic adoption.,tools/validate_convergence.py#surface coverage,Convergence evidence bundle,none,Unknown/custom; semantics independently rederived,low,n/a,high,statically-validated
D11-DESKTOP-SCAN,n/a,CG-DESKTOP-DIAGNOSTICS,D11,Desktop UX,Desktop shortcut inventory and organization,mechanism or evidence cluster,product/knowledge inspiration,context-dependent,main.cpp,639b6d5353142c65145013f71b01498c92f83d721125e291eda934dc37aac9df,n/a,independent rederivation,idea-to-native,inspired-native,Desktop organization concepts became read-only shortcut inventory.,Desktop diagnostics,src/WinCare/Providers/79-Shell.ps1#Get-WinCareDesktopShortcut,Shortcut targets are inspected without execution.,No automatic deletion or relocation of user shortcuts.,tests/UI.Release.Tests.ps1#UI and headless completeness,Shell and desktop screen,additive; no donor runtime or persistent-state migration,No license detected; ideas/guardrails only,medium,n/a,medium,statically-validated
D11-LAYOUT-IDEAS,n/a,CG-TUI-DESIGN,D11,UX,Theme/layout ideas for operator surfaces,mechanism or evidence cluster,product/knowledge inspiration,context-dependent,style.h,f2c14a278da85e798f7a230c8111d42c63ce0f3845253e5856b245cd45fb037d,n/a,inspiration,idea-to-native,reference-only,No source was copied; visual hierarchy informed terminal grouping only.,TUI design,src/WinCare/UI/00-Console.ps1;src/WinCare/UI/01-Controls.ps1,Terminal rendering remains accessible and capability-aware.,No license-uncertain code or assets are shipped.,tests/UI.Release.Tests.ps1#UI and headless completeness,TUI visual hierarchy,additive; no donor runtime or persistent-state migration,No license detected; ideas/guardrails only,low,n/a,medium,statically-validated
D11-SHELL-UX,n/a,CG-SHELL-MANAGEMENT,D11,Shell,Context-menu and shell registration inventory/control,mechanism or evidence cluster,product/knowledge inspiration,context-dependent,ContextMenu/shellitem.h,6acca48215a39d101406d12c725aad7833d55de8db6426fc83552e5e675ef949,n/a,independent rederivation,idea-to-native,inspired-native,Unlicensed shell ideas were independently implemented through typed registry actions.,Shell management,src/WinCare/Providers/79-Shell.ps1,Only scoped Software\Classes registrations are exposed and prior state is preserved.,No DLL injection or Explorer replacement.,tests/Core.Contracts.Tests.ps1#Versioned action and plan contracts,Shell and desktop screen,additive; no donor runtime or persistent-state migration,No license detected; ideas/guardrails only,high,n/a,medium,statically-validated
D11-SURFACE-ACCOUNTABILITY,n/a,CG-EVIDENCE-ACCOUNTABILITY,D11,Evidence,Repository-wide surface accountability and non-semantic artifacts,repository surface set,evidence/accountability,standalone,README.md,837c362996b17c4d0ea29038a4662cd26608b4f024ed4b84d8d7044adee00d21,n/a,classification and reference retention,one-to-many,reference-only,"Administrative, generated, media, fixture, and non-selected surfaces remain explicitly accounted for without being copied into the target.",Convergence evidence,docs/convergence/surface-accountability.csv;docs/convergence/adoption-matrix.csv,"Every donor file has a hash, classification, authority status, and semantic disposition link.",File count is not treated as semantic adoption.,tools/validate_convergence.py#surface coverage,Convergence evidence bundle,none,No license detected; ideas/guardrails only,low,n/a,high,statically-validated
D12-BROAD-SCRIPT-GUARD,n/a,CG-TRANSACTION-PLANE,D12,Safety,Reject monolithic privacy/debloat scripts,mechanism or evidence cluster,constraint/negative lesson,context-dependent,windows_10/disable-tasks.ps1,01de000a1544bd6da2475d23434e3e157b20dad05d1d48a52d910aeb4d0b4a53,n/a,negative evidence,negative-to-guardrail,guardrail-derived,Monolithic scripts motivated granular plans and per-action receipts.,Transaction plane,src/WinCare/Core/09-Transactions.ps1;src/WinCare/Core/11-ActionContracts.ps1,"Every side effect has independent identity, risk, and result.",No pasted donor script is executed or embedded.,tools/validate_source.py#security patterns,Operation preview,additive; no donor runtime or persistent-state migration,No license detected; ideas/guardrails only,critical,n/a,medium,statically-validated
D12-PRIVACY-REFERENCE,n/a,CG-KNOWLEDGE-AND-CATALOG-REVIEW,D12,Policy,Privacy/OneDrive/update script knowledge,mechanism or evidence cluster,product/knowledge inspiration,context-dependent,tweaks/rem_spy_updates.cmd,05ce77eeaa1741afbc1a8334c7d9ceacdc89d9d872209874d9d4d09cf6291129,n/a,independent synthesis,idea-to-native,reference-only,Unlicensed scripts were used only as a checklist against supported policy surfaces.,Knowledge and catalog review,src/WinCare/Data/Knowledge/topics.json;src/WinCare/Data/Catalog/rules.json,Only independently verified supported settings enter the catalog.,"No source text, bulk script, or undocumented command is included.","tests/Providers.Admission.Tests.ps1#Catalog, preset, and application profile admission",Knowledge and profiles,additive; no donor runtime or persistent-state migration,No license detected; ideas/guardrails only,medium,n/a,medium,statically-validated
D12-SURFACE-ACCOUNTABILITY,n/a,CG-EVIDENCE-ACCOUNTABILITY,D12,Evidence,Repository-wide surface accountability and non-semantic artifacts,repository surface set,evidence/accountability,standalone,README.md,10b0c5afab2c24b43c67c5218596d79760c89861537a7f5d7bd2a90688eda7d4,n/a,classification and reference retention,one-to-many,reference-only,"Administrative, generated, media, fixture, and non-selected surfaces remain explicitly accounted for without being copied into the target.",Convergence evidence,docs/convergence/surface-accountability.csv;docs/convergence/adoption-matrix.csv,"Every donor file has a hash, classification, authority status, and semantic disposition link.",File count is not treated as semantic adoption.,tools/validate_convergence.py#surface coverage,Convergence evidence bundle,none,No license detected; ideas/guardrails only,low,n/a,high,statically-validated
D13-BROKER-PROTOCOL,n/a,CG-LOCAL-BROKER,D13,IPC,Authenticated request envelopes and local channel identity,mechanism or evidence cluster,executable behavior,context-dependent,src/socket.ts,77c0cb7cfaa0eba903361c4f46e68edb52ba264c20cb0274ce2891245b0f6b5d,n/a,hardening,many-to-one,hardened,Broker ideas were narrowed to current-user named pipes and read-only commands.,Local broker,src/WinCare/Providers/89-Broker.ps1#Start-WinCareLocalBroker;src/WinCare/Providers/89-Broker.ps1#Invoke-WinCareBrokerRequest,"Requests are HMAC-authenticated, expiring, replay-protected, size-bounded, and allowlisted.",No remote network listener or modifying broker command.,tests/SupplyChain.Protocol.Tests.ps1#Authenticated local broker protocol,Optional local read-only broker,additive; no donor runtime or persistent-state migration,MIT,critical,n/a,high,statically-validated
D13-CHUNKED-RESULTS,n/a,CG-LOCAL-BROKER-PROTOCOL,D13,IPC,Sequenced authenticated chunk events,mechanism or evidence cluster,executable behavior,context-dependent,.mcp.json,902d480854763d29ef142f7c563dd2da06f4219040a385cc7405a72810eba99d,n/a,adaptation,many-to-one,adapted,Chunking/progress semantics were implemented with signed ordered events.,Local broker protocol,src/WinCare/Providers/89-Broker.ps1#New-WinCareBrokerResponseEvent,"All response events bind request ID, sequence, channel, timestamp, and data.","Missing, reordered, oversized, or unsigned chunks fail closed.",tests/SupplyChain.Protocol.Tests.ps1#Authenticated local broker protocol,Broker clients,additive; no donor runtime or persistent-state migration,MIT,high,n/a,high,statically-validated
D13-SECRET-GUARD,n/a,CG-SUPPLY-CHAIN-SAFETY,D13,Security,Hardcoded analytics/secret negative lesson,mechanism or evidence cluster,constraint/negative lesson,context-dependent,.mcp.json,902d480854763d29ef142f7c563dd2da06f4219040a385cc7405a72810eba99d,n/a,negative evidence,negative-to-guardrail,guardrail-derived,Observed secret/analytics risk became static checks and no-telemetry policy.,Supply-chain safety,tools/validate_source.py;src/WinCare/Core/01-Config.ps1,Secrets are rejected from automation and redacted from reports.,"No hardcoded token, analytics key, or remote telemetry.",tests/Providers.Admission.Tests.ps1#Automation profile admission,CI and settings,additive; no donor runtime or persistent-state migration,MIT,critical,n/a,high,statically-validated
D13-SURFACE-ACCOUNTABILITY,n/a,CG-EVIDENCE-ACCOUNTABILITY,D13,Evidence,Repository-wide surface accountability and non-semantic artifacts,repository surface set,evidence/accountability,standalone,LICENSE,4381826279ec9bec074481549644fc5fb58e037b87813e085f06e15e82deb1f7,n/a,classification and reference retention,one-to-many,reference-only,"Administrative, generated, media, fixture, and non-selected surfaces remain explicitly accounted for without being copied into the target.",Convergence evidence,docs/convergence/surface-accountability.csv;docs/convergence/adoption-matrix.csv,"Every donor file has a hash, classification, authority status, and semantic disposition link.",File count is not treated as semantic adoption.,tools/validate_convergence.py#surface coverage,Convergence evidence bundle,none,MIT,low,n/a,high,statically-validated
D14-DEVELOPER-PROFILE,n/a,CG-DEVELOPER-PRESET,D14,Developer UX,Developer/WSL feature profile,mechanism or evidence cluster,product/knowledge inspiration,context-dependent,README.md,ea39a4f8b90db9f62f8b060e3d1edcd66353e3a9d8bdddd0c8df9f51de1d4daa,n/a,independent rederivation,idea-to-native,inspired-native,Desired outcomes were mapped to supported optional features/capabilities.,Developer preset,src/WinCare/Data/Catalog/presets.json;src/WinCare/Data/Catalog/rules.json,"Feature changes are compatibility-checked, previewed, and restart-aware.",No unsupported VM/firmware bypass.,"tests/Providers.Admission.Tests.ps1#Catalog, preset, and application profile admission",Developer profile,additive; no donor runtime or persistent-state migration,No license detected; knowledge independently summarized,high,n/a,medium,statically-validated
D14-KNOWLEDGE-SYNTHESIS,n/a,CG-KNOWLEDGE-BASE,D14,Knowledge,Windows 11 setup/security/developer/gaming/recovery guidance,mechanism or evidence cluster,executable behavior,context-dependent,Security Glossary.md,7df9891edae11d3f8a92a76869ae88285b44271cbbb6a35d1f93e405b5d65340,n/a,independent summary,many-to-one,synthesized,Unlicensed guide content was independently summarized into outcome-oriented local topics.,Knowledge base,src/WinCare/Data/Knowledge/topics.json;src/WinCare/Providers/82-Knowledge.ps1,Knowledge entries are non-executable and source-recorded.,Advice does not become authority or silently apply changes.,tests/UI.Release.Tests.ps1#UI and headless completeness,Troubleshooting knowledge,additive; no donor runtime or persistent-state migration,No license detected; knowledge independently summarized,low,n/a,medium,statically-validated
D14-SURFACE-ACCOUNTABILITY,n/a,CG-EVIDENCE-ACCOUNTABILITY,D14,Evidence,Repository-wide surface accountability and non-semantic artifacts,repository surface set,evidence/accountability,standalone,README.md,ea39a4f8b90db9f62f8b060e3d1edcd66353e3a9d8bdddd0c8df9f51de1d4daa,n/a,classification and reference retention,one-to-many,reference-only,"Administrative, generated, media, fixture, and non-selected surfaces remain explicitly accounted for without being copied into the target.",Convergence evidence,docs/convergence/surface-accountability.csv;docs/convergence/adoption-matrix.csv,"Every donor file has a hash, classification, authority status, and semantic disposition link.",File count is not treated as semantic adoption.,tools/validate_convergence.py#surface coverage,Convergence evidence bundle,none,No license detected; knowledge independently summarized,low,n/a,high,statically-validated
D15-BCD-DIAGNOSTICS,n/a,CG-BOOT-DIAGNOSTICS,D15,Boot,BCD export and WinRE/Secure Boot diagnostics,mechanism or evidence cluster,product/knowledge inspiration,context-dependent,src/boot.cpp,c6922a3f3f7ba8b1b66500c261db58c47e8aa659b757a050e60c6ae846b46b74,n/a,independent rederivation,idea-to-native,inspired-native,Unlicensed boot project contributed diagnostics and backup requirements only.,Boot diagnostics,src/WinCare/Providers/78-Boot.ps1#Get-WinCareBootDiagnostics;src/WinCare/Providers/78-Boot.ps1#Invoke-WinCareBcdExportAction,"BCD export is explicit, administrator-only, non-overwriting, and hash-recorded.","No BCD mutation, raw disk write, or bootloader replacement.",tests/Core.Contracts.Tests.ps1#Versioned action and plan contracts,Boot and recovery screen,additive; no donor runtime or persistent-state migration,No license detected; guardrails/ideas only,critical,n/a,medium,statically-validated
D15-BOOTLOADER-GUARD,n/a,CG-BOOT-SAFETY-BOUNDARY,D15,Safety,Reject raw EFI/NTFS/bootloader replacement,mechanism or evidence cluster,constraint/negative lesson,context-dependent,src/quibble.h,289696161dee2a714debc839a4252da1ecff88fc37fa827206501aad64b7813c,n/a,negative evidence,negative-to-guardrail,rejected-with-reason,Raw bootloader mechanisms exceed product scope and recovery guarantees.,Boot safety boundary,src/WinCare/Core/01-Config.ps1#Get-WinCareDefaultPolicy;src/WinCare/Data/Knowledge/topics.json,WinCare remains a diagnostic/export tool at the boot boundary.,"No raw disk, EFI partition, or bootloader writes.",tools/validate_source.py#security patterns,Boot safety warning,additive; no donor runtime or persistent-state migration,No license detected; guardrails/ideas only,critical,n/a,medium,statically-validated
D15-SURFACE-ACCOUNTABILITY,n/a,CG-EVIDENCE-ACCOUNTABILITY,D15,Evidence,Repository-wide surface accountability and non-semantic artifacts,repository surface set,evidence/accountability,standalone,README.md,ed77c16e05c747db15c9a0ca9ed438d6b0d46abed886737bc75197d39adb5c2d,n/a,classification and reference retention,one-to-many,reference-only,"Administrative, generated, media, fixture, and non-selected surfaces remain explicitly accounted for without being copied into the target.",Convergence evidence,docs/convergence/surface-accountability.csv;docs/convergence/adoption-matrix.csv,"Every donor file has a hash, classification, authority status, and semantic disposition link.",File count is not treated as semantic adoption.,tools/validate_convergence.py#surface coverage,Convergence evidence bundle,none,No license detected; guardrails/ideas only,low,n/a,high,statically-validated
D16-ACCESSIBLE-MOTION,n/a,CG-ACCESSIBILITY,D16,Accessibility,Reduced-motion and accessibility cues,mechanism or evidence cluster,executable behavior,context-dependent,animatedbottombar/src/main/java/com/mehdisekoba/animatedbottombar/BottomBarAnimationSpec.kt,fbda1e110f5b390b2eb93838d5c699e9b6a294591bed2ee29b2416e9651ac497,n/a,adaptation,one-to-many,adapted,Animation semantics were reduced to optional brief transitions and explicit reduced-motion mode.,Accessibility,src/WinCare/Core/01-Config.ps1;src/WinCare/UI/99-Main.ps1,ReducedMotion disables nonessential delay; ASCII/monochrome modes preserve meaning.,No essential information is color- or animation-only.,tests/UI.Release.Tests.ps1#UI and headless completeness,All TUI screens,additive; no donor runtime or persistent-state migration,Apache-2.0,low,n/a,high,statically-validated
D16-NAV-STATE,n/a,CG-TUI-NAVIGATION,D16,UX,"Selected state, badges, and compact navigation",mechanism or evidence cluster,product/knowledge inspiration,context-dependent,animatedbottombar/src/test/java/com/mehdisekoba/animatedbottombar/BadgeTest.kt,b37992224dc50f4d136d4016902e4a069e6da37ce17ca028013138f8cf54f43f,n/a,inspiration,idea-to-native,inspired-native,"Mobile navigation concepts became selected rows, badges, and status headers in the TUI.",TUI navigation,src/WinCare/UI/01-Controls.ps1;src/WinCare/UI/99-Main.ps1,Selected state remains visible without relying only on color.,Navigation state never authorizes actions.,tests/UI.Release.Tests.ps1#UI and headless completeness,Main menu and selectors,additive; no donor runtime or persistent-state migration,Apache-2.0,low,n/a,high,statically-validated
D16-SURFACE-ACCOUNTABILITY,n/a,CG-EVIDENCE-ACCOUNTABILITY,D16,Evidence,Repository-wide surface accountability and non-semantic artifacts,repository surface set,evidence/accountability,standalone,LICENSE,cfc7749b96f63bd31c3c42b5c471bf756814053e847c10f3eb003417bc523d30,n/a,classification and reference retention,one-to-many,reference-only,"Administrative, generated, media, fixture, and non-selected surfaces remain explicitly accounted for without being copied into the target.",Convergence evidence,docs/convergence/surface-accountability.csv;docs/convergence/adoption-matrix.csv,"Every donor file has a hash, classification, authority status, and semantic disposition link.",File count is not treated as semantic adoption.,tools/validate_convergence.py#surface coverage,Convergence evidence bundle,none,Apache-2.0,low,n/a,high,statically-validated
D17-SURFACE-ACCOUNTABILITY,n/a,CG-EVIDENCE-ACCOUNTABILITY,D17,Evidence,Repository-wide surface accountability and non-semantic artifacts,repository surface set,evidence/accountability,standalone,LICENSE,8ceb4b9ee5adedde47b31e975c1d90c73ad27b6b165a1dcd80c7c545eb65b903,n/a,classification and reference retention,one-to-many,reference-only,"Administrative, generated, media, fixture, and non-selected surfaces remain explicitly accounted for without being copied into the target.",Convergence evidence,docs/convergence/surface-accountability.csv;docs/convergence/adoption-matrix.csv,"Every donor file has a hash, classification, authority status, and semantic disposition link.",File count is not treated as semantic adoption.,tools/validate_convergence.py#surface coverage,Convergence evidence bundle,none,GPL-family; WUA semantics independently rederived,low,n/a,high,statically-validated
D17-WUA-CANCEL-PROGRESS,n/a,CG-WINDOWS-UPDATE-OPERATIONS,D17,Updates,Cancellation checkpoints and progress evidence,mechanism or evidence cluster,executable behavior,context-dependent,wumgr/res/icons8-cancel-32.png,1069af5c64150e2c6a9ef4990450225f792676ade7078ce9b0438665cd3e3f8a,n/a,independent adaptation,one-to-many,adapted,Cancellation concepts were integrated with operation journals and bounded batches.,Windows Update operations,src/WinCare/Providers/65-WindowsUpdateAgent.ps1;src/WinCare/Core/09-Transactions.ps1#Request-WinCareOperationCancellation,Cancellation is checked between update items and recorded.,Cancellation does not claim to interrupt an uninterruptible COM call mid-item.,tests/Core.Contracts.Tests.ps1#Versioned action and plan contracts,Operation jobs and WUA results,additive; no donor runtime or persistent-state migration,GPL-family; WUA semantics independently rederived,high,n/a,high,statically-validated
D17-WUA-LIFECYCLE,n/a,CG-WINDOWS-UPDATE-AGENT,D17,Updates,Download/install/uninstall/hide/unhide lifecycle,mechanism or evidence cluster,executable behavior,context-dependent,wumgr/res/icons8-uninstalling-updates-32.png,90fc1dc4f113089c018df92edbd9f940e586ea2b915fd22ee8e6ea48d3a61f9b,n/a,independent reimplementation,many-to-one,adapted,"WUA lifecycle operations were mapped to typed, administrator-gated actions.",Windows Update Agent,src/WinCare/Providers/65-WindowsUpdateAgent.ps1;src/WinCare/Core/11-ActionContracts.ps1,Selected update identities are re-resolved immediately before execution and results are per update.,No permanent Windows Update disable or broad service reset.,tests/Core.Contracts.Tests.ps1#Versioned action and plan contracts,Windows Update screen/headless,additive; no donor runtime or persistent-state migration,GPL-family; WUA semantics independently rederived,critical,n/a,high,statically-validated
D17-WUA-SEARCH-HISTORY,n/a,CG-WINDOWS-UPDATE-AGENT,D17,Updates,"Windows Update Agent search, result identity, and history",mechanism or evidence cluster,executable behavior,context-dependent,wumgr/WuAgent.cs,e8ba144289961ae87ccbe2b1795503e03fba64801131116144885f1d1831f502,n/a,independent reimplementation,many-to-one,adapted,GPL WUA semantics were independently rebuilt through Windows Update COM APIs.,Windows Update Agent,src/WinCare/Providers/65-WindowsUpdateAgent.ps1#Get-WinCareWuaUpdate;src/WinCare/Providers/65-WindowsUpdateAgent.ps1#Get-WinCareWuaHistory,Updates are identified by exact GUID and bounded result sets.,No donor code or UI is included.,tests/UI.Release.Tests.ps1#UI and headless completeness,Windows Update screen/headless,additive; no donor runtime or persistent-state migration,GPL-family; WUA semantics independently rederived,high,n/a,high,statically-validated
D18-ACCESSIBILITY,n/a,CG-ACCESSIBILITY,D18,Accessibility,"Contrast, keyboard, reduced motion, responsive layout",mechanism or evidence cluster,executable behavior,context-dependent,skills/frontend-design-director/references/accessibility-checklist.md,cf0dd2d9850df60b420970a582dac6f98bde938ed110132e5808da2c8f5dd108,n/a,adaptation,many-to-many,adapted,Web accessibility outcomes were translated to terminal-specific controls.,Accessibility,src/WinCare/UI/00-Console.ps1;src/WinCare/UI/01-Controls.ps1;src/WinCare/Core/01-Config.ps1,All functions are keyboard-operable and state has text labels.,No color-only status or mandatory motion.,tests/UI.Release.Tests.ps1#UI and headless completeness,All TUI screens,additive; no donor runtime or persistent-state migration,MIT,medium,n/a,high,statically-validated
D18-NO-PLACEHOLDERS,n/a,CG-RELEASE-VALIDATION,D18,Quality,No placeholder or decorative product surfaces,mechanism or evidence cluster,constraint/negative lesson,context-dependent,README.md,174552e87375dd7f1367fd9e4ba31117b6ddccef9bc52f05e61f8f437f62c63a,n/a,guardrail derivation,negative-to-guardrail,guardrail-derived,Product audit criteria became release-blocking source checks.,Release validation,tools/validate_source.py;tools/Invoke-StaticChecks.ps1,Placeholder markers and unresolved routes fail validation.,No claimed feature may be represented by an empty menu or dummy result.,tools/validate_source.py#placeholder and route checks,CI and release gate,additive; no donor runtime or persistent-state migration,MIT,high,n/a,high,statically-validated
D18-STATE-SURFACES,n/a,CG-TUI-STATE-MODEL,D18,UX,"Loading, empty, error, success, and recovery states",mechanism or evidence cluster,executable behavior,context-dependent,README.md,174552e87375dd7f1367fd9e4ba31117b6ddccef9bc52f05e61f8f437f62c63a,n/a,synthesis,many-to-one,synthesized,"State-surface principles were applied to TUI messages, result objects, and empty lists.",TUI state model,src/WinCare/UI/00-Console.ps1#Show-WinCareMessage;src/WinCare/Core/00-Models.ps1#New-WinCareResult,Operator state is explicit and machine-readable.,Errors are not swallowed or represented as empty success.,tests/UI.Release.Tests.ps1#UI and headless completeness,All screens/headless JSON,additive; no donor runtime or persistent-state migration,MIT,medium,n/a,high,statically-validated
D18-SURFACE-ACCOUNTABILITY,n/a,CG-EVIDENCE-ACCOUNTABILITY,D18,Evidence,Repository-wide surface accountability and non-semantic artifacts,repository surface set,evidence/accountability,standalone,LICENSE,b930002fe39396c1324c18560a26debc4e9e578dec0f6b229d8d945bef71d93a,n/a,classification and reference retention,one-to-many,reference-only,"Administrative, generated, media, fixture, and non-selected surfaces remain explicitly accounted for without being copied into the target.",Convergence evidence,docs/convergence/surface-accountability.csv;docs/convergence/adoption-matrix.csv,"Every donor file has a hash, classification, authority status, and semantic disposition link.",File count is not treated as semantic adoption.,tools/validate_convergence.py#surface coverage,Convergence evidence bundle,none,MIT,low,n/a,high,statically-validated
D18-UX-AUDIT,n/a,CG-QUALITY-ENGINEERING,D18,Quality,Route/menu/headless completeness audit,mechanism or evidence cluster,executable behavior,context-dependent,skills/frontend-design-director/scripts/token-audit.mjs,0ac81df9bdaba0120a02dcd1ca564b8a232bef601082a92bcd0e9a075ab53fb7,n/a,adaptation,one-to-many,adapted,"Frontend review gates became static TUI route, command, placeholder, and schema checks.",Quality engineering,tools/validate_source.py;tools/Invoke-StaticChecks.ps1,Every declared operator command resolves to implementation.,"No dead menu, placeholder, or unresolved WinCare function.",tests/UI.Release.Tests.ps1#UI and headless completeness,CI and release validation,additive; no donor runtime or persistent-state migration,MIT,high,n/a,high,statically-validated
D19-BLIND-REG-IMPORT-GUARDRAIL,n/a,CG-BLIND,D19,Trust boundary,Blind .reg import counterexample,mechanism or evidence cluster,executable behavior,context-dependent,AMD CCC - Add.reg,896827324cc272d9453ea2f4ff659a482dcd276cbc6c6ea5b6fa743f70ca6c79,n/a,guardrail derivation,negative-to-guardrail,guardrail-derived,Blind .reg import counterexample was rederived behind WinCare contracts rather than retaining donor packaging.,Registry mutation safety,src/WinCare/Core/11-ActionContracts.ps1;src/WinCare/Providers/27-RegistryTree.ps1,"Behavior is typed, bounded, previewed, policy-gated, journaled, and independently verifiable.",WinCare never imports arbitrary .reg files or shell command strings directly.,tests/Wave2.Convergence.Tests.ps1#D19-BLIND-REG-IMPORT-GUARDRAIL,"TUI, headless JSON, reports",additive; one target-native authority path; no donor runtime becomes authoritative,provenance retained; technical convergence requested; target implementation remains independently governed,high,n/a,high,statically-validated
D19-CONTEXT-RULE-CATALOG,n/a,CG-CONTEXT,D19,Shell customization,Named context-menu add/remove rules,mechanism or evidence cluster,executable behavior,context-dependent,Edit with VS Code - Add.reg,f9c01eda4af5eabab04cd56de33b8198439581996d491630d6a79df57c7c1645,n/a,adaptation,many-to-one,adapted,Named context-menu add/remove rules was rederived behind WinCare contracts rather than retaining donor packaging.,Context-menu governance,src/WinCare/Data/Catalog/context-menu-rules.json;src/WinCare/Providers/81-Customization.ps1;src/WinCare/UI/Screens/81-Customization.ps1,"Each rule has an exact ID, bounded approved registry roots, compatibility evidence, and rollback snapshot.",Untrusted content cannot acquire execution or administrative authority.,tests/Wave2.Convergence.Tests.ps1#D19-CONTEXT-RULE-CATALOG,"TUI, headless JSON, reports",additive; one target-native authority path; no donor runtime becomes authoritative,provenance retained; technical convergence requested; target implementation remains independently governed,medium,n/a,high,statically-validated
D19-DEPENDENCY-AWARE-MENUS,n/a,CG-DEPENDENCY,D19,Compatibility,Executable-dependent shell commands,mechanism or evidence cluster,executable behavior,context-dependent,Open in Visual Studio (2017) - Add.reg,91c178bc253ecf7bba1fa83bdfaa9722c0f93f09c6d96e7c0402a77b5422f884,n/a,adaptation,one-to-many,adapted,Executable-dependent shell commands was rederived behind WinCare contracts rather than retaining donor packaging.,Context-menu compatibility,src/WinCare/Providers/81-Customization.ps1#Test-WinCareContextMenuRuleCompatibility,A rule is disabled when its required executable or Windows build is unavailable.,Untrusted content cannot acquire execution or administrative authority.,tests/Wave2.Convergence.Tests.ps1#D19-DEPENDENCY-AWARE-MENUS,"TUI, headless JSON, reports",additive; one target-native authority path; no donor runtime becomes authoritative,provenance retained; technical convergence requested; target implementation remains independently governed,medium,n/a,high,statically-validated
D19-REVERSIBLE-REGISTRY-PAIRS,n/a,CG-REVERSIBLE,D19,Recovery,Add/remove/restore registry pairs,mechanism or evidence cluster,executable behavior,context-dependent,Bitmap Image in New Context Menu - Restore.reg,5a77bcb4c00eed6c84177f7aab9506eb56a226ccf4cceb079538b9a555b8e99c,n/a,hardening,many-to-one,hardened,Add/remove/restore registry pairs was rederived behind WinCare contracts rather than retaining donor packaging.,Exact registry-tree recovery,src/WinCare/Providers/27-RegistryTree.ps1;src/WinCare/Providers/81-Customization.ps1,Registry mutation captures and verifies the exact pre-state before apply or removal.,Untrusted content cannot acquire execution or administrative authority.,tests/Wave2.Convergence.Tests.ps1#D19-REVERSIBLE-REGISTRY-PAIRS,"TUI, headless JSON, reports",additive; one target-native authority path; no donor runtime becomes authoritative,provenance retained; technical convergence requested; target implementation remains independently governed,medium,n/a,high,statically-validated
D19-SURFACE-ACCOUNTABILITY,n/a,CG-SURFACE-ACCOUNTABILITY,D19,Evidence,Complete donor surface classification,complete donor tree,evidence accountability,standalone,README.md,cda9e75a4f5e2468657dcae8c15afc13454c9d35933e74e11b2d8ffcfb810954,n/a,classification,one-to-many,reference-only,"Every archive member is hashed, classified, and linked to explicit semantic dispositions including generated, vendored, duplicate, and out-of-scope material.",Donor surface accountability,n/a,No donor file is silently omitted.,File count is not treated as semantic completeness.,n/a,Evidence bundle,additive; one target-native authority path; no donor runtime becomes authoritative,provenance retained; technical convergence requested; target implementation remains independently governed,low,n/a,high,verified
D20-BROWSER-JAVA-REFERENCE,n/a,CG-BROWSER,D20,Application policy,Browser Java and .NET hardening artifacts,mechanism or evidence cluster,executable behavior,context-dependent,Files/JAVA Configuration Files/deployment.properties,80f5c3198f7e641c83b99243ad0879b0f4ebfc3073c194c616fd2a42f4935bdf,n/a,reference,one-to-one,reference-only,Application-specific configurations are retained as evidence but not silently installed by a generic Windows maintenance product.,Application-specific policy reference,n/a,Application policy remains owned by its application or an explicit future adapter.,WinCare does not replace application configuration files without an application-specific contract.,n/a,Evidence and future adapter design,additive; one target-native authority path; no donor runtime becomes authoritative,provenance retained; technical convergence requested; target implementation remains independently governed,medium,n/a,high,reviewed
D20-DEFENDER-ASR,n/a,CG-DEFENDER,D20,Security,Defender and attack-surface reduction policy evidence,mechanism or evidence cluster,executable behavior,context-dependent,Files/Windows Defender Configuration Files/DOD_EP_V3.xml,c7464aafc6723001b307106ffd3a91a29557c207cfe9a0f175e55627f5207229,n/a,adaptation,many-to-one,adapted,Defender and attack-surface reduction policy evidence was rederived behind WinCare contracts rather than retaining donor packaging.,Defender posture,src/WinCare/Providers/75-Security.ps1;src/WinCare/Data/Catalog/rules.json,WinCare reports and hardens through supported controls without disabling Defender.,Untrusted content cannot acquire execution or administrative authority.,tests/Wave2.Convergence.Tests.ps1#D20-DEFENDER-ASR,"TUI, headless JSON, reports",additive; one target-native authority path; no donor runtime becomes authoritative,provenance retained; technical convergence requested; target implementation remains independently governed,high,n/a,high,statically-validated
D20-EXPIRING-SECURITY-MAINTENANCE,D20-DEFENDER-ASR,C56-EXPIRING-SECURITY,D20,security,Temporary protection reduction with automatic exact restoration,configuration,policy/configuration,context-dependent,Files/Windows Defender Configuration Files/DOD_EP_V3.xml,c7464aafc6723001b307106ffd3a91a29557c207cfe9a0f175e55627f5207229,Defender policy controls,recomposition,many-to-one,recomposed,"The donor supplies detailed protection controls. WinCare adds an expert compatibility workflow for rare blocked maintenance while retaining protection as authority: reductions require separate policy approval, short expiry, reason, protected state snapshot, scheduled restore, transaction compensator, and no Tamper Protection bypass.",Expiring security maintenance,src/WinCare/Providers/91-SecurityMaintenance.ps1#New-WinCareSecurityMaintenancePlan;src/WinCare/Providers/91-SecurityMaintenance.ps1#Invoke-WinCareSetSecurityControlStateAction;src/WinCare/Host/SecurityControlRestoreHost.ps1#main,A reduction cannot outlive its authenticated expiry record and exact recovery path.,"No permanent blanket Defender, SmartScreen, UAC, or Windows Update disabling is presented as optimization.",tests/Expert.Convergence.Tests.ps1#limits UAC disable to disposable labs and all reductions to expiry records,Expert laboratory > Expiring security maintenance,Adds protected records and scheduled restoration; existing controls are never altered during migration.,technical convergence requested; provenance retained,critical,D20-DEFENDER-ASR;D26-DEFENDER-ACTIVATION-GUARDRAIL;D08-BLANKET-DISABLE-GUARD,high,statically-validated
D20-LGPO-BASELINES,n/a,CG-LGPO,D20,Security baselines,Local Group Policy backup corpus,mechanism or evidence cluster,executable behavior,context-dependent,Files/GPOs/NSACyber/Bitlocker/NSACyber - BitLocker/manifest.xml,f97f9ceb0d20dbd6cf3641838d52257f068885e599ef708ebf1f293c40049781,n/a,hardening,many-to-one,hardened,Local Group Policy backup corpus was rederived behind WinCare contracts rather than retaining donor packaging.,Hash-bound LGPO lifecycle,src/WinCare/Providers/74-SecurityBaseline.ps1;src/WinCare/UI/Screens/73-SecurityBaseline.ps1,Only a validated backup and Microsoft-signed hash-bound LGPO.exe may modify policy; current policy is captured first.,Untrusted content cannot acquire execution or administrative authority.,tests/Wave2.Convergence.Tests.ps1#D20-LGPO-BASELINES,"TUI, headless JSON, reports",additive; one target-native authority path; no donor runtime becomes authoritative,provenance retained; technical convergence requested; target implementation remains independently governed,critical,n/a,high,statically-validated
D20-MONOLITHIC-SCRIPT-GUARDRAIL,n/a,CG-MONOLITHIC,D20,Authority,Monolithic privileged optimization script,mechanism or evidence cluster,executable behavior,context-dependent,sos-optimize-windows.ps1,82aad961f0e4356e45ec4f8a3b541a2445df51ac64d96f0ca87d6a76de9e15cd,n/a,guardrail derivation,negative-to-guardrail,guardrail-derived,Monolithic privileged optimization script was rederived behind WinCare contracts rather than retaining donor packaging.,Typed transaction authority,src/WinCare/Core/09-Transactions.ps1;src/WinCare/Core/11-ActionContracts.ps1,"Behavior is typed, bounded, previewed, policy-gated, journaled, and independently verifiable.","No one-shot script receives blanket authority to mutate unrelated security, application, service, update, and filesystem state.",tests/Wave2.Convergence.Tests.ps1#D20-MONOLITHIC-SCRIPT-GUARDRAIL,"TUI, headless JSON, reports",additive; one target-native authority path; no donor runtime becomes authoritative,provenance retained; technical convergence requested; target implementation remains independently governed,critical,n/a,high,statically-validated
D20-OFFLINE-SERVICING,n/a,CG-OFFLINE,D20,Deployment,Drivers packages and features for Windows images,mechanism or evidence cluster,executable behavior,context-dependent,sos-optimize-windows.ps1,82aad961f0e4356e45ec4f8a3b541a2445df51ac64d96f0ca87d6a76de9e15cd,n/a,rederivation,many-to-one,inspired-native,Drivers packages and features for Windows images was rederived behind WinCare contracts rather than retaining donor packaging.,Offline image servicing,src/WinCare/Providers/77-OfflineImage.ps1;src/WinCare/UI/Screens/77-OfflineImage.ps1,Only registered mounted images and supported DISM PowerShell providers are accepted.,Untrusted content cannot acquire execution or administrative authority.,tests/Wave2.Convergence.Tests.ps1#D20-OFFLINE-SERVICING,"TUI, headless JSON, reports",additive; one target-native authority path; no donor runtime becomes authoritative,provenance retained; technical convergence requested; target implementation remains independently governed,critical,n/a,high,statically-validated
D20-SECURITY-CATALOG,n/a,CG-SECURITY,D20,Security hardening,Windows security and privacy setting corpus,mechanism or evidence cluster,executable behavior,context-dependent,sos-optimize-windows.ps1,82aad961f0e4356e45ec4f8a3b541a2445df51ac64d96f0ca87d6a76de9e15cd,n/a,decomposition and recomposition,many-to-many,recomposed,Windows security and privacy setting corpus was rederived behind WinCare contracts rather than retaining donor packaging.,Security and privacy catalog,src/WinCare/Data/Catalog/rules.json;src/WinCare/Core/10-Catalog.ps1;src/WinCare/UI/Screens/24-Profiles.ps1,"Each setting is independently named, scoped, risk-rated, preconditioned, reversible where truthful, and policy-selectable.",Untrusted content cannot acquire execution or administrative authority.,tests/Wave2.Convergence.Tests.ps1#D20-SECURITY-CATALOG,"TUI, headless JSON, reports",additive; one target-native authority path; no donor runtime becomes authoritative,provenance retained; technical convergence requested; target implementation remains independently governed,high,n/a,high,statically-validated
D20-SURFACE-ACCOUNTABILITY,n/a,CG-SURFACE-ACCOUNTABILITY,D20,Evidence,Complete donor surface classification,complete donor tree,evidence accountability,standalone,README.md,e42cda4f746534f2651dbc983d93dbd414de631f3f18802925fbb6846b42d98e,n/a,classification,one-to-many,reference-only,"Every archive member is hashed, classified, and linked to explicit semantic dispositions including generated, vendored, duplicate, and out-of-scope material.",Donor surface accountability,n/a,No donor file is silently omitted.,File count is not treated as semantic completeness.,n/a,Evidence bundle,additive; one target-native authority path; no donor runtime becomes authoritative,provenance retained; technical convergence requested; target implementation remains independently governed,low,n/a,high,verified
D20-SYSMON-CONFIG,n/a,CG-SYSMON,D20,Security telemetry,Sysmon configuration lifecycle,mechanism or evidence cluster,executable behavior,context-dependent,Files/Sysmon/sysmonconfig-export.xml,ea5133261f8c5d31a30dd852a05b90e804103837310c14a69747ba8367d6cdb5,n/a,hardening,one-to-many,hardened,Sysmon configuration lifecycle was rederived behind WinCare contracts rather than retaining donor packaging.,Sysmon lifecycle,src/WinCare/Providers/74-SecurityBaseline.ps1;src/WinCare/UI/Screens/73-SecurityBaseline.ps1,"Microsoft signature, executable hash, XML schema, event filters, and service state are verified.",Untrusted content cannot acquire execution or administrative authority.,tests/Wave2.Convergence.Tests.ps1#D20-SYSMON-CONFIG,"TUI, headless JSON, reports",additive; one target-native authority path; no donor runtime becomes authoritative,provenance retained; technical convergence requested; target implementation remains independently governed,high,n/a,high,statically-validated
D20-UPDATE-HARDENING,n/a,CG-UPDATE,D20,Updates,Update management and offline synchronization corpus,mechanism or evidence cluster,executable behavior,context-dependent,Files/PowerShell Modules/PSWindowsUpdate/Get-WUInstall.ps1,494c8392c89b34f7f1a7c90983986b5ea863c1cce95e8a34f424d6328558d407,n/a,recomposition,many-to-one,recomposed,Update management and offline synchronization corpus was rederived behind WinCare contracts rather than retaining donor packaging.,Windows Update control,src/WinCare/Providers/65-WindowsUpdateAgent.ps1;src/WinCare/UI/Screens/65-WindowsUpdate.ps1,"Update identity, download/install state, restart evidence, and cancellation are explicit.",Untrusted content cannot acquire execution or administrative authority.,tests/Wave2.Convergence.Tests.ps1#D20-UPDATE-HARDENING,"TUI, headless JSON, reports",additive; one target-native authority path; no donor runtime becomes authoritative,provenance retained; technical convergence requested; target implementation remains independently governed,high,n/a,high,statically-validated
D20-WDAC-POLICY-CORPUS,n/a,CG-WDAC,D20,Application control,Audit and enforced WDAC policy examples,mechanism or evidence cluster,executable behavior,context-dependent,Files/Windows Defender Configuration Files/WDAC_V1_Audit.xml,3cd233781772fc060c23124d3e6fa41a6088670f9e89915dd04d80a6203e6c2b,n/a,adaptation,many-to-one,adapted,Audit and enforced WDAC policy examples was rederived behind WinCare contracts rather than retaining donor packaging.,WDAC lifecycle,src/WinCare/Providers/76-WDAC.ps1;src/WinCare/UI/Screens/76-WDAC.ps1,Audit-first validation and CiTool-only deployment preserve a recovery path.,Untrusted content cannot acquire execution or administrative authority.,tests/Wave2.Convergence.Tests.ps1#D20-WDAC-POLICY-CORPUS,"TUI, headless JSON, reports",additive; one target-native authority path; no donor runtime becomes authoritative,provenance retained; technical convergence requested; target implementation remains independently governed,critical,n/a,high,statically-validated
D21-CURATED-OPTIMIZATIONS,n/a,CG-CURATED,D21,Profiles,Curated privacy performance and usability settings,mechanism or evidence cluster,executable behavior,context-dependent,README.md,335121a1ee71349dc9d5373d48acc3cc3eab5baac36bf7c23b4304f868ebec90,n/a,synthesis,many-to-many,synthesized,Curated privacy performance and usability settings was rederived behind WinCare contracts rather than retaining donor packaging.,Curated policy profiles,src/WinCare/Data/Catalog/rules.json;src/WinCare/Data/Catalog/presets.json,Profiles remain decomposable into individually reviewable actions.,Untrusted content cannot acquire execution or administrative authority.,tests/Wave2.Convergence.Tests.ps1#D21-CURATED-OPTIMIZATIONS,"TUI, headless JSON, reports",additive; one target-native authority path; no donor runtime becomes authoritative,provenance retained; technical convergence requested; target implementation remains independently governed,medium,n/a,high,statically-validated
D21-LOCALIZATION-UX,n/a,CG-LOCALIZATION,D21,Product UX,Multilingual onboarding and explanation patterns,mechanism or evidence cluster,executable behavior,context-dependent,README.ja-JP.md,e77a1666dd24b9fcb65bc29d642b6da8a59be71ab6c2f7b994a3b2ed0d17a388,n/a,inspiration,idea-to-native,inspired-native,Multilingual onboarding and explanation patterns was rederived behind WinCare contracts rather than retaining donor packaging.,Accessible operator UX,src/WinCare/UI/00-Console.ps1;src/WinCare/UI/01-Controls.ps1,"Product surfaces remain text-first, keyboard navigable, width-aware, and color independent.",Untrusted content cannot acquire execution or administrative authority.,tests/Wave2.Convergence.Tests.ps1#D21-LOCALIZATION-UX,"TUI, headless JSON, reports",additive; one target-native authority path; no donor runtime becomes authoritative,provenance retained; technical convergence requested; target implementation remains independently governed,low,n/a,high,statically-validated
D21-OPTIMIZER-CLAIM-GUARDRAIL,n/a,CG-OPTIMIZER,D21,Product truth,Optimization claims and destructive toggles,mechanism or evidence cluster,executable behavior,context-dependent,DISCLAIMER.md,519de36ca01baf038e37b1df0cb4dab37dc944647c9b535597714bac7b442bc6,n/a,guardrail derivation,negative-to-guardrail,guardrail-derived,Optimization claims and destructive toggles was rederived behind WinCare contracts rather than retaining donor packaging.,Truthful maintenance claims,docs/Safety.md;src/WinCare/Core/08-Policy.ps1,"Behavior is typed, bounded, previewed, policy-gated, journaled, and independently verifiable.",WinCare does not promise universal performance gains or apply unexplained registry/service changes.,tests/Wave2.Convergence.Tests.ps1#D21-OPTIMIZER-CLAIM-GUARDRAIL,"TUI, headless JSON, reports",additive; one target-native authority path; no donor runtime becomes authoritative,provenance retained; technical convergence requested; target implementation remains independently governed,high,n/a,high,statically-validated
D21-REGISTRY-KIND-DETECTION,n/a,CG-REGISTRY,D21,Registry,Registry value-kind detection,mechanism or evidence cluster,executable behavior,context-dependent,optimizerDuck.Test/Domain/Optimizations/Models/Services/RegistryItemKindDetectionTests.cs,82dd8e1742d8511f119cdf6837dd6c5fe9941eb18287c33edba93936158054aa,n/a,adaptation,many-to-one,adapted,Registry value-kind detection was rederived behind WinCare contracts rather than retaining donor packaging.,Typed registry catalog,src/WinCare/Core/10-Catalog.ps1;src/WinCare/Providers/25-SystemPolicy.ps1,Registry kinds are explicit and contract-validated; string coercion cannot silently change representation.,Untrusted content cannot acquire execution or administrative authority.,tests/Wave2.Convergence.Tests.ps1#D21-REGISTRY-KIND-DETECTION,"TUI, headless JSON, reports",additive; one target-native authority path; no donor runtime becomes authoritative,provenance retained; technical convergence requested; target implementation remains independently governed,medium,n/a,high,statically-validated
D21-STEP-REVERSAL,n/a,CG-STEP,D21,Transactions,Serializable optimization and revert steps,mechanism or evidence cluster,executable behavior,context-dependent,optimizerDuck.Test/Domain/Revert/Steps/RevertStepSerializationTests.cs,b8475840af29934d4bd8977310c95d1eddbf826a41991b8679d06c81e97d3b43,n/a,hardening,many-to-one,hardened,Serializable optimization and revert steps was rederived behind WinCare contracts rather than retaining donor packaging.,Action compensation and recovery,src/WinCare/Core/09-Transactions.ps1;src/WinCare/Providers/85-Recovery.ps1,Every reversible action has a validated executable compensator bound into the authenticated receipt.,Untrusted content cannot acquire execution or administrative authority.,tests/Wave2.Convergence.Tests.ps1#D21-STEP-REVERSAL,"TUI, headless JSON, reports",additive; one target-native authority path; no donor runtime becomes authoritative,provenance retained; technical convergence requested; target implementation remains independently governed,high,n/a,high,statically-validated
D21-SURFACE-ACCOUNTABILITY,n/a,CG-SURFACE-ACCOUNTABILITY,D21,Evidence,Complete donor surface classification,complete donor tree,evidence accountability,standalone,README.md,335121a1ee71349dc9d5373d48acc3cc3eab5baac36bf7c23b4304f868ebec90,n/a,classification,one-to-many,reference-only,"Every archive member is hashed, classified, and linked to explicit semantic dispositions including generated, vendored, duplicate, and out-of-scope material.",Donor surface accountability,n/a,No donor file is silently omitted.,File count is not treated as semantic completeness.,n/a,Evidence bundle,additive; one target-native authority path; no donor runtime becomes authoritative,provenance retained; technical convergence requested; target implementation remains independently governed,low,n/a,high,verified
D21-SYSTEM-REFRESH,n/a,CG-SYSTEM,D21,Postconditions,System refresh after settings changes,mechanism or evidence cluster,executable behavior,context-dependent,optimizerDuck.Test/Common/Helpers/SystemRefreshServiceTests.cs,81313a240f6f40aacfbca3c4d8e79693757f81f46f69ddc1142ed042d5b9a35d,n/a,recomposition,many-to-one,synthesized,System refresh after settings changes was rederived behind WinCare contracts rather than retaining donor packaging.,Post-action verification and refresh,src/WinCare/Core/09-Transactions.ps1;src/WinCare/Providers/25-SystemPolicy.ps1,"Refresh or restart requirements are explicit results, not hidden side effects.",Untrusted content cannot acquire execution or administrative authority.,tests/Wave2.Convergence.Tests.ps1#D21-SYSTEM-REFRESH,"TUI, headless JSON, reports",additive; one target-native authority path; no donor runtime becomes authoritative,provenance retained; technical convergence requested; target implementation remains independently governed,medium,n/a,high,statically-validated
D22-PLUGIN-EXECUTION-GUARDRAIL,n/a,CG-PLUGIN,D22,Extension security,Native plugin and skin execution model,mechanism or evidence cluster,executable behavior,context-dependent,README.md,cc0ba3237236b37d08f4a357a42ab6003b741f8a6ad9a9230fad6f3346b1418d,n/a,guardrail derivation,negative-to-guardrail,guardrail-derived,Native plugin and skin execution model was rederived behind WinCare contracts rather than retaining donor packaging.,Data-only widgets and extensions,src/WinCare/Providers/83-Widgets.ps1;src/WinCare/Providers/90-Extensions.ps1,"Behavior is typed, bounded, previewed, policy-gated, journaled, and independently verifiable.","WinCare never loads donor DLLs, arbitrary measures, skin bangs, or executable plugin code.",tests/Wave2.Convergence.Tests.ps1#D22-PLUGIN-EXECUTION-GUARDRAIL,"TUI, headless JSON, reports",additive; one target-native authority path; no donor runtime becomes authoritative,provenance retained; technical convergence requested; target implementation remains independently governed,critical,n/a,high,statically-validated
D22-SKIN-MEASURE-METER,n/a,CG-SKIN,D22,Customization inventory,Skin section measure and meter inventory,mechanism or evidence cluster,executable behavior,context-dependent,.gitignore,fc535f0c8b5551c556cc66ce032eb655a8a6791b30a073055f7e0c3ee506d4b6,n/a,extraction,one-to-one,extracted,Skin section measure and meter inventory was rederived behind WinCare contracts rather than retaining donor packaging.,Rainmeter inventory,src/WinCare/Providers/81-Customization.ps1#Get-WinCareRainmeterSkinInventory,Skin files are inspected as data and never executed by WinCare.,Untrusted content cannot acquire execution or administrative authority.,tests/Wave2.Convergence.Tests.ps1#D22-SKIN-MEASURE-METER,"TUI, headless JSON, reports",additive; one target-native authority path; no donor runtime becomes authoritative,provenance retained; technical convergence requested; target implementation remains independently governed,medium,n/a,high,statically-validated
D22-SURFACE-ACCOUNTABILITY,n/a,CG-SURFACE-ACCOUNTABILITY,D22,Evidence,Complete donor surface classification,complete donor tree,evidence accountability,standalone,README.md,cc0ba3237236b37d08f4a357a42ab6003b741f8a6ad9a9230fad6f3346b1418d,n/a,classification,one-to-many,reference-only,"Every archive member is hashed, classified, and linked to explicit semantic dispositions including generated, vendored, duplicate, and out-of-scope material.",Donor surface accountability,n/a,No donor file is silently omitted.,File count is not treated as semantic completeness.,n/a,Evidence bundle,additive; one target-native authority path; no donor runtime becomes authoritative,provenance retained; technical convergence requested; target implementation remains independently governed,low,n/a,high,verified
D22-WIDGET-LOCALIZATION-REFERENCE,n/a,CG-WIDGET,D22,Localization,Widget language and packaging corpus,mechanism or evidence cluster,executable behavior,context-dependent,.gitignore,fc535f0c8b5551c556cc66ce032eb655a8a6791b30a073055f7e0c3ee506d4b6,n/a,reference,one-to-one,reference-only,The localization corpus informs future localization work but is not copied into the current English PowerShell TUI.,Localization reference,n/a,Localization remains a distinct versioned product surface.,Untrusted content cannot acquire execution or administrative authority.,n/a,Future localization,additive; one target-native authority path; no donor runtime becomes authoritative,provenance retained; technical convergence requested; target implementation remains independently governed,low,n/a,high,reviewed
D22-WIDGET-MEASURES,n/a,CG-WIDGET,D22,Widgets,Measure and meter separation,mechanism or evidence cluster,executable behavior,context-dependent,Library/Measure.cpp,30dc076684195b5c1c48c7211c39bb56bbeb1c65ca99e3c1e7ef5908d29dc1e0,n/a,rederivation,many-to-one,inspired-native,Measure and meter separation was rederived behind WinCare contracts rather than retaining donor packaging.,Capability-aware widgets,src/WinCare/Data/Catalog/widgets.json;src/WinCare/Providers/83-Widgets.ps1,Data acquisition and rendering metadata are separate; providers are built-in and non-executable.,Untrusted content cannot acquire execution or administrative authority.,tests/Wave2.Convergence.Tests.ps1#D22-WIDGET-MEASURES,"TUI, headless JSON, reports",additive; one target-native authority path; no donor runtime becomes authoritative,provenance retained; technical convergence requested; target implementation remains independently governed,medium,n/a,high,statically-validated
D22-WIDGET-RUNTIME,n/a,CG-WIDGET,D22,Widgets,Refresh scheduling and bounded redraw,mechanism or evidence cluster,executable behavior,context-dependent,Application/Application.cpp,281a6fbe048822759246208e33a32358e6083f8a62e9a8b9ab71e7afc61e9eba,n/a,adaptation,many-to-one,adapted,Refresh scheduling and bounded redraw was rederived behind WinCare contracts rather than retaining donor packaging.,Local widget dashboard,src/WinCare/Core/01-Config.ps1;src/WinCare/Providers/83-Widgets.ps1;src/WinCare/UI/Screens/83-Widgets.ps1,Refresh intervals are bounded and slow providers degrade independently.,Untrusted content cannot acquire execution or administrative authority.,tests/Wave2.Convergence.Tests.ps1#D22-WIDGET-RUNTIME,"TUI, headless JSON, reports",additive; one target-native authority path; no donor runtime becomes authoritative,provenance retained; technical convergence requested; target implementation remains independently governed,medium,n/a,high,statically-validated
D23-EXPLOIT-COUNTEREXAMPLES,n/a,CG-EXPLOIT,D23,Security negative evidence,Exploit and credential-theft project index,mechanism or evidence cluster,executable behavior,context-dependent,README.md,13b260d925969befbc2104eac610ae777c7b38e7075aff79975d326334cbe5c7,n/a,guardrail derivation,negative-to-guardrail,guardrail-derived,Exploit and credential-theft project index was rederived behind WinCare contracts rather than retaining donor packaging.,Security denial rules,docs/convergence/threat-model.md;src/WinCare/Core/11-ActionContracts.ps1,"Behavior is typed, bounded, previewed, policy-gated, journaled, and independently verifiable.","WinCare does not carry exploit payloads, credential dumping, UAC bypasses, or arbitrary offensive tooling.",tests/Wave2.Convergence.Tests.ps1#D23-EXPLOIT-COUNTEREXAMPLES,"TUI, headless JSON, reports",additive; one target-native authority path; no donor runtime becomes authoritative,provenance retained; technical convergence requested; target implementation remains independently governed,critical,n/a,high,statically-validated
D23-SUBMODULE-SURFACE,n/a,CG-SUBMODULE,D23,Repository evidence,Submodule-only exploit surface,mechanism or evidence cluster,executable behavior,context-dependent,.gitmodules,6037d5df38294060e5dd120e2772420d927cc345240f0d20522c9979ce5f9c14,n/a,reference,one-to-one,reference-only,The archive contains references rather than implementation payloads; it is retained only as threat-model evidence.,Threat intelligence reference,n/a,Absent donor code is never represented as implemented.,Untrusted content cannot acquire execution or administrative authority.,n/a,Threat-model evidence,additive; one target-native authority path; no donor runtime becomes authoritative,provenance retained; technical convergence requested; target implementation remains independently governed,high,n/a,high,reviewed
D23-SURFACE-ACCOUNTABILITY,n/a,CG-SURFACE-ACCOUNTABILITY,D23,Evidence,Complete donor surface classification,complete donor tree,evidence accountability,standalone,README.md,13b260d925969befbc2104eac610ae777c7b38e7075aff79975d326334cbe5c7,n/a,classification,one-to-many,reference-only,"Every archive member is hashed, classified, and linked to explicit semantic dispositions including generated, vendored, duplicate, and out-of-scope material.",Donor surface accountability,n/a,No donor file is silently omitted.,File count is not treated as semantic completeness.,n/a,Evidence bundle,additive; one target-native authority path; no donor runtime becomes authoritative,provenance retained; technical convergence requested; target implementation remains independently governed,low,n/a,high,verified
D24-BYPASS-COOKIE-GUARDRAIL,n/a,CG-BYPASS,D24,Authority,Secret maintenance bypass cookie,mechanism or evidence cluster,executable behavior,context-dependent,src/ScheduledMaintenanceModeBypassCookie.php,a8b1c1996b3e5c7ceaf80ed51c4840ab4276c695cdc7561d3c434692ddf935ac,n/a,guardrail derivation,negative-to-guardrail,guardrail-derived,Secret maintenance bypass cookie was rederived behind WinCare contracts rather than retaining donor packaging.,Maintenance authorization,src/WinCare/Providers/86-Maintenance.ps1;src/WinCare/Core/08-Policy.ps1,"Behavior is typed, bounded, previewed, policy-gated, journaled, and independently verifiable.","No hidden cookie, URL, or secret string bypasses maintenance or policy authorization.",tests/Wave2.Convergence.Tests.ps1#D24-BYPASS-COOKIE-GUARDRAIL,"TUI, headless JSON, reports",additive; one target-native authority path; no donor runtime becomes authoritative,provenance retained; technical convergence requested; target implementation remains independently governed,high,n/a,high,statically-validated
D24-MAINTENANCE-EVENTS,n/a,CG-MAINTENANCE,D24,Observability,Maintenance scheduled started completed and cancelled events,mechanism or evidence cluster,executable behavior,context-dependent,src/Events/MaintenanceScheduled.php,2a1f7f9ca35c2a68911f5e681ad11039dad582fd54a4965417c41c55ed00e0e2,n/a,adaptation,many-to-one,adapted,Maintenance scheduled started completed and cancelled events was rederived behind WinCare contracts rather than retaining donor packaging.,Protected maintenance event evidence,src/WinCare/Providers/86-Maintenance.ps1#Add-WinCareMaintenanceEvent,"Events are local, bounded, protected, and linked to a maintenance identifier.",Untrusted content cannot acquire execution or administrative authority.,tests/Wave2.Convergence.Tests.ps1#D24-MAINTENANCE-EVENTS,"TUI, headless JSON, reports",additive; one target-native authority path; no donor runtime becomes authoritative,provenance retained; technical convergence requested; target implementation remains independently governed,medium,n/a,high,statically-validated
D24-MAINTENANCE-LIFECYCLE,n/a,CG-MAINTENANCE,D24,Maintenance,Scheduled notice active completed cancelled lifecycle,mechanism or evidence cluster,executable behavior,context-dependent,src/Models/ScheduledMaintenanceModel.php,f6e45847c67194fa692b93a64ad1d3cac4bce9e0960c97d77f7f832d86d4f436,n/a,reimplementation,many-to-one,adapted,Scheduled notice active completed cancelled lifecycle was rederived behind WinCare contracts rather than retaining donor packaging.,Maintenance state machine,src/WinCare/Providers/86-Maintenance.ps1;src/WinCare/UI/Screens/86-Maintenance.ps1,"Only closed, validated transitions are allowed and every transition is durably evidenced.",Untrusted content cannot acquire execution or administrative authority.,tests/Wave2.Convergence.Tests.ps1#D24-MAINTENANCE-LIFECYCLE,"TUI, headless JSON, reports",additive; one target-native authority path; no donor runtime becomes authoritative,provenance retained; technical convergence requested; target implementation remains independently governed,high,n/a,high,statically-validated
D24-MAINTENANCE-NOTICE,n/a,CG-MAINTENANCE,D24,Product UX,Upcoming maintenance notice timing,mechanism or evidence cluster,executable behavior,context-dependent,src/Commands/MaintenanceUpcomingCommand.php,c52db912acc5cfc82eb93ae1a217515ccc434e18ad5244331dd2cdca8fcbed55,n/a,adaptation,one-to-many,adapted,Upcoming maintenance notice timing was rederived behind WinCare contracts rather than retaining donor packaging.,Maintenance notice workflow,src/WinCare/Core/01-Config.ps1;src/WinCare/Providers/86-Maintenance.ps1,Notice lead time is explicit and cannot occur after the start time.,Untrusted content cannot acquire execution or administrative authority.,tests/Wave2.Convergence.Tests.ps1#D24-MAINTENANCE-NOTICE,"TUI, headless JSON, reports",additive; one target-native authority path; no donor runtime becomes authoritative,provenance retained; technical convergence requested; target implementation remains independently governed,medium,n/a,high,statically-validated
D24-SURFACE-ACCOUNTABILITY,n/a,CG-SURFACE-ACCOUNTABILITY,D24,Evidence,Complete donor surface classification,complete donor tree,evidence accountability,standalone,README.md,c72beabdd2ffccc269889750cd0892f1f619697898b581888cc0a757a3db32bd,n/a,classification,one-to-many,reference-only,"Every archive member is hashed, classified, and linked to explicit semantic dispositions including generated, vendored, duplicate, and out-of-scope material.",Donor surface accountability,n/a,No donor file is silently omitted.,File count is not treated as semantic completeness.,n/a,Evidence bundle,additive; one target-native authority path; no donor runtime becomes authoritative,provenance retained; technical convergence requested; target implementation remains independently governed,low,n/a,high,verified
D25-EXPORTER-CONFIG,n/a,CG-EXPORTER,D25,Configuration,Bounded exporter configuration,mechanism or evidence cluster,executable behavior,context-dependent,config.yaml.sample,91ce4d59d8017bfb7b53527b21906b10939a24b13b076ea644d61cf767a8e9c5,n/a,adaptation,one-to-one,adapted,Bounded exporter configuration was rederived behind WinCare contracts rather than retaining donor packaging.,Maintenance metrics configuration,src/WinCare/Core/01-Config.ps1;src/WinCare/Providers/86-Maintenance.ps1,"Refresh, destination, and data shape are bounded by strict schemas.",Untrusted content cannot acquire execution or administrative authority.,tests/Wave2.Convergence.Tests.ps1#D25-EXPORTER-CONFIG,"TUI, headless JSON, reports",additive; one target-native authority path; no donor runtime becomes authoritative,provenance retained; technical convergence requested; target implementation remains independently governed,medium,n/a,high,statically-validated
D25-K8S-DEPLOYMENT-REFERENCE,n/a,CG-K8S,D25,Deployment,Helm and container deployment surfaces,mechanism or evidence cluster,executable behavior,context-dependent,deployment/helm/maintenance-exporter/Chart.yaml,94d4e1da94f058f2b5a13710293a065aa0012d3cdc0ed834a945c958c98f2b3a,n/a,reference,one-to-one,reference-only,Cluster deployment is outside a local Windows TUI; operational patterns are retained as reference only.,Deployment reference,n/a,WinCare remains a local Windows application.,Untrusted content cannot acquire execution or administrative authority.,n/a,Deployment evidence,additive; one target-native authority path; no donor runtime becomes authoritative,provenance retained; technical convergence requested; target implementation remains independently governed,low,n/a,high,reviewed
D25-MAINTENANCE-METRICS,n/a,CG-MAINTENANCE,D25,Metrics,Maintenance state metrics,mechanism or evidence cluster,executable behavior,context-dependent,main.go,a8ede609be950e2fa32eb30729e0746bab49a2eb8e5774bc949c0d6ba8692cb1,n/a,adaptation,many-to-one,adapted,Maintenance state metrics was rederived behind WinCare contracts rather than retaining donor packaging.,Local maintenance metrics,src/WinCare/Providers/86-Maintenance.ps1#Get-WinCareMaintenanceMetrics;src/WinCare/Providers/86-Maintenance.ps1#ConvertTo-WinCarePrometheusMaintenanceMetrics,Metrics are derived from the protected local store and expose no user secrets.,Untrusted content cannot acquire execution or administrative authority.,tests/Wave2.Convergence.Tests.ps1#D25-MAINTENANCE-METRICS,"TUI, headless JSON, reports",additive; one target-native authority path; no donor runtime becomes authoritative,provenance retained; technical convergence requested; target implementation remains independently governed,medium,n/a,high,statically-validated
D25-NETWORK-EXPORTER-GUARDRAIL,n/a,CG-NETWORK,D25,Network trust,Unauthenticated network metrics endpoint,mechanism or evidence cluster,executable behavior,context-dependent,main.go,a8ede609be950e2fa32eb30729e0746bab49a2eb8e5774bc949c0d6ba8692cb1,n/a,guardrail derivation,negative-to-guardrail,guardrail-derived,Unauthenticated network metrics endpoint was rederived behind WinCare contracts rather than retaining donor packaging.,Local-only metrics,src/WinCare/Providers/86-Maintenance.ps1;src/WinCare/Core/01-Config.ps1,"Behavior is typed, bounded, previewed, policy-gated, journaled, and independently verifiable.",WinCare never opens a metrics listener or sends telemetry; telemetry configuration accepts only Disabled.,tests/Wave2.Convergence.Tests.ps1#D25-NETWORK-EXPORTER-GUARDRAIL,"TUI, headless JSON, reports",additive; one target-native authority path; no donor runtime becomes authoritative,provenance retained; technical convergence requested; target implementation remains independently governed,high,n/a,high,statically-validated
D25-PROMETHEUS-EXPORTER,n/a,CG-PROMETHEUS,D25,Metrics export,Prometheus exposition format,mechanism or evidence cluster,executable behavior,context-dependent,README.md,49544f9fd842f9b1f8feab37f196633f5c9145cd09699d0ac717a2182f6b74ed,n/a,specialization,many-to-one,adapted,Prometheus exposition format was rederived behind WinCare contracts rather than retaining donor packaging.,Local Prometheus text export,src/WinCare/Providers/86-Maintenance.ps1#New-WinCareMaintenanceMetricsExportPlan,WinCare writes an exact local text file and creates no listener or remote telemetry.,Untrusted content cannot acquire execution or administrative authority.,tests/Wave2.Convergence.Tests.ps1#D25-PROMETHEUS-EXPORTER,"TUI, headless JSON, reports",additive; one target-native authority path; no donor runtime becomes authoritative,provenance retained; technical convergence requested; target implementation remains independently governed,medium,n/a,high,statically-validated
D25-SURFACE-ACCOUNTABILITY,n/a,CG-SURFACE-ACCOUNTABILITY,D25,Evidence,Complete donor surface classification,complete donor tree,evidence accountability,standalone,README.md,49544f9fd842f9b1f8feab37f196633f5c9145cd09699d0ac717a2182f6b74ed,n/a,classification,one-to-many,reference-only,"Every archive member is hashed, classified, and linked to explicit semantic dispositions including generated, vendored, duplicate, and out-of-scope material.",Donor surface accountability,n/a,No donor file is silently omitted.,File count is not treated as semantic completeness.,n/a,Evidence bundle,additive; one target-native authority path; no donor runtime becomes authoritative,provenance retained; technical convergence requested; target implementation remains independently governed,low,n/a,high,verified
D26-APPX-CLEANUP-CATEGORIES,n/a,CG-APPX,D26,Applications,AppX and cleanup category organization,mechanism or evidence cluster,executable behavior,context-dependent,ZyperWin++/ZyperWin++/Appx.cs,cfd8c97050f5aa91c943d1bbd15060738a1fd5ecf6a54ee76d72ed9f9e98033d,n/a,adaptation,many-to-one,adapted,AppX and cleanup category organization was rederived behind WinCare contracts rather than retaining donor packaging.,Application and cleanup workspaces,src/WinCare/Providers/10-Applications.ps1;src/WinCare/Providers/20-Cleanup.ps1,"Discovery and mutation are separate, exact identities are required, and user data is excluded by default.",Untrusted content cannot acquire execution or administrative authority.,tests/Wave2.Convergence.Tests.ps1#D26-APPX-CLEANUP-CATEGORIES,"TUI, headless JSON, reports",additive; one target-native authority path; no donor runtime becomes authoritative,provenance retained; technical convergence requested; target implementation remains independently governed,medium,n/a,high,statically-validated
D26-BACKUP-BEFORE-CHANGE,n/a,CG-BACKUP,D26,Recovery,Backup-oriented optimization workflow,mechanism or evidence cluster,executable behavior,context-dependent,ZyperWin++/ZyperWin++/Backup.cs,cab1a32c22a93e3470cd473d397283c1909b9087b979ba8c6784e6fb6b46758c,n/a,recomposition,many-to-one,hardened,Backup-oriented optimization workflow was rederived behind WinCare contracts rather than retaining donor packaging.,Transactional recovery,src/WinCare/Core/09-Transactions.ps1;src/WinCare/Providers/85-Recovery.ps1,Consequential changes journal pre-state and expose truthful recovery semantics.,Untrusted content cannot acquire execution or administrative authority.,tests/Wave2.Convergence.Tests.ps1#D26-BACKUP-BEFORE-CHANGE,"TUI, headless JSON, reports",additive; one target-native authority path; no donor runtime becomes authoritative,provenance retained; technical convergence requested; target implementation remains independently governed,high,n/a,high,statically-validated
D26-CATEGORY-NAVIGATION,n/a,CG-CATEGORY,D26,Product UX,Categorized Windows utility navigation,mechanism or evidence cluster,executable behavior,context-dependent,ZyperWin++/ZyperWin++/MainMenu.cs,279a229127679ea09152b088e59269a5d747460ecd54861ae7fbf76ea431ac2b,n/a,inspiration,idea-to-native,inspired-native,Categorized Windows utility navigation was rederived behind WinCare contracts rather than retaining donor packaging.,Comprehensive workspace navigation,src/WinCare/UI/99-Main.ps1;src/WinCare/UI/97-CommandPalette.ps1,Every visible workspace routes to implemented behavior and remains searchable.,Untrusted content cannot acquire execution or administrative authority.,tests/Wave2.Convergence.Tests.ps1#D26-CATEGORY-NAVIGATION,"TUI, headless JSON, reports",additive; one target-native authority path; no donor runtime becomes authoritative,provenance retained; technical convergence requested; target implementation remains independently governed,medium,n/a,high,statically-validated
D26-DEFENDER-ACTIVATION-GUARDRAIL,n/a,CG-DEFENDER,D26,Security,Defender and activation mutation surfaces,mechanism or evidence cluster,executable behavior,context-dependent,ZyperWin++/ZyperWin++/Defender.cs,c2422c944f371952a7d7b1ab342200ac8e9c816046ef244169f376bfdd1a557d,n/a,guardrail derivation,negative-to-guardrail,guardrail-derived,Defender and activation mutation surfaces was rederived behind WinCare contracts rather than retaining donor packaging.,Security authority boundaries,src/WinCare/Providers/75-Security.ps1;src/WinCare/Core/11-ActionContracts.ps1,"Behavior is typed, bounded, previewed, policy-gated, journaled, and independently verifiable.",WinCare does not disable Defender or perform software activation bypasses.,tests/Wave2.Convergence.Tests.ps1#D26-DEFENDER-ACTIVATION-GUARDRAIL,"TUI, headless JSON, reports",additive; one target-native authority path; no donor runtime becomes authoritative,provenance retained; technical convergence requested; target implementation remains independently governed,critical,n/a,high,statically-validated
D26-SURFACE-ACCOUNTABILITY,n/a,CG-SURFACE-ACCOUNTABILITY,D26,Evidence,Complete donor surface classification,complete donor tree,evidence accountability,standalone,README.md,582d52a458ce0ba01309723099213e38f6eb1c29d1bcf24527f5b0d7a8c82652,n/a,classification,one-to-many,reference-only,"Every archive member is hashed, classified, and linked to explicit semantic dispositions including generated, vendored, duplicate, and out-of-scope material.",Donor surface accountability,n/a,No donor file is silently omitted.,File count is not treated as semantic completeness.,n/a,Evidence bundle,additive; one target-native authority path; no donor runtime becomes authoritative,provenance retained; technical convergence requested; target implementation remains independently governed,low,n/a,high,verified
D27-BOOT-MEDIA-GUARDRAIL,n/a,CG-BOOT,D27,Boot trust,Ventoy and boot-media modification,mechanism or evidence cluster,executable behavior,context-dependent,README.md,b60a47203d308b786d0e3558db3f862d9d4d46868f1f8474b3a268dbfedfc07b,n/a,guardrail derivation,negative-to-guardrail,guardrail-derived,Ventoy and boot-media modification was rederived behind WinCare contracts rather than retaining donor packaging.,Boot diagnostics boundary,src/WinCare/Providers/78-Boot.ps1;src/WinCare/Core/11-ActionContracts.ps1,"Behavior is typed, bounded, previewed, policy-gated, journaled, and independently verifiable.","WinCare does not replace bootloaders, modify EFI files, or automate hardware-requirement bypasses.",tests/Wave2.Convergence.Tests.ps1#D27-BOOT-MEDIA-GUARDRAIL,"TUI, headless JSON, reports",additive; one target-native authority path; no donor runtime becomes authoritative,provenance retained; technical convergence requested; target implementation remains independently governed,critical,n/a,high,statically-validated
D27-PAGEFILE-SIZING,D27-UNATTENDED-INSTALL,C54-GOVERNED-MEMORY,D27,memory,Unattended page-file sizing preset as bounded input evidence,configuration,preset/template,standalone,ventoy/autounattend.xml,8cdc887aa5bd41236f7853b9510f5a0e36fbac28021aa8de1d49a045075bdfa9,page-file registry and setup values,synthesis,many-to-one,synthesized,The unattended preset demonstrates deployment-time paging intent. WinCare generalizes it into validated fixed-drive records and preserves system-managed paging as the recommended default instead of copying one machine-specific size.,Governed page-file management,src/WinCare/Providers/56-MemoryManagement.ps1#Test-WinCarePageFileSettingRecord;src/WinCare/Providers/56-MemoryManagement.ps1#Get-WinCarePageFileRecommendation,"Custom settings require exact drive-root paths, fixed local volumes, free-space checks, and initial<=maximum bounds.",Unattended numeric defaults are never treated as universally optimal.,tests/Expert.Convergence.Tests.ps1#admits only bounded page-file records,Headless pagefile/pagefile-set and TUI expert workspace,No destructive migration; existing configuration is snapshotted before change.,technical convergence requested; provenance retained,medium,D27-UNATTENDED-INSTALL;D08-PAGEFILE-EXPERIMENT,high,statically-validated
D27-PLAYBOOK-DRIVERS,n/a,CG-PLAYBOOK,D27,Offline deployment,Driver injection for installation media,mechanism or evidence cluster,executable behavior,context-dependent,Add-More-Features.ps1,a0c523793253b5a1c588d958b51f8502edfd4bed42aa59d3b97953728143b148,n/a,hardening,many-to-one,hardened,Driver injection for installation media was rederived behind WinCare contracts rather than retaining donor packaging.,Offline driver servicing,src/WinCare/Providers/77-OfflineImage.ps1,Driver sources and mounted image identity are validated; unsigned force requires critical policy.,Untrusted content cannot acquire execution or administrative authority.,tests/Wave2.Convergence.Tests.ps1#D27-PLAYBOOK-DRIVERS,"TUI, headless JSON, reports",additive; one target-native authority path; no donor runtime becomes authoritative,provenance retained; technical convergence requested; target implementation remains independently governed,critical,n/a,high,statically-validated
D27-PLAYBOOK-FEATURES,n/a,CG-PLAYBOOK,D27,Offline deployment,Optional feature enablement,mechanism or evidence cluster,executable behavior,context-dependent,Add-More-Features.ps1,a0c523793253b5a1c588d958b51f8502edfd4bed42aa59d3b97953728143b148,n/a,adaptation,many-to-one,adapted,Optional feature enablement was rederived behind WinCare contracts rather than retaining donor packaging.,Offline feature servicing,src/WinCare/Providers/77-OfflineImage.ps1#New-WinCareOfflineFeaturePlan,Feature state is discovered before mutation and restored by an executable compensator.,Untrusted content cannot acquire execution or administrative authority.,tests/Wave2.Convergence.Tests.ps1#D27-PLAYBOOK-FEATURES,"TUI, headless JSON, reports",additive; one target-native authority path; no donor runtime becomes authoritative,provenance retained; technical convergence requested; target implementation remains independently governed,high,n/a,high,statically-validated
D27-PLAYBOOK-PACKAGES,n/a,CG-PLAYBOOK,D27,Offline deployment,Offline updates and packages,mechanism or evidence cluster,executable behavior,context-dependent,Updates.ps1,42ff777587701b91a8866f73984a2152627eecf2aedf9cdf1dbe6b8b549b98a2,n/a,adaptation,many-to-one,adapted,Offline updates and packages was rederived behind WinCare contracts rather than retaining donor packaging.,Offline package servicing,src/WinCare/Providers/77-OfflineImage.ps1#New-WinCareOfflinePackageAddPlan,Only CAB/MSU packages are accepted and non-reversibility is disclosed.,Untrusted content cannot acquire execution or administrative authority.,tests/Wave2.Convergence.Tests.ps1#D27-PLAYBOOK-PACKAGES,"TUI, headless JSON, reports",additive; one target-native authority path; no donor runtime becomes authoritative,provenance retained; technical convergence requested; target implementation remains independently governed,critical,n/a,high,statically-validated
D27-SURFACE-ACCOUNTABILITY,n/a,CG-SURFACE-ACCOUNTABILITY,D27,Evidence,Complete donor surface classification,complete donor tree,evidence accountability,standalone,README.md,b60a47203d308b786d0e3558db3f862d9d4d46868f1f8474b3a268dbfedfc07b,n/a,classification,one-to-many,reference-only,"Every archive member is hashed, classified, and linked to explicit semantic dispositions including generated, vendored, duplicate, and out-of-scope material.",Donor surface accountability,n/a,No donor file is silently omitted.,File count is not treated as semantic completeness.,n/a,Evidence bundle,additive; one target-native authority path; no donor runtime becomes authoritative,provenance retained; technical convergence requested; target implementation remains independently governed,low,n/a,high,verified
D27-UNATTENDED-INSTALL,n/a,CG-UNATTENDED,D27,Provisioning,Unattended Windows installation media,mechanism or evidence cluster,executable behavior,context-dependent,ventoy/autounattend.xml,8cdc887aa5bd41236f7853b9510f5a0e36fbac28021aa8de1d49a045075bdfa9,n/a,hardening,many-to-one,hardened,Unattended Windows installation media was rederived behind WinCare contracts rather than retaining donor packaging.,Unattend analysis and provisioning,src/WinCare/Providers/72-Provisioning.ps1;src/WinCare/UI/Screens/72-Provisioning.ps1,Unattend content is parsed as data; embedded commands and bypasses are surfaced rather than executed.,Untrusted content cannot acquire execution or administrative authority.,tests/Wave2.Convergence.Tests.ps1#D27-UNATTENDED-INSTALL,"TUI, headless JSON, reports",additive; one target-native authority path; no donor runtime becomes authoritative,provenance retained; technical convergence requested; target implementation remains independently governed,critical,n/a,high,statically-validated
D28-INJECTION-GUARDRAIL,n/a,CG-INJECTION,D28,Process trust,Global code injection and API hooking runtime,mechanism or evidence cluster,executable behavior,context-dependent,README.md,e2f31658e3202ef455bec268db8a346e8560691506db3c7977e652c91c976cf5,n/a,guardrail derivation,negative-to-guardrail,guardrail-derived,Global code injection and API hooking runtime was rederived behind WinCare contracts rather than retaining donor packaging.,Read-only customizer governance,src/WinCare/Providers/81-Customization.ps1;src/WinCare/Core/11-ActionContracts.ps1,"Behavior is typed, bounded, previewed, policy-gated, journaled, and independently verifiable.","WinCare does not inject code, patch processes, compile mods, or grant donor hooks authority.",tests/Wave2.Convergence.Tests.ps1#D28-INJECTION-GUARDRAIL,"TUI, headless JSON, reports",additive; one target-native authority path; no donor runtime becomes authoritative,provenance retained; technical convergence requested; target implementation remains independently governed,critical,n/a,high,statically-validated
D28-MOD-HOST,n/a,CG-MOD,D28,Customization,Customization host discovery and state,mechanism or evidence cluster,executable behavior,context-dependent,.gitattributes,54073e8de8f3d83fa9ab76e22fe42b3938f28208bd2ed4636bf51cf3eb84cd8d,n/a,adaptation,many-to-one,adapted,Customization host discovery and state was rederived behind WinCare contracts rather than retaining donor packaging.,External customizer inventory,src/WinCare/Providers/81-Customization.ps1#Get-WinCareCustomizationHost,External hosts are non-authoritative and write access is separately policy-gated.,Untrusted content cannot acquire execution or administrative authority.,tests/Wave2.Convergence.Tests.ps1#D28-MOD-HOST,"TUI, headless JSON, reports",additive; one target-native authority path; no donor runtime becomes authoritative,provenance retained; technical convergence requested; target implementation remains independently governed,medium,n/a,high,statically-validated
D28-MOD-MANIFEST,n/a,CG-MOD,D28,Customization,Windhawk mod metadata manifest,mechanism or evidence cluster,executable behavior,context-dependent,README.md,e2f31658e3202ef455bec268db8a346e8560691506db3c7977e652c91c976cf5,n/a,extraction,many-to-one,extracted,Windhawk mod metadata manifest was rederived behind WinCare contracts rather than retaining donor packaging.,Windhawk mod inventory,src/WinCare/Providers/81-Customization.ps1#Get-WinCareWindhawkModInventory,"Mod metadata and source hashes are observed without compilation, injection, or activation.",Untrusted content cannot acquire execution or administrative authority.,tests/Wave2.Convergence.Tests.ps1#D28-MOD-MANIFEST,"TUI, headless JSON, reports",additive; one target-native authority path; no donor runtime becomes authoritative,provenance retained; technical convergence requested; target implementation remains independently governed,medium,n/a,high,statically-validated
D28-MOD-SETTINGS-SCHEMA,n/a,CG-MOD,D28,Configuration,Mod settings and typed metadata,mechanism or evidence cluster,executable behavior,context-dependent,.gitattributes,54073e8de8f3d83fa9ab76e22fe42b3938f28208bd2ed4636bf51cf3eb84cd8d,n/a,inspiration,idea-to-native,inspired-native,Mod settings and typed metadata was rederived behind WinCare contracts rather than retaining donor packaging.,Customization configuration,src/WinCare/Core/01-Config.ps1;src/WinCare/Providers/81-Customization.ps1,WinCare accepts only strict built-in schemas and bounded values.,Untrusted content cannot acquire execution or administrative authority.,tests/Wave2.Convergence.Tests.ps1#D28-MOD-SETTINGS-SCHEMA,"TUI, headless JSON, reports",additive; one target-native authority path; no donor runtime becomes authoritative,provenance retained; technical convergence requested; target implementation remains independently governed,medium,n/a,high,statically-validated
D28-SUPPORTED-INSTRUMENTATION,D28-INJECTION-GUARDRAIL,C57-SUPPORTED-INSTRUMENTATION,D28,process instrumentation,Global-hook value decomposed into supported observation and defensive admission,documentation,architectural pattern,context-dependent,README.md,e2f31658e3202ef455bec268db8a346e8560691506db3c7977e652c91c976cf5,process injection and mod runtime architecture,rederivation,negative-to-guardrail,inspired-native,"The donor demonstrates why cross-process instrumentation is valuable and why broad injection is authority-sensitive. WinCare implements ETW capture, module/signature inventory, Sysmon remote-thread evidence, and precise loading-surface inventory/quarantine while never exposing payload allocation, remote memory writes, thread creation, or global hooks.",Supported process instrumentation,src/WinCare/Providers/93-ProcessInstrumentation.ps1#New-WinCareEtwCapturePlan;src/WinCare/Providers/93-ProcessInstrumentation.ps1#Get-WinCareInjectionSurface;src/WinCare/Core/01-Config.ps1#Get-WinCareDefaultPolicy,"Observation uses Windows-supported telemetry; defensive mutation is exact, policy-gated, verified, and reversible.","Arbitrary process injection, remote-thread creation, memory writing, and global hooks remain non-capabilities.",tests/Expert.Convergence.Tests.ps1#absorbs injection value through supported observation and defensive remediation only,Expert laboratory > Process instrumentation and injection defense,No migration; adds reports and protected remediation through existing transactions.,technical convergence requested; provenance retained,critical,D28-INJECTION-GUARDRAIL;D20-SYSMON-CONFIG;D23-EXPLOIT-COUNTEREXAMPLES,high,statically-validated
D28-SURFACE-ACCOUNTABILITY,n/a,CG-SURFACE-ACCOUNTABILITY,D28,Evidence,Complete donor surface classification,complete donor tree,evidence accountability,standalone,README.md,e2f31658e3202ef455bec268db8a346e8560691506db3c7977e652c91c976cf5,n/a,classification,one-to-many,reference-only,"Every archive member is hashed, classified, and linked to explicit semantic dispositions including generated, vendored, duplicate, and out-of-scope material.",Donor surface accountability,n/a,No donor file is silently omitted.,File count is not treated as semantic completeness.,n/a,Evidence bundle,additive; one target-native authority path; no donor runtime becomes authoritative,provenance retained; technical convergence requested; target implementation remains independently governed,low,n/a,high,verified
D29-ARBITRARY-MENU-COMMAND-GUARDRAIL,n/a,CG-ARBITRARY,D29,Execution trust,PowerShell and arbitrary command menu samples,mechanism or evidence cluster,executable behavior,context-dependent,menuSample/Calculate Md5 By PowerShell.json,19782b34cedde791de5c6e3bd9e13b2782e37e8db39dc6239f8df632e64c9ad3,n/a,guardrail derivation,negative-to-guardrail,guardrail-derived,PowerShell and arbitrary command menu samples was rederived behind WinCare contracts rather than retaining donor packaging.,Safe context-menu boundary,src/WinCare/Providers/81-Customization.ps1;src/WinCare/Core/11-ActionContracts.ps1,"Behavior is typed, bounded, previewed, policy-gated, journaled, and independently verifiable.",WinCare validates imported definitions but does not execute or install arbitrary command strings.,tests/Wave2.Convergence.Tests.ps1#D29-ARBITRARY-MENU-COMMAND-GUARDRAIL,"TUI, headless JSON, reports",additive; one target-native authority path; no donor runtime becomes authoritative,provenance retained; technical convergence requested; target implementation remains independently governed,critical,n/a,high,statically-validated
D29-FILE-SELECTION-PREDICATES,n/a,CG-FILE,D29,Shell customization,File directory extension and multi-selection predicates,mechanism or evidence cluster,executable behavior,context-dependent,menuSample/Open In Explorer.json,61c8902005e48c02589ce3ff8c3dab14b3e13942218a44846bb394c8ef95acab,n/a,adaptation,many-to-one,adapted,File directory extension and multi-selection predicates was rederived behind WinCare contracts rather than retaining donor packaging.,Context-menu selection predicates,src/WinCare/Providers/81-Customization.ps1#Test-WinCareModernContextMenuDefinition,Predicates are declarative data and do not execute during admission.,Untrusted content cannot acquire execution or administrative authority.,tests/Wave2.Convergence.Tests.ps1#D29-FILE-SELECTION-PREDICATES,"TUI, headless JSON, reports",additive; one target-native authority path; no donor runtime becomes authoritative,provenance retained; technical convergence requested; target implementation remains independently governed,medium,n/a,high,statically-validated
D29-MODERN-MENU-HOST,n/a,CG-MODERN,D29,Product integration,Packaged Windows 11 context-menu host,mechanism or evidence cluster,executable behavior,context-dependent,ContextMenuCustom/ContextMenuCustom.sln,6bb6df2fb1510670f03b935c181f21b07128284f38d68d7490916fe0c0e3052f,n/a,adaptation,one-to-one,adapted,Packaged Windows 11 context-menu host was rederived behind WinCare contracts rather than retaining donor packaging.,External modern-menu host inventory,src/WinCare/Providers/81-Customization.ps1#Get-WinCareCustomizationHost,The external host remains separately installed and non-authoritative.,Untrusted content cannot acquire execution or administrative authority.,tests/Wave2.Convergence.Tests.ps1#D29-MODERN-MENU-HOST,"TUI, headless JSON, reports",additive; one target-native authority path; no donor runtime becomes authoritative,provenance retained; technical convergence requested; target implementation remains independently governed,medium,n/a,high,statically-validated
D29-MODERN-MENU-SCHEMA,n/a,CG-MODERN,D29,Shell customization,JSON schema for modern context-menu definitions,mechanism or evidence cluster,executable behavior,context-dependent,menu.schema.json,c767f2679679c74b83ac1b9e857b29ac3ca585b4bec788334240acbe794bd4d6,n/a,adaptation,one-to-one,adapted,JSON schema for modern context-menu definitions was rederived behind WinCare contracts rather than retaining donor packaging.,Modern context-menu validation,src/WinCare/Providers/81-Customization.ps1#Test-WinCareModernContextMenuDefinition,"Unknown keys, oversized arrays, invalid executables, and malformed predicates fail closed.",Untrusted content cannot acquire execution or administrative authority.,tests/Wave2.Convergence.Tests.ps1#D29-MODERN-MENU-SCHEMA,"TUI, headless JSON, reports",additive; one target-native authority path; no donor runtime becomes authoritative,provenance retained; technical convergence requested; target implementation remains independently governed,medium,n/a,high,statically-validated
D29-SURFACE-ACCOUNTABILITY,n/a,CG-SURFACE-ACCOUNTABILITY,D29,Evidence,Complete donor surface classification,complete donor tree,evidence accountability,standalone,README.md,531a49a18925ea2182363dc00c5c418bef2533b53e95b47da1bc98e51cbf4245,n/a,classification,one-to-many,reference-only,"Every archive member is hashed, classified, and linked to explicit semantic dispositions including generated, vendored, duplicate, and out-of-scope material.",Donor surface accountability,n/a,No donor file is silently omitted.,File count is not treated as semantic completeness.,n/a,Evidence bundle,additive; one target-native authority path; no donor runtime becomes authoritative,provenance retained; technical convergence requested; target implementation remains independently governed,low,n/a,high,verified
D30-DUPLICATE-RAINMETER,n/a,CG-DUPLICATE,D30,Evidence quality,Byte-identical Rainmeter donor duplicate,mechanism or evidence cluster,executable behavior,context-dependent,README.md,cc0ba3237236b37d08f4a357a42ab6003b741f8a6ad9a9230fad6f3346b1418d,n/a,deduplication,many-to-one,reference-only,This archive is byte-identical to D22 and adds provenance confirmation but no independent implementation authority.,n/a,n/a,Duplicate evidence is accounted without double-counting semantic novelty.,Untrusted content cannot acquire execution or administrative authority.,n/a,n/a,additive; one target-native authority path; no donor runtime becomes authoritative,provenance retained; technical convergence requested; target implementation remains independently governed,low,n/a,high,verified
D30-SURFACE-ACCOUNTABILITY,n/a,CG-SURFACE-ACCOUNTABILITY,D30,Evidence,Complete donor surface classification,complete donor tree,evidence accountability,standalone,README.md,cc0ba3237236b37d08f4a357a42ab6003b741f8a6ad9a9230fad6f3346b1418d,n/a,classification,one-to-many,reference-only,"Every archive member is hashed, classified, and linked to explicit semantic dispositions including generated, vendored, duplicate, and out-of-scope material.",Donor surface accountability,n/a,No donor file is silently omitted.,File count is not treated as semantic completeness.,n/a,Evidence bundle,additive; one target-native authority path; no donor runtime becomes authoritative,provenance retained; technical convergence requested; target implementation remains independently governed,low,n/a,high,verified
D31-EXPLORER-CUSTOMIZER,n/a,CG-EXPLORER,D31,Customization host,Explorer shell customization host,mechanism or evidence cluster,executable behavior,context-dependent,README.md,a9efbaab97cf943410dee82c122f5eb4d2003e505c0a7c130194df573e22267e,n/a,adaptation,many-to-one,adapted,Explorer shell customization host was rederived behind WinCare contracts rather than retaining donor packaging.,External customizer inventory,src/WinCare/Providers/81-Customization.ps1#Get-WinCareCustomizationHost,Detected installation and process state are informational and non-authoritative.,Untrusted content cannot acquire execution or administrative authority.,tests/Wave2.Convergence.Tests.ps1#D31-EXPLORER-CUSTOMIZER,"TUI, headless JSON, reports",additive; one target-native authority path; no donor runtime becomes authoritative,provenance retained; technical convergence requested; target implementation remains independently governed,medium,n/a,high,statically-validated
D31-EXPLORER-PATCHING-GUARDRAIL,n/a,CG-EXPLORER,D31,Process and shell trust,ShellExperienceHost and Explorer binary patching,mechanism or evidence cluster,executable behavior,context-dependent,ExplorerPatcher/ShellExperienceHostPatches.cpp,c085afa1d14b0463f893d1d6546c86d885134a02f7f22191dd1212b8afb20fa6,n/a,guardrail derivation,negative-to-guardrail,guardrail-derived,ShellExperienceHost and Explorer binary patching was rederived behind WinCare contracts rather than retaining donor packaging.,Shell integrity guardrail,src/WinCare/Core/11-ActionContracts.ps1;src/WinCare/Providers/81-Customization.ps1,"Behavior is typed, bounded, previewed, policy-gated, journaled, and independently verifiable.","WinCare does not patch shell binaries, detour APIs, inject DLLs, or replace Explorer components.",tests/Wave2.Convergence.Tests.ps1#D31-EXPLORER-PATCHING-GUARDRAIL,"TUI, headless JSON, reports",additive; one target-native authority path; no donor runtime becomes authoritative,provenance retained; technical convergence requested; target implementation remains independently governed,critical,n/a,high,statically-validated
D31-SETTINGS-MODEL,n/a,CG-SETTINGS,D31,Shell customization,ExplorerPatcher settings and start-menu model,mechanism or evidence cluster,executable behavior,context-dependent,ExplorerPatcher/StartMenuSettings.cpp,5688106d7c69efb833ac2167630a67f4c41b58f6e78660ab3a0c2a0e31680430,n/a,extraction,many-to-one,extracted,ExplorerPatcher settings and start-menu model was rederived behind WinCare contracts rather than retaining donor packaging.,ExplorerPatcher state inventory,src/WinCare/Providers/81-Customization.ps1#Get-WinCareExplorerPatcherState,WinCare captures a bounded settings snapshot and hash without writing or patching Explorer.,Untrusted content cannot acquire execution or administrative authority.,tests/Wave2.Convergence.Tests.ps1#D31-SETTINGS-MODEL,"TUI, headless JSON, reports",additive; one target-native authority path; no donor runtime becomes authoritative,provenance retained; technical convergence requested; target implementation remains independently governed,medium,n/a,high,statically-validated
D31-START-MENU-BEHAVIOR,n/a,CG-START,D31,Product UX,Start menu and taskbar behavior surfaces,mechanism or evidence cluster,executable behavior,context-dependent,ExplorerPatcher/StartMenu.c,694b0a1d3a46759d5770c49c16e5d4c064772001111d4f7cd6eb80f3689d2dbc,n/a,inspiration,idea-to-native,inspired-native,Start menu and taskbar behavior surfaces was rederived behind WinCare contracts rather than retaining donor packaging.,Start-menu customization reference,src/WinCare/Providers/81-Customization.ps1;src/WinCare/UI/Screens/81-Customization.ps1,WinCare reports compatibility and state rather than replacing Windows shell binaries.,Untrusted content cannot acquire execution or administrative authority.,tests/Wave2.Convergence.Tests.ps1#D31-START-MENU-BEHAVIOR,"TUI, headless JSON, reports",additive; one target-native authority path; no donor runtime becomes authoritative,provenance retained; technical convergence requested; target implementation remains independently governed,medium,n/a,high,statically-validated
D31-SURFACE-ACCOUNTABILITY,n/a,CG-SURFACE-ACCOUNTABILITY,D31,Evidence,Complete donor surface classification,complete donor tree,evidence accountability,standalone,README.md,a9efbaab97cf943410dee82c122f5eb4d2003e505c0a7c130194df573e22267e,n/a,classification,one-to-many,reference-only,"Every archive member is hashed, classified, and linked to explicit semantic dispositions including generated, vendored, duplicate, and out-of-scope material.",Donor surface accountability,n/a,No donor file is silently omitted.,File count is not treated as semantic completeness.,n/a,Evidence bundle,additive; one target-native authority path; no donor runtime becomes authoritative,provenance retained; technical convergence requested; target implementation remains independently governed,low,n/a,high,verified
D31-VERSION-LOCALIZATION-REFERENCE,n/a,CG-VERSION,D31,Compatibility,Build-specific behavior and localization corpus,mechanism or evidence cluster,executable behavior,context-dependent,ExplorerPatcher/Localization.cpp,42d7f43529761044a3d08bf59a1f7a352aac04b20fd5c692266f42a31d1226f7,n/a,reference,one-to-one,reference-only,"Build-specific shell internals and translations remain reference material for diagnostics, not portable code.",Shell compatibility reference,n/a,Unsupported build-specific behavior is reported unavailable.,Untrusted content cannot acquire execution or administrative authority.,n/a,Compatibility evidence,additive; one target-native authority path; no donor runtime becomes authoritative,provenance retained; technical convergence requested; target implementation remains independently governed,medium,n/a,high,reviewed
D32-DUPLICATE-EXPLORERPATCHER,n/a,CG-DUPLICATE,D32,Evidence quality,Byte-identical ExplorerPatcher donor duplicate,mechanism or evidence cluster,executable behavior,context-dependent,README.md,a9efbaab97cf943410dee82c122f5eb4d2003e505c0a7c130194df573e22267e,n/a,deduplication,many-to-one,reference-only,This archive duplicates D31 and is retained for complete provenance without duplicating target behavior.,n/a,n/a,Duplicate evidence cannot create a second authority path.,Untrusted content cannot acquire execution or administrative authority.,n/a,n/a,additive; one target-native authority path; no donor runtime becomes authoritative,provenance retained; technical convergence requested; target implementation remains independently governed,low,n/a,high,verified
D32-SURFACE-ACCOUNTABILITY,n/a,CG-SURFACE-ACCOUNTABILITY,D32,Evidence,Complete donor surface classification,complete donor tree,evidence accountability,standalone,README.md,a9efbaab97cf943410dee82c122f5eb4d2003e505c0a7c130194df573e22267e,n/a,classification,one-to-many,reference-only,"Every archive member is hashed, classified, and linked to explicit semantic dispositions including generated, vendored, duplicate, and out-of-scope material.",Donor surface accountability,n/a,No donor file is silently omitted.,File count is not treated as semantic completeness.,n/a,Evidence bundle,additive; one target-native authority path; no donor runtime becomes authoritative,provenance retained; technical convergence requested; target implementation remains independently governed,low,n/a,high,verified
D33-DUPLICATE-RAINMETER,n/a,CG-DUPLICATE,D33,Evidence quality,Second byte-identical Rainmeter donor duplicate,mechanism or evidence cluster,executable behavior,context-dependent,README.md,cc0ba3237236b37d08f4a357a42ab6003b741f8a6ad9a9230fad6f3346b1418d,n/a,deduplication,many-to-one,reference-only,This archive is byte-identical to D22/D30 and adds no independent semantic implementation.,n/a,n/a,Duplicate evidence is retained and deduplicated.,Untrusted content cannot acquire execution or administrative authority.,n/a,n/a,additive; one target-native authority path; no donor runtime becomes authoritative,provenance retained; technical convergence requested; target implementation remains independently governed,low,n/a,high,verified
D33-SURFACE-ACCOUNTABILITY,n/a,CG-SURFACE-ACCOUNTABILITY,D33,Evidence,Complete donor surface classification,complete donor tree,evidence accountability,standalone,README.md,cc0ba3237236b37d08f4a357a42ab6003b741f8a6ad9a9230fad6f3346b1418d,n/a,classification,one-to-many,reference-only,"Every archive member is hashed, classified, and linked to explicit semantic dispositions including generated, vendored, duplicate, and out-of-scope material.",Donor surface accountability,n/a,No donor file is silently omitted.,File count is not treated as semantic completeness.,n/a,Evidence bundle,additive; one target-native authority path; no donor runtime becomes authoritative,provenance retained; technical convergence requested; target implementation remains independently governed,low,n/a,high,verified
D34-BLUETOOTH-DEVICE-TELEMETRY,n/a,CG-BLUETOOTH,D34,Devices,Bluetooth and AirPods battery observations,mechanism or evidence cluster,executable behavior,context-dependent,Source/Core/AirPods.cpp,95b464d62694e87151e074c1bd2aaa6937ecc82344b1c8b8d548deba68977f9c,n/a,rederivation,many-to-one,inspired-native,Bluetooth and AirPods battery observations was rederived behind WinCare contracts rather than retaining donor packaging.,Bluetooth device telemetry,src/WinCare/Providers/84-Bluetooth.ps1;src/WinCare/UI/Screens/84-Bluetooth.ps1,"WinCare uses supported PnP properties, bounded scans, and read-only observations.",Untrusted content cannot acquire execution or administrative authority.,tests/Wave2.Convergence.Tests.ps1#D34-BLUETOOTH-DEVICE-TELEMETRY,"TUI, headless JSON, reports",additive; one target-native authority path; no donor runtime becomes authoritative,provenance retained; technical convergence requested; target implementation remains independently governed,medium,n/a,high,statically-validated
D34-BLUETOOTH-UX,n/a,CG-BLUETOOTH,D34,Product UX,Tray and compact device status experience,mechanism or evidence cluster,executable behavior,context-dependent,Source/Application.cpp,30062fb3ae1ab1579ae24d5ef9e4a5244c3ab9b5dbc52ab962eb8b760507a6ba,n/a,inspiration,idea-to-native,inspired-native,Tray and compact device status experience was rederived behind WinCare contracts rather than retaining donor packaging.,Bluetooth widget,src/WinCare/Data/Catalog/widgets.json;src/WinCare/Providers/83-Widgets.ps1,"Device status is represented textually and remains useful without icons, animations, or color.",Untrusted content cannot acquire execution or administrative authority.,tests/Wave2.Convergence.Tests.ps1#D34-BLUETOOTH-UX,"TUI, headless JSON, reports",additive; one target-native authority path; no donor runtime becomes authoritative,provenance retained; technical convergence requested; target implementation remains independently governed,medium,n/a,high,statically-validated
D34-CUSTOM-DRIVER-GUARDRAIL,n/a,CG-CUSTOM,D34,Driver trust,Custom Bluetooth driver and low-latency integration,mechanism or evidence cluster,executable behavior,context-dependent,README.md,159c11da40293432992678b48f707459e0f2262ef2cdba49433ed61768af46d7,n/a,guardrail derivation,negative-to-guardrail,guardrail-derived,Custom Bluetooth driver and low-latency integration was rederived behind WinCare contracts rather than retaining donor packaging.,Windows-owned Bluetooth boundary,src/WinCare/Providers/84-Bluetooth.ps1;src/WinCare/Core/11-ActionContracts.ps1,"Behavior is typed, bounded, previewed, policy-gated, journaled, and independently verifiable.","WinCare does not install Bluetooth drivers, bypass Windows pairing, spoof devices, or claim unsupported low-latency behavior.",tests/Wave2.Convergence.Tests.ps1#D34-CUSTOM-DRIVER-GUARDRAIL,"TUI, headless JSON, reports",additive; one target-native authority path; no donor runtime becomes authoritative,provenance retained; technical convergence requested; target implementation remains independently governed,critical,n/a,high,statically-validated
D34-DEVICE-CONNECTION-STATE,n/a,CG-DEVICE,D34,Devices,Connection and device-state lifecycle,mechanism or evidence cluster,executable behavior,context-dependent,Source/Core/AirPods.cpp,95b464d62694e87151e074c1bd2aaa6937ecc82344b1c8b8d548deba68977f9c,n/a,adaptation,many-to-one,adapted,Connection and device-state lifecycle was rederived behind WinCare contracts rather than retaining donor packaging.,Bluetooth connection evidence,src/WinCare/Providers/84-Bluetooth.ps1#Get-WinCareBluetoothDevice;src/WinCare/Providers/84-Bluetooth.ps1#Get-WinCareBluetoothEvent,Connection state is observational and uncertain battery fields remain unavailable rather than fabricated.,Untrusted content cannot acquire execution or administrative authority.,tests/Wave2.Convergence.Tests.ps1#D34-DEVICE-CONNECTION-STATE,"TUI, headless JSON, reports",additive; one target-native authority path; no donor runtime becomes authoritative,provenance retained; technical convergence requested; target implementation remains independently governed,medium,n/a,high,statically-validated
D34-DEVICE-LOGGING,n/a,CG-DEVICE,D34,Observability,Device error and logging patterns,mechanism or evidence cluster,executable behavior,context-dependent,Source/Logger.cpp,6be459a2bafcd989618f33e1f8fa45bf4ce3dcfa87eef98bcd430c664b6813fd,n/a,adaptation,one-to-one,adapted,Device error and logging patterns was rederived behind WinCare contracts rather than retaining donor packaging.,Bluetooth event diagnostics,src/WinCare/Providers/84-Bluetooth.ps1#Get-WinCareBluetoothEvent,"Diagnostics are bounded, local, redacted by reporting policy, and do not enable telemetry.",Untrusted content cannot acquire execution or administrative authority.,tests/Wave2.Convergence.Tests.ps1#D34-DEVICE-LOGGING,"TUI, headless JSON, reports",additive; one target-native authority path; no donor runtime becomes authoritative,provenance retained; technical convergence requested; target implementation remains independently governed,medium,n/a,high,statically-validated
D34-SURFACE-ACCOUNTABILITY,n/a,CG-SURFACE-ACCOUNTABILITY,D34,Evidence,Complete donor surface classification,complete donor tree,evidence accountability,standalone,README.md,159c11da40293432992678b48f707459e0f2262ef2cdba49433ed61768af46d7,n/a,classification,one-to-many,reference-only,"Every archive member is hashed, classified, and linked to explicit semantic dispositions including generated, vendored, duplicate, and out-of-scope material.",Donor surface accountability,n/a,No donor file is silently omitted.,File count is not treated as semantic completeness.,n/a,Evidence bundle,additive; one target-native authority path; no donor runtime becomes authoritative,provenance retained; technical convergence requested; target implementation remains independently governed,low,n/a,high,verified
D35-ARBITRARY-MACRO-GUARDRAIL,n/a,CG-ARBITRARY,D35,Execution trust,AHK batch Python and media command execution,mechanism or evidence cluster,executable behavior,context-dependent,runbatonexplorer2.ahk,351aab15561b0299c5d98a569c2fdaf9027f7d40b38364ccc3f062b027fd5287,n/a,guardrail derivation,negative-to-guardrail,guardrail-derived,AHK batch Python and media command execution was rederived behind WinCare contracts rather than retaining donor packaging.,No arbitrary plugin execution,src/WinCare/Core/11-ActionContracts.ps1;src/WinCare/Providers/90-Extensions.ps1,"Behavior is typed, bounded, previewed, policy-gated, journaled, and independently verifiable.","WinCare does not admit AHK, batch, Python, FFmpeg command fragments, or user macros as trusted extensions.",tests/Wave2.Convergence.Tests.ps1#D35-ARBITRARY-MACRO-GUARDRAIL,"TUI, headless JSON, reports",additive; one target-native authority path; no donor runtime becomes authoritative,provenance retained; technical convergence requested; target implementation remains independently governed,critical,n/a,high,statically-validated
D35-BACKUP-RECIPE,n/a,CG-BACKUP,D35,Recovery,Personal backup workflow intent,mechanism or evidence cluster,executable behavior,context-dependent,backups.bat,46448adea6cff52d864a608945bd55e5b1f69cdf6b1eaed2c97f3b58512edea0,n/a,inspiration,idea-to-native,inspired-native,Personal backup workflow intent was rederived behind WinCare contracts rather than retaining donor packaging.,Recovery-first operation design,src/WinCare/Providers/85-Recovery.ps1;src/WinCare/Core/09-Transactions.ps1,"Recovery is explicit, scoped, hash-bound, and never an opaque batch copy.",Untrusted content cannot acquire execution or administrative authority.,tests/Wave2.Convergence.Tests.ps1#D35-BACKUP-RECIPE,"TUI, headless JSON, reports",additive; one target-native authority path; no donor runtime becomes authoritative,provenance retained; technical convergence requested; target implementation remains independently governed,medium,n/a,high,statically-validated
D35-MEDIA-SCRIPTS-REFERENCE,n/a,CG-MEDIA,D35,Out-of-scope workflows,FFmpeg and media-production scripts,mechanism or evidence cluster,executable behavior,context-dependent,FFMPEG Scripts.txt,d09b7de2cdd332235e1fca1325eb99d36cc0edacfde7a14b374fe7ae84ccb100,n/a,reference,one-to-one,reference-only,Media transcoding is outside Windows maintenance; the files are accounted as reference only.,Media workflow reference,n/a,Product scope remains coherent.,Untrusted content cannot acquire execution or administrative authority.,n/a,Evidence only,additive; one target-native authority path; no donor runtime becomes authoritative,provenance retained; technical convergence requested; target implementation remains independently governed,low,n/a,high,reviewed
D35-SURFACE-ACCOUNTABILITY,n/a,CG-SURFACE-ACCOUNTABILITY,D35,Evidence,Complete donor surface classification,complete donor tree,evidence accountability,standalone,README.md,806a965043643189b7980f27d768f329a06b54f6f1e3b50494255b0a7e26baa7,n/a,classification,one-to-many,reference-only,"Every archive member is hashed, classified, and linked to explicit semantic dispositions including generated, vendored, duplicate, and out-of-scope material.",Donor surface accountability,n/a,No donor file is silently omitted.,File count is not treated as semantic completeness.,n/a,Evidence bundle,additive; one target-native authority path; no donor runtime becomes authoritative,provenance retained; technical convergence requested; target implementation remains independently governed,low,n/a,high,verified
D35-USER-MACRO-WORKFLOWS,n/a,CG-USER,D35,Product workflows,User-authored desktop macro ideas,mechanism or evidence cluster,executable behavior,context-dependent,windowsmods.ahk,e69d391266a41632ec2f8ee079e4b8aad33225fe72e790987e55ffb520f36d53,n/a,inspiration,idea-to-native,inspired-native,User-authored desktop macro ideas was rederived behind WinCare contracts rather than retaining donor packaging.,Discoverable quick workflows,src/WinCare/UI/97-CommandPalette.ps1;src/WinCare/UI/Screens/12-QuickActions.ps1,Common workflows are discoverable but invoke only typed WinCare actions.,Untrusted content cannot acquire execution or administrative authority.,tests/Wave2.Convergence.Tests.ps1#D35-USER-MACRO-WORKFLOWS,"TUI, headless JSON, reports",additive; one target-native authority path; no donor runtime becomes authoritative,provenance retained; technical convergence requested; target implementation remains independently governed,medium,n/a,high,statically-validated
D36-DASHBOARD-CARDS,n/a,CG-DASHBOARD,D36,Product UX,Card-based Windows utility dashboard,mechanism or evidence cluster,executable behavior,context-dependent,src/Enhance/Shell.xaml,9fb1f08efb1ecef8493a4e094a4447aa6988127097cd3f1c045d41efc5a63329,n/a,inspiration,idea-to-native,inspired-native,Card-based Windows utility dashboard was rederived behind WinCare contracts rather than retaining donor packaging.,Text-first dashboard cards,src/WinCare/Data/Catalog/widgets.json;src/WinCare/UI/Screens/83-Widgets.ps1;src/WinCare/UI/Screens/10-Dashboard.ps1,"Cards degrade to readable text, fit terminal width, and expose status plus summary.",Untrusted content cannot acquire execution or administrative authority.,tests/Wave2.Convergence.Tests.ps1#D36-DASHBOARD-CARDS,"TUI, headless JSON, reports",additive; one target-native authority path; no donor runtime becomes authoritative,provenance retained; technical convergence requested; target implementation remains independently governed,medium,n/a,high,statically-validated
D36-FILESYSTEM-ABSTRACTION,n/a,CG-FILESYSTEM,D36,Architecture,Filesystem abstraction for user data,mechanism or evidence cluster,executable behavior,context-dependent,src/Enhance.Storage/FileSystem.cs,3c2988f1220c2971849d221b8691cecfeded0afb005f322fbdd9894a5a17ed9d,n/a,adaptation,many-to-one,hardened,Filesystem abstraction for user data was rederived behind WinCare contracts rather than retaining donor packaging.,Safe filesystem boundary,src/WinCare/Core/06-Safety.ps1;src/WinCare/Providers/27-RegistryTree.ps1,"Canonical paths, approved roots, reparse rejection, exact hashes, and atomic writes govern filesystem state.",Untrusted content cannot acquire execution or administrative authority.,tests/Wave2.Convergence.Tests.ps1#D36-FILESYSTEM-ABSTRACTION,"TUI, headless JSON, reports",additive; one target-native authority path; no donor runtime becomes authoritative,provenance retained; technical convergence requested; target implementation remains independently governed,high,n/a,high,statically-validated
D36-IMAGING-REFERENCE,n/a,CG-IMAGING,D36,Out-of-scope feature,Document imaging and crop workflows,mechanism or evidence cluster,executable behavior,context-dependent,src/Enhance.Imaging/CropAndStraighten.cs,304b0cc547e4f61a74b37661b053a21835b11dff4421f04f5a36a4dfb41059a5,n/a,reference,one-to-one,reference-only,Document imaging is unrelated to system maintenance and remains explicitly out of scope.,Imaging reference,n/a,Scope expansion requires a Windows-operations purpose.,Untrusted content cannot acquire execution or administrative authority.,n/a,Evidence only,additive; one target-native authority path; no donor runtime becomes authoritative,provenance retained; technical convergence requested; target implementation remains independently governed,low,n/a,high,reviewed
D36-MVVM-STATE-REFERENCE,n/a,CG-MVVM,D36,Product architecture,View-state separation and data binding,mechanism or evidence cluster,executable behavior,context-dependent,src/Enhance/Shell.xaml.cs,6004fcda8401c0053184f7553e2cb53c2300d68e8105021faa7afdac69883864,n/a,inspiration,idea-to-native,inspired-native,View-state separation and data binding was rederived behind WinCare contracts rather than retaining donor packaging.,Non-authoritative UI state,src/WinCare/Core/07-Conditions.ps1;src/WinCare/UI/01-Controls.ps1,UI state cannot authorize side effects; actions remain in the transaction engine.,Untrusted content cannot acquire execution or administrative authority.,tests/Wave2.Convergence.Tests.ps1#D36-MVVM-STATE-REFERENCE,"TUI, headless JSON, reports",additive; one target-native authority path; no donor runtime becomes authoritative,provenance retained; technical convergence requested; target implementation remains independently governed,medium,n/a,high,statically-validated
D36-SURFACE-ACCOUNTABILITY,n/a,CG-SURFACE-ACCOUNTABILITY,D36,Evidence,Complete donor surface classification,complete donor tree,evidence accountability,standalone,README.md,c850d0fc5e1bfc6063755e09cf36e6d2669132420823611251204cd6132cc380,n/a,classification,one-to-many,reference-only,"Every archive member is hashed, classified, and linked to explicit semantic dispositions including generated, vendored, duplicate, and out-of-scope material.",Donor surface accountability,n/a,No donor file is silently omitted.,File count is not treated as semantic completeness.,n/a,Evidence bundle,additive; one target-native authority path; no donor runtime becomes authoritative,provenance retained; technical convergence requested; target implementation remains independently governed,low,n/a,high,verified
D37-DECLARATIVE-PLAYBOOKS,n/a,CG-DECLARATIVE,D37,Orchestration,Declarative Windows deployment playbook,mechanism or evidence cluster,executable behavior,context-dependent,src/Configuration/main.yml,c0d9aecf122d290c4994860a8b95baa5992a30062c7eff85278e2ceb1969a048,n/a,hardening,many-to-many,hardened,Declarative Windows deployment playbook was rederived behind WinCare contracts rather than retaining donor packaging.,Strict declarative playbooks,src/WinCare/Data/Catalog/playbooks.json;src/WinCare/Providers/87-Playbooks.ps1;src/WinCare/UI/Screens/87-Playbooks.ps1,Playbooks compose only existing validated plan builders and cannot embed executable commands.,Untrusted content cannot acquire execution or administrative authority.,tests/Wave2.Convergence.Tests.ps1#D37-DECLARATIVE-PLAYBOOKS,"TUI, headless JSON, reports",additive; one target-native authority path; no donor runtime becomes authoritative,provenance retained; technical convergence requested; target implementation remains independently governed,high,n/a,high,statically-validated
D37-PLAYBOOK-APP-REMOVAL,n/a,CG-PLAYBOOK,D37,Applications,APPX removal profile,mechanism or evidence cluster,executable behavior,context-dependent,src/Executables/APPX-REMOVER.ps1,dd4b6c18abc5cbc06f235f0663a713d01d373b651054d62ce271ec7dee8d1e31,n/a,hardening,many-to-one,hardened,APPX removal profile was rederived behind WinCare contracts rather than retaining donor packaging.,Exact app-removal profiles,src/WinCare/Data/Catalog/app-removal-profiles.json;src/WinCare/Providers/87-Playbooks.ps1,Applications are selected by exact identities and reviewed before removal.,Untrusted content cannot acquire execution or administrative authority.,tests/Wave2.Convergence.Tests.ps1#D37-PLAYBOOK-APP-REMOVAL,"TUI, headless JSON, reports",additive; one target-native authority path; no donor runtime becomes authoritative,provenance retained; technical convergence requested; target implementation remains independently governed,high,n/a,high,statically-validated
D37-PLAYBOOK-COMPOSITION,n/a,CG-PLAYBOOK,D37,Orchestration,Ordered configuration action composition,mechanism or evidence cluster,executable behavior,context-dependent,README.md,0f8e686f7631c9a2560b0b0efa38f0e4d7ad79494447bf92df8102d32308e8aa,n/a,recomposition,many-to-one,recomposed,Ordered configuration action composition was rederived behind WinCare contracts rather than retaining donor packaging.,Plan composition and deduplication,src/WinCare/Providers/87-Playbooks.ps1#New-WinCarePlaybookPlan,Nested actions are deduplicated by idempotency key and retain source evidence.,Untrusted content cannot acquire execution or administrative authority.,tests/Wave2.Convergence.Tests.ps1#D37-PLAYBOOK-COMPOSITION,"TUI, headless JSON, reports",additive; one target-native authority path; no donor runtime becomes authoritative,provenance retained; technical convergence requested; target implementation remains independently governed,medium,n/a,high,statically-validated
D37-PLAYBOOK-SCRIPT-GUARDRAIL,n/a,CG-PLAYBOOK,D37,Execution trust,Embedded PowerShell CMD and batch executables,mechanism or evidence cluster,executable behavior,context-dependent,src/Executables/FINALIZE.cmd,68e0b142c6e5431111c6b7974254348ad46bdb590413653f66c0ed6253ef30b8,n/a,guardrail derivation,negative-to-guardrail,guardrail-derived,Embedded PowerShell CMD and batch executables was rederived behind WinCare contracts rather than retaining donor packaging.,Data-only playbook authority,src/WinCare/Providers/87-Playbooks.ps1;src/WinCare/Core/11-ActionContracts.ps1,"Behavior is typed, bounded, previewed, policy-gated, journaled, and independently verifiable.","Playbooks cannot contain scripts, command lines, environment substitutions, or arbitrary executable steps.",tests/Wave2.Convergence.Tests.ps1#D37-PLAYBOOK-SCRIPT-GUARDRAIL,"TUI, headless JSON, reports",additive; one target-native authority path; no donor runtime becomes authoritative,provenance retained; technical convergence requested; target implementation remains independently governed,critical,n/a,high,statically-validated
D37-PLAYBOOK-SHELL-LAYOUT,n/a,CG-PLAYBOOK,D37,Shell customization,Start menu layout and file associations,mechanism or evidence cluster,executable behavior,context-dependent,src/Executables/LayoutModification.json,09c74100dda6bdf41c9e56e639494e851913b20221710c679e52dc61884f1f25,n/a,adaptation,many-to-one,adapted,Start menu layout and file associations was rederived behind WinCare contracts rather than retaining donor packaging.,Shell customization governance,src/WinCare/Providers/81-Customization.ps1;src/WinCare/Data/Catalog/context-menu-rules.json,Shell definitions are data-only and remain build- and capability-aware.,Untrusted content cannot acquire execution or administrative authority.,tests/Wave2.Convergence.Tests.ps1#D37-PLAYBOOK-SHELL-LAYOUT,"TUI, headless JSON, reports",additive; one target-native authority path; no donor runtime becomes authoritative,provenance retained; technical convergence requested; target implementation remains independently governed,medium,n/a,high,statically-validated
D37-SURFACE-ACCOUNTABILITY,n/a,CG-SURFACE-ACCOUNTABILITY,D37,Evidence,Complete donor surface classification,complete donor tree,evidence accountability,standalone,README.md,0f8e686f7631c9a2560b0b0efa38f0e4d7ad79494447bf92df8102d32308e8aa,n/a,classification,one-to-many,reference-only,"Every archive member is hashed, classified, and linked to explicit semantic dispositions including generated, vendored, duplicate, and out-of-scope material.",Donor surface accountability,n/a,No donor file is silently omitted.,File count is not treated as semantic completeness.,n/a,Evidence bundle,additive; one target-native authority path; no donor runtime becomes authoritative,provenance retained; technical convergence requested; target implementation remains independently governed,low,n/a,high,verified
D38-START-MENU-STYLING,n/a,CG-START,D38,Shell UX,Windows 11 start-menu visual themes,mechanism or evidence cluster,executable behavior,context-dependent,Themes/ModernStartMenu/README.md,521ad45d80b09c938379bacb953a4b0ab98f3c44696877d8359102ae75350eef,n/a,inspiration,idea-to-native,inspired-native,Windows 11 start-menu visual themes was rederived behind WinCare contracts rather than retaining donor packaging.,Start-menu styling reference,src/WinCare/Providers/81-Customization.ps1#Get-WinCareExplorerPatcherState;src/WinCare/UI/Screens/81-Customization.ps1,WinCare exposes compatibility and state while leaving visual theme application to its owning customizer.,Untrusted content cannot acquire execution or administrative authority.,tests/Wave2.Convergence.Tests.ps1#D38-START-MENU-STYLING,"TUI, headless JSON, reports",additive; one target-native authority path; no donor runtime becomes authoritative,provenance retained; technical convergence requested; target implementation remains independently governed,medium,n/a,high,statically-validated
D38-SURFACE-ACCOUNTABILITY,n/a,CG-SURFACE-ACCOUNTABILITY,D38,Evidence,Complete donor surface classification,complete donor tree,evidence accountability,standalone,README.md,465cc7c7dea3ea0ea8ca997356b855ffc56bde970291c8ff539c2fe81ca9dad8,n/a,classification,one-to-many,reference-only,"Every archive member is hashed, classified, and linked to explicit semantic dispositions including generated, vendored, duplicate, and out-of-scope material.",Donor surface accountability,n/a,No donor file is silently omitted.,File count is not treated as semantic completeness.,n/a,Evidence bundle,additive; one target-native authority path; no donor runtime becomes authoritative,provenance retained; technical convergence requested; target implementation remains independently governed,low,n/a,high,verified
D38-THEME-HOST-GUARDRAIL,n/a,CG-THEME,D38,Shell trust,ExplorerPatcher theme application dependency,mechanism or evidence cluster,executable behavior,context-dependent,Themes/ModernStartMenu/README.md,521ad45d80b09c938379bacb953a4b0ab98f3c44696877d8359102ae75350eef,n/a,guardrail derivation,negative-to-guardrail,guardrail-derived,ExplorerPatcher theme application dependency was rederived behind WinCare contracts rather than retaining donor packaging.,Read-only external customizer boundary,src/WinCare/Providers/81-Customization.ps1;src/WinCare/Core/01-Config.ps1,"Behavior is typed, bounded, previewed, policy-gated, journaled, and independently verifiable.",WinCare does not inject shell code or apply undocumented binary patches to render themes.,tests/Wave2.Convergence.Tests.ps1#D38-THEME-HOST-GUARDRAIL,"TUI, headless JSON, reports",additive; one target-native authority path; no donor runtime becomes authoritative,provenance retained; technical convergence requested; target implementation remains independently governed,critical,n/a,high,statically-validated
D38-THEME-METADATA,n/a,CG-THEME,D38,Customization inventory,Theme documentation and preview metadata,mechanism or evidence cluster,executable behavior,context-dependent,Themes/Fluent2Inspired/README.md,a06dfafdf7d7d5f7915238e98b275194412fd43e0275f7181a8423fc28f60705,n/a,extraction,many-to-one,extracted,Theme documentation and preview metadata was rederived behind WinCare contracts rather than retaining donor packaging.,Customization evidence inventory,src/WinCare/Providers/81-Customization.ps1;docs/convergence/peer-analysis.md,Theme assets remain provenance-linked reference data and never execute.,Untrusted content cannot acquire execution or administrative authority.,tests/Wave2.Convergence.Tests.ps1#D38-THEME-METADATA,"TUI, headless JSON, reports",additive; one target-native authority path; no donor runtime becomes authoritative,provenance retained; technical convergence requested; target implementation remains independently governed,medium,n/a,high,statically-validated
D38-VISUAL-PREVIEW-AFFORDANCE,n/a,CG-VISUAL,D38,Product UX,Before-selection screenshots and compatibility guidance,mechanism or evidence cluster,executable behavior,context-dependent,README.md,465cc7c7dea3ea0ea8ca997356b855ffc56bde970291c8ff539c2fe81ca9dad8,n/a,inspiration,idea-to-native,inspired-native,Before-selection screenshots and compatibility guidance was rederived behind WinCare contracts rather than retaining donor packaging.,Explainable customization UX,src/WinCare/UI/Screens/81-Customization.ps1;src/WinCare/UI/Screens/83-Widgets.ps1,"Operator surfaces explain effect, compatibility, authority, and recovery before action.",Untrusted content cannot acquire execution or administrative authority.,tests/Wave2.Convergence.Tests.ps1#D38-VISUAL-PREVIEW-AFFORDANCE,"TUI, headless JSON, reports",additive; one target-native authority path; no donor runtime becomes authoritative,provenance retained; technical convergence requested; target implementation remains independently governed,medium,n/a,high,statically-validated
D39-MINIMAL-AWAKE-HOST,n/a,CG-W3-POWER-SESSIONS,D39,Power management,Single-purpose zero-UI awake utility,mechanism or evidence cluster,product/UX surface,context-dependent,README.md,df60b8b96eaf9952db37feffa953846634947313668115345b238c2b329a1187,n/a,recomposition,many-to-one,recomposed,The tiny product surface validates demand for a low-friction awake action. WinCare incorporates that affordance without retaining an ungoverned standalone process.,Governed power sessions,src/WinCare/UI/Screens/36-PowerSessions.ps1#Show-WinCarePowerSessions;src/WinCare/UI/98-Headless.ps1#Invoke-WinCareHeadless,The quick action and expert view resolve to the same typed plan.,"A tray or utility process cannot bypass policy, expiry, preview, or journaling.",tests/Wave3.Productivity.Tests.ps1#routes every wave-three workspace and headless command,"Quick actions, TUI and headless",additive; existing WinCare authority and durable state remain authoritative,provenance retained; technical convergence requested; target behavior remains independently governed,low,W3-AWAKE-EXECUTION-STATE,high,statically-validated
D39-SURFACE-ACCOUNTABILITY,n/a,CG-SURFACE-ACCOUNTABILITY,D39,Evidence,Complete donor surface classification,complete donor tree,evidence accountability,standalone,README.md,df60b8b96eaf9952db37feffa953846634947313668115345b238c2b329a1187,n/a,classification,one-to-many,reference-only,"Every archive member is hashed, classified, and linked to explicit semantic dispositions including implementation, generated, vendored, media, documentation, tests, presets and negative evidence.",Donor surface accountability,n/a,No donor file is silently omitted.,File count is not treated as semantic completeness.,n/a,Evidence bundle,additive; no donor runtime or persistent state becomes authoritative,provenance retained; technical convergence requested; target behavior remains independently governed,low,n/a,high,statically-validated
W3-AWAKE-EXECUTION-STATE,n/a,CG-W3-POWER-SESSIONS,D39,Power management,Minimal SetThreadExecutionState lifecycle,mechanism or evidence cluster,executable behavior,context-dependent,LightAwake.cpp,36dd6e0ee1c94ad1f937a693a04e19cdad706761b8582b37220e9353da5e5571,n/a,hardening,many-to-one,hardened,"The donor demonstrates the smallest effective Windows execution-state primitive. WinCare wraps it in typed modes, policy, a dedicated integrity-bound host, revisioned state, heartbeat, expiry, exact process identity, and recovery.",Governed power sessions,src/WinCare/Providers/94-PowerSessions.ps1#New-WinCarePowerSessionPlan;src/WinCare/Host/PowerSessionHost.ps1#main;src/WinCare/Native/WinCare.Productivity.cs#SetExecutionState,"Every active hold has an identified host, bounded refresh cadence, durable record, and stop path.",No hidden background loop or caller process lifetime is accepted as session authority.,tests/Wave3.Productivity.Tests.ps1#uses revisioned and integrity-bound power-session records,Power sessions workspace and headless power commands,additive; existing WinCare authority and durable state remain authoritative,provenance retained; technical convergence requested; target behavior remains independently governed,high,n/a,high,statically-validated
D40-GLOBAL-HOOK-GUARDRAIL,n/a,CG-W3-INPUT-GUARDRAILS,D40,Input authority,Global keyboard-hook mechanism converted to local emergency-release semantics,mechanism or evidence cluster,negative lesson,context-dependent,src/hooks/mod.rs,b0b535a606cafae94db01ea3648e8ac71a8d6496789f4d41f896831efb9441e8,n/a,guardrail derivation,negative-to-guardrail,guardrail-derived,"Global hooks are unnecessary for WinCare window operations and amplify authority. The useful lesson is reliable modifier cleanup, implemented as an explicit local input-release action.",Local input recovery,src/WinCare/Providers/95-WindowWorkspace.ps1#New-WinCareEmergencyInputReleasePlan;src/WinCare/Native/WinCare.Productivity.cs#ReleaseInput,"Input recovery is explicit, local, bounded, and never captures user keystrokes.",WinCare does not install global hooks or retain key-event streams.,tests/Wave3.Productivity.Tests.ps1#does not admit state-changing productivity commands to the read-only broker,Remote-support emergency release,additive; existing WinCare authority and durable state remain authoritative,provenance retained; technical convergence requested; target behavior remains independently governed,critical,n/a,high,statically-validated
D40-MONITOR-INVENTORY,n/a,CG-W3-WINDOW-WORKSPACE,D40,Window management,DPI-aware monitor and work-area inventory,mechanism or evidence cluster,executable behavior,context-dependent,src/monitors/mod.rs,d468f4edaaf839784b534a6e6871408e3d280cd2f68f75ce314d616895ea8cdc,n/a,adaptation,many-to-one,adapted,Monitor discovery is normalized into a read-only target-native inventory used by zone planning and reporting.,Window workspace,src/WinCare/Providers/95-WindowWorkspace.ps1#Get-WinCareMonitorInventory,Every zone plan references a currently inventoried monitor work area.,Missing or changed displays fail preview or execution checks.,tests/Wave3.Productivity.Tests.ps1#routes every wave-three workspace and headless command,Monitor inventory screen,additive; existing WinCare authority and durable state remain authoritative,provenance retained; technical convergence requested; target behavior remains independently governed,low,W3-ZONES-DPI-RATIOS,high,statically-validated
D40-SURFACE-ACCOUNTABILITY,n/a,CG-SURFACE-ACCOUNTABILITY,D40,Evidence,Complete donor surface classification,complete donor tree,evidence accountability,standalone,README.md,2a8f2d45f40bbfac96c4cc7a427134819dec24875a112715d46299c97d58ff49,n/a,classification,one-to-many,reference-only,"Every archive member is hashed, classified, and linked to explicit semantic dispositions including implementation, generated, vendored, media, documentation, tests, presets and negative evidence.",Donor surface accountability,n/a,No donor file is silently omitted.,File count is not treated as semantic completeness.,n/a,Evidence bundle,additive; no donor runtime or persistent state becomes authoritative,provenance retained; technical convergence requested; target behavior remains independently governed,low,n/a,high,statically-validated
W3-WINDOW-IDENTITY-CAS,n/a,CG-W3-WINDOW-WORKSPACE,D40,Window management,Exact HWND/process/title identity before mutation,mechanism or evidence cluster,executable behavior,context-dependent,src/windows/mod.rs,daa7d4d13a31ccc9ea52063f80f65c9692771c9e7616fcfbbca175a478bb0d43,n/a,hardening,many-to-one,hardened,"The donor window-control primitive is strengthened with process start time, executable path, title hash, bounds and current-state checks before any move or topmost mutation.",Window workspace,src/WinCare/Providers/95-WindowWorkspace.ps1#Get-WinCareWindowByIdentity;src/WinCare/Providers/95-WindowWorkspace.ps1#Invoke-WinCareSetWindowBoundsAction,A previewed window mutation applies only to the same live window identity and current state.,Reused handles or changed windows are blocked rather than mutated.,tests/Wave3.Productivity.Tests.ps1#registers and dispatches every wave-three typed action,Window details and operation preview,additive; existing WinCare authority and durable state remain authoritative,provenance retained; technical convergence requested; target behavior remains independently governed,high,W3-ZONES-DPI-RATIOS,high,statically-validated
W3-ZONES-DPI-RATIOS,n/a,CG-W3-WINDOW-WORKSPACE,D40,Window management,Monitor-relative ratio zones,mechanism or evidence cluster,executable behavior,context-dependent,src/zones/mod.rs,25bcaf7525311c834a392e3a458f399372b68997a89e12dfb725e3652383fdc3,n/a,reimplementation,many-to-one,adapted,The donor models zones independently of absolute pixels. WinCare stores bounded normalized ratios and resolves them against the selected monitor work area at preview and execution time.,Window workspace,src/WinCare/Providers/95-WindowWorkspace.ps1#Get-WinCareWindowZoneDefinition;src/WinCare/Providers/95-WindowWorkspace.ps1#New-WinCareWindowZonePlan,Zone geometry is portable across DPI and monitor resolutions and resolves to bounded work-area coordinates.,No donor coordinate or stale monitor geometry is applied directly.,tests/Wave3.Productivity.Tests.ps1#routes every wave-three workspace and headless command,Window workspace zone picker,additive; existing WinCare authority and durable state remain authoritative,provenance retained; technical convergence requested; target behavior remains independently governed,medium,n/a,high,statically-validated
D41-BOUNDED-COLOR-HISTORY,n/a,CG-W3-COLOR-STUDIO,D41,Color tools,Recent-color history and interaction feedback,mechanism or evidence cluster,executable behavior,context-dependent,@Resources/scripts/lua/update_history.lua,4061fba073c405c6f297e4c65f9e8689e909ca28bfcc4e87705e37126cf4fedc,n/a,hardening,many-to-one,hardened,The useful history affordance is implemented as a revisioned store capped at 512 entries with exact compare-and-swap and rollback.,Color studio,src/WinCare/Providers/96-ColorStudio.ps1#New-WinCareColorPaletteAddPlan;src/WinCare/Providers/96-ColorStudio.ps1#Invoke-WinCareReplaceColorPaletteStoreAction,History growth is bounded and mutations are revision/hash guarded.,A corrupt or stale palette is never silently replaced.,tests/Wave3.Productivity.Tests.ps1#uses stable empty-store hashes for first palette and consent mutations,Palette history,additive; existing WinCare authority and durable state remain authoritative,provenance retained; technical convergence requested; target behavior remains independently governed,medium,W3-COLOR-FORMATS-PALETTE,high,statically-validated
D41-PALETTE-GENERATION,n/a,CG-W3-COLOR-STUDIO,D41,Color tools,Generated palette relationships,mechanism or evidence cluster,product/UX surface,context-dependent,@Resources/scripts/lua/generate_palette.lua,07794d01234cc2bf2afe6ade67dcc9d4cb570b3e194f729e11b19604b1497384,n/a,synthesis,many-to-one,inspired-native,Palette generation establishes a useful product workflow; WinCare retains manual/observed color records and normalized tags while keeping generated relationships data-only and bounded.,Color studio,src/WinCare/Providers/96-ColorStudio.ps1#ConvertTo-WinCareColorRecord;src/WinCare/UI/Screens/38-ColorStudio.ps1#Show-WinCareColorStudio,Derived palette data remains descriptive and local.,No Lua or skin script becomes executable authority.,tests/Wave3.Productivity.Tests.ps1#accepts governed palette additions and exact rollback descriptors,Color palette details,additive; existing WinCare authority and durable state remain authoritative,provenance retained; technical convergence requested; target behavior remains independently governed,low,W3-COLOR-FORMATS-PALETTE,high,statically-validated
D41-SURFACE-ACCOUNTABILITY,n/a,CG-SURFACE-ACCOUNTABILITY,D41,Evidence,Complete donor surface classification,complete donor tree,evidence accountability,standalone,README.md,fc149d82a980f7ddc328a841bc6e7907f7831188d41ab0fe9efb49152089f1a2,n/a,classification,one-to-many,reference-only,"Every archive member is hashed, classified, and linked to explicit semantic dispositions including implementation, generated, vendored, media, documentation, tests, presets and negative evidence.",Donor surface accountability,n/a,No donor file is silently omitted.,File count is not treated as semantic completeness.,n/a,Evidence bundle,additive; no donor runtime or persistent state becomes authoritative,provenance retained; technical convergence requested; target behavior remains independently governed,low,n/a,high,statically-validated
D41-UPDATER-GUARDRAIL,n/a,CG-W3-SUPPLY-CHAIN-GUARDRAILS,D41,Supply chain,Skin updater converted into immutable-release guardrails,mechanism or evidence cluster,negative lesson,context-dependent,@Resources/scripts/Powershell/Update_Invoke.ps1,52322f22619522b684fa575ea6da26cfc471da09f4c031ae7ccd8e8beabe6674,n/a,guardrail derivation,negative-to-guardrail,guardrail-derived,"The donor updater demonstrates user demand but executes mutable remote content. WinCare retains only its release-discovery outcome behind HTTPS, exact manifests, signer policy, staging, verification and atomic rollback.",Release update governance,src/WinCare/Providers/60-Updates.ps1#Get-WinCareSelfUpdate;tools/Build-Release.ps1#main,"An update is admitted only when exact package identity, manifest and configured trust policy verify.",No donor updater or fetched script executes directly.,tests/Wave3.Productivity.Tests.ps1#admits only data-only extension command aliases to approved routes,Updates workspace,additive; existing WinCare authority and durable state remain authoritative,provenance retained; technical convergence requested; target behavior remains independently governed,high,n/a,high,statically-validated
W3-COLOR-FORMATS-PALETTE,n/a,CG-W3-COLOR-STUDIO,D41,Color tools,Color conversion and local palette workflow,mechanism or evidence cluster,executable behavior,context-dependent,@Resources/scripts/lua/convert_Color.lua,eeea941d22f9eb82e081e807be1b5c4e84c858cf9783e6ebee799e68c5e7bf42,n/a,reimplementation,many-to-one,adapted,"The donor conversion workflow is rederived into bounded RGB, HEX, HSL and HSV records with strict palette schemas and protected atomic persistence.",Color studio,src/WinCare/Providers/96-ColorStudio.ps1#ConvertTo-WinCareColorRecord;src/WinCare/Providers/96-ColorStudio.ps1#Test-WinCareColorPaletteStore,"Every stored color is normalized, bounded and independently identifiable.",Palette data cannot execute scripts or overwrite an invalid durable store.,tests/Wave3.Productivity.Tests.ps1#accepts governed palette additions and exact rollback descriptors,Color studio and palette history,additive; existing WinCare authority and durable state remain authoritative,provenance retained; technical convergence requested; target behavior remains independently governed,medium,n/a,high,statically-validated
D42-MULTI-WRITER-GUARDRAIL,n/a,CG-W3-DURABLE-STATE,D42,Persistence,Multi-writer state conflict lessons,mechanism or evidence cluster,negative lesson,context-dependent,docs/adr/0001-sessiondb-multi-writer.md,1af6a68096dacc30d7e90b4037f923ed510ff3dd2883b7a5aff42b148e4a2e88,n/a,hardening,negative-to-guardrail,guardrail-derived,"The donor documents multi-writer hazards. WinCare uses revision/hash compare-and-swap, atomic writes, protected JSON and purpose-bound integrity rather than shared mutable session files.",Durable local state,src/WinCare/Core/06-Safety.ps1#Write-WinCareAtomicJson;src/WinCare/Providers/94-PowerSessions.ps1#Write-WinCarePowerSessionRecord,Every mutable store has one write contract and rejects stale state.,Last-writer-wins overwrite is not accepted for consequential state.,tests/Wave3.Productivity.Tests.ps1#uses revisioned and integrity-bound power-session records,All wave-three durable stores,additive; existing WinCare authority and durable state remain authoritative,provenance retained; technical convergence requested; target behavior remains independently governed,high,n/a,high,statically-validated
D42-ROUTING-DENY-REASONS,n/a,CG-W3-COMMAND-INTELLIGENCE,D42,Command intelligence,Explainable routing denial reasons,mechanism or evidence cluster,architectural pattern,context-dependent,docs/adr/0003-routing-deny-reasons.md,604d39ce1321aa44c73a20b90e0a23d27d42b2fae326545916b6376f9a3b3e8e,n/a,rederivation,idea-to-native,inspired-native,"The donor distinguishes routing failure causes. WinCare applies that lesson through capability, policy and read-only broker admission so unsupported or modifying commands have explicit denial boundaries.",Command admission,src/WinCare/UI/98-Headless.ps1#Get-WinCareHeadlessCommandName;src/WinCare/Core/08-Policy.ps1#Test-WinCareActionPolicy,"Command discovery, capability and authority decisions are separate and explainable.",Fuzzy matching or alias popularity never grants execution authority.,tests/Wave3.Productivity.Tests.ps1#does not admit state-changing productivity commands to the read-only broker,Command palette and broker,additive; existing WinCare authority and durable state remain authoritative,provenance retained; technical convergence requested; target behavior remains independently governed,medium,W3-CONTEXT-MODE-ALIASES,high,statically-validated
D42-SURFACE-ACCOUNTABILITY,n/a,CG-SURFACE-ACCOUNTABILITY,D42,Evidence,Complete donor surface classification,complete donor tree,evidence accountability,standalone,README.md,9308e09043c4746340662e7a72e68de155fc28d70a1dd316f5ff292596076d04,n/a,classification,one-to-many,reference-only,"Every archive member is hashed, classified, and linked to explicit semantic dispositions including implementation, generated, vendored, media, documentation, tests, presets and negative evidence.",Donor surface accountability,n/a,No donor file is silently omitted.,File count is not treated as semantic completeness.,n/a,Evidence bundle,additive; no donor runtime or persistent state becomes authoritative,provenance retained; technical convergence requested; target behavior remains independently governed,low,n/a,high,statically-validated
D42-WORKSPACE-MODES,n/a,CG-W3-COMMAND-INTELLIGENCE,D42,Command intelligence,Context-specific workspace filtering,mechanism or evidence cluster,product/UX surface,context-dependent,README.md,9308e09043c4746340662e7a72e68de155fc28d70a1dd316f5ff292596076d04,n/a,adaptation,many-to-one,adapted,"The donor context-mode concept is translated into explicit Maintenance, Productivity, Support, Developer and Minimal workspace views over one authoritative menu model.",Adaptive TUI workspaces,src/WinCare/UI/99-Main.ps1#Get-WinCareMainMenuItems;src/WinCare/UI/Screens/95-Settings.ps1#Show-WinCareSettings,"Workspace selection changes discovery and prioritization, never operation authority.",Hidden menu state cannot authorize a command.,tests/Wave3.Productivity.Tests.ps1#routes every wave-three workspace and headless command,Main menu and settings,additive; existing WinCare authority and durable state remain authoritative,provenance retained; technical convergence requested; target behavior remains independently governed,low,W3-CONTEXT-MODE-ALIASES,high,statically-validated
W3-CONTEXT-MODE-ALIASES,n/a,CG-W3-COMMAND-INTELLIGENCE,D42,Command intelligence,Data-only context command aliases,mechanism or evidence cluster,executable behavior,context-dependent,.claude-plugin/plugin.json,c77f969ede72b091969cf3ed31621b1ec8bbf66554a91684a605aad257fe5ed3,n/a,recomposition,many-to-one,recomposed,Cross-client command packaging inspired a strict local alias format. WinCare admits only signed/hashed JSON declarations that route to existing read-only or governed commands.,Command intelligence,src/WinCare/Providers/90-Extensions.ps1#Get-WinCareExtensionCommand;src/WinCare/UI/97-CommandPalette.ps1#Get-WinCareCommandPaletteItem,Aliases name existing routes and cannot introduce executable code or new authority.,"Scripts, shell fragments and undeclared routes are rejected.",tests/Wave3.Productivity.Tests.ps1#admits only data-only extension command aliases to approved routes,Command palette,additive; existing WinCare authority and durable state remain authoritative,provenance retained; technical convergence requested; target behavior remains independently governed,high,n/a,high,statically-validated
D43-BADGE-AFFORDANCE,n/a,CG-W3-BROWSER-WORKSPACE,D43,Browser workspace,Compact badge and popup affordance,mechanism or evidence cluster,product/UX surface,context-dependent,README.md,c02716587319a231a7f0cce0a32e2fad9c23e792c562f9e6dc7db63fbdb4d611,n/a,adaptation,many-to-one,adapted,The glanceable-count interaction is adapted into TUI summary rows and risk badges rather than browser chrome.,Browser workspace,src/WinCare/UI/Screens/41-BrowserWorkspace.ps1#Show-WinCareBrowserWorkspace,Summary badges remain derived views and do not become state authority.,A count mismatch cannot trigger mutation.,tests/Wave3.Productivity.Tests.ps1#routes every wave-three workspace and headless command,Browser workspace,additive; existing WinCare authority and durable state remain authoritative,provenance retained; technical convergence requested; target behavior remains independently governed,low,D43-BROWSER-COUNTS,high,statically-validated
D43-BROWSER-COUNTS,n/a,CG-W3-BROWSER-WORKSPACE,D43,Browser workspace,"Browser process, window, profile and extension counts",mechanism or evidence cluster,executable behavior,context-dependent,src/background.js,070cb84941b887260cecc6f23bce29ec7976d5b592966cd9a7db604873b74427,n/a,rederivation,many-to-one,inspired-native,"The donor makes browser-session counts immediately useful. WinCare provides process, visible-window, profile and extension counts from local inventories without enabling browser debugging.",Browser workspace,src/WinCare/Providers/99-BrowserWorkspace.ps1#Get-WinCareBrowserWorkspaceSummary,Counts are derived from local observable state and explicitly label unavailable tab counts.,WinCare does not install an extension or debugging endpoint merely to count tabs.,tests/Wave3.Productivity.Tests.ps1#classifies broad browser permissions without installing a counter extension,Browser dashboard badges,additive; existing WinCare authority and durable state remain authoritative,provenance retained; technical convergence requested; target behavior remains independently governed,low,n/a,high,statically-validated
D43-EXTENSION-NONAUTHORITY,n/a,CG-W3-BROWSER-WORKSPACE,D43,Browser workspace,Browser-extension permission boundary,mechanism or evidence cluster,negative lesson,context-dependent,manifest.firefox.json,753ce2905e46021581ce386a955f0a2325c2ef7994af41770628385bef64b7b3,n/a,guardrail derivation,negative-to-guardrail,guardrail-derived,The donor illustrates that exact tab counts require extension authority. WinCare instead inventories existing extension manifests and scores broad permissions while refusing automatic installation.,Browser extension intelligence,src/WinCare/Providers/99-BrowserWorkspace.ps1#Get-WinCareBrowserPermissionRisk;src/WinCare/Providers/99-BrowserWorkspace.ps1#Get-WinCareBrowserExtensionInventory,Extension permissions are reported from existing local manifests and never implicitly granted.,"No extension is installed, enabled or modified by browser inventory.",tests/Wave3.Productivity.Tests.ps1#classifies broad browser permissions without installing a counter extension,Browser extension risk table,additive; existing WinCare authority and durable state remain authoritative,provenance retained; technical convergence requested; target behavior remains independently governed,high,n/a,high,statically-validated
D43-SURFACE-ACCOUNTABILITY,n/a,CG-SURFACE-ACCOUNTABILITY,D43,Evidence,Complete donor surface classification,complete donor tree,evidence accountability,standalone,README.md,c02716587319a231a7f0cce0a32e2fad9c23e792c562f9e6dc7db63fbdb4d611,n/a,classification,one-to-many,reference-only,"Every archive member is hashed, classified, and linked to explicit semantic dispositions including implementation, generated, vendored, media, documentation, tests, presets and negative evidence.",Donor surface accountability,n/a,No donor file is silently omitted.,File count is not treated as semantic completeness.,n/a,Evidence bundle,additive; no donor runtime or persistent state becomes authoritative,provenance retained; technical convergence requested; target behavior remains independently governed,low,n/a,high,statically-validated
D44-HOTKEY-HOOK-GUARDRAIL,n/a,CG-W3-INPUT-GUARDRAILS,D44,Input authority,Global hotkey and automation loop converted to command-palette actions,mechanism or evidence cluster,negative lesson,context-dependent,README.md,27a37dd365f751821644c012eba927c869f21f89d3c01ecbc30c292095a029f2,n/a,guardrail derivation,negative-to-guardrail,guardrail-derived,The always-on-top utility uses persistent hotkey automation. WinCare retains direct user invocation through the command palette and exact window plans without installing a global hook.,Command intelligence,src/WinCare/UI/97-CommandPalette.ps1#Show-WinCareCommandPalette;src/WinCare/Providers/95-WindowWorkspace.ps1#New-WinCareWindowTopmostPlan,User intent is captured at invocation time and bound to an exact plan.,No resident global keyboard hook is installed.,tests/Wave3.Productivity.Tests.ps1#does not admit state-changing productivity commands to the read-only broker,Command palette,additive; existing WinCare authority and durable state remain authoritative,provenance retained; technical convergence requested; target behavior remains independently governed,critical,W3-ALWAYS-ON-TOP,high,statically-validated
D44-LOCALIZATION-AFFORDANCE,n/a,CG-W3-PRODUCT-AFFORDANCES,D44,Product UX,Localized status and menu wording,mechanism or evidence cluster,localization/product surface,context-dependent,loc/en.ini,6a9be8109f95b22e6ca91a22a870022a6a614dab99ec72776010fc0da080d724,n/a,inspiration,idea-to-native,inspired-native,The localized menu structure reinforces concise state labels and action discoverability. WinCare applies the affordance through centralized TUI labels and capability-aware help.,Accessible TUI,src/WinCare/UI/Screens/37-WindowWorkspace.ps1#Show-WinCareWindowWorkspace,"Status meaning is carried by text and symbols, not color alone.",Donor localization files are not loaded as executable or authoritative UI state.,tests/Wave3.Productivity.Tests.ps1#routes every wave-three workspace and headless command,Window workspace help,additive; existing WinCare authority and durable state remain authoritative,provenance retained; technical convergence requested; target behavior remains independently governed,low,n/a,high,statically-validated
D44-SURFACE-ACCOUNTABILITY,n/a,CG-SURFACE-ACCOUNTABILITY,D44,Evidence,Complete donor surface classification,complete donor tree,evidence accountability,standalone,README.md,27a37dd365f751821644c012eba927c869f21f89d3c01ecbc30c292095a029f2,n/a,classification,one-to-many,reference-only,"Every archive member is hashed, classified, and linked to explicit semantic dispositions including implementation, generated, vendored, media, documentation, tests, presets and negative evidence.",Donor surface accountability,n/a,No donor file is silently omitted.,File count is not treated as semantic completeness.,n/a,Evidence bundle,additive; no donor runtime or persistent state becomes authoritative,provenance retained; technical convergence requested; target behavior remains independently governed,low,n/a,high,statically-validated
W3-ALWAYS-ON-TOP,n/a,CG-W3-WINDOW-WORKSPACE,D44,Window management,Per-window topmost toggle,mechanism or evidence cluster,executable behavior,context-dependent,lite.au3,ddd30be2b1aa478369589eaf396b0c1c518270eecdbd72ba211f9f5a3595e2a8,n/a,hardening,many-to-one,hardened,The donor demonstrates a high-value topmost workflow. WinCare applies it only to an exact inventoried window identity with current-state verification and executable rollback.,Window workspace,src/WinCare/Providers/95-WindowWorkspace.ps1#New-WinCareWindowTopmostPlan;src/WinCare/Providers/95-WindowWorkspace.ps1#Invoke-WinCareSetWindowTopmostAction,Topmost state changes only for the previewed live window and can restore its exact prior state.,No global hotkey hook or title-only targeting is trusted.,tests/Wave3.Productivity.Tests.ps1#registers and dispatches every wave-three typed action,Window workspace,additive; existing WinCare authority and durable state remain authoritative,provenance retained; technical convergence requested; target behavior remains independently governed,high,W3-WINDOW-IDENTITY-CAS,high,statically-validated
D45-CROSS-PLATFORM-RENDERER-REFERENCE,n/a,CG-W3-VISUAL-METADATA,D45,Visual diagnostics,Cross-platform graphics backend reference,mechanism or evidence cluster,architectural reference,context-dependent,readme.md,37ccdf42a1f69c57d9fd506b975a9daa1e337f12103757aabfdade2955a9290e,n/a,reference,one-to-one,reference-only,The legacy cross-platform engine is retained as architectural evidence only; importing its rendering runtime would expand WinCare authority and dependencies without improving the requested metadata workflow.,Visual metadata,n/a,Reference evidence remains available for future renderer-specific work.,No behavioral equivalence is claimed from documentation alone.,n/a,Evidence bundle,additive; existing WinCare authority and durable state remain authoritative,provenance retained; technical convergence requested; target behavior remains independently governed,low,n/a,high,statically-validated
D45-IMAGE-FRAME-METADATA,n/a,CG-W3-VISUAL-METADATA,D45,Visual diagnostics,Animated-image frame and delay metadata,mechanism or evidence cluster,executable behavior,context-dependent,core/gif/gifstd.c,a86e650f00c21cdd49ff3feafba5ae5c25b2e192a7adc99fa4d9b39b32f9f7b9,n/a,reimplementation,many-to-one,adapted,"The donor GIF pipeline exposes frame-count and delay semantics. WinCare implements metadata-only inspection with file, dimension, frame-delay and output bounds.",Visual metadata,src/WinCare/Providers/96-ColorStudio.ps1#Get-WinCareImageMetadata,Image inspection is read-only and bounded before metadata is reported.,No image is rendered as wallpaper or executed as a scene.,tests/Wave3.Productivity.Tests.ps1#registers and dispatches every wave-three typed action,Color studio image metadata,additive; existing WinCare authority and durable state remain authoritative,provenance retained; technical convergence requested; target behavior remains independently governed,medium,n/a,high,statically-validated
D45-RENDERER-BOUND-GUARDRAIL,n/a,CG-W3-VISUAL-METADATA,D45,Visual diagnostics,Renderer/resource model converted to input bounds,mechanism or evidence cluster,negative lesson,context-dependent,core/core.c,c6aa6b2664818112f47a6ce9ff2f0a6e59dc38fc6d987851df7522543a6e901a,n/a,guardrail derivation,negative-to-guardrail,guardrail-derived,"The donor renderer demonstrates complex allocation and decoding surfaces. WinCare extracts only metadata and adds a 256 MiB file bound, dimension limits and bounded animation-delay output.",Visual metadata,src/WinCare/Providers/96-ColorStudio.ps1#Get-WinCareImageMetadata,Resource use is bounded independently of image claims.,WinCare does not host a persistent renderer or accept unbounded decoded dimensions.,tests/Wave3.Productivity.Tests.ps1#keeps report data body-free and remote configuration value-free,Color studio,additive; existing WinCare authority and durable state remain authoritative,provenance retained; technical convergence requested; target behavior remains independently governed,high,D45-IMAGE-FRAME-METADATA,high,statically-validated
D45-SURFACE-ACCOUNTABILITY,n/a,CG-SURFACE-ACCOUNTABILITY,D45,Evidence,Complete donor surface classification,complete donor tree,evidence accountability,standalone,readme.md,37ccdf42a1f69c57d9fd506b975a9daa1e337f12103757aabfdade2955a9290e,n/a,classification,one-to-many,reference-only,"Every archive member is hashed, classified, and linked to explicit semantic dispositions including implementation, generated, vendored, media, documentation, tests, presets and negative evidence.",Donor surface accountability,n/a,No donor file is silently omitted.,File count is not treated as semantic completeness.,n/a,Evidence bundle,additive; no donor runtime or persistent state becomes authoritative,provenance retained; technical convergence requested; target behavior remains independently governed,low,n/a,high,statically-validated
D46-COVERT-ACCESS-GUARDRAIL,n/a,CG-W3-REMOTE-SUPPORT,D46,Remote support,Remote-control runtime retained only as negative authority evidence,mechanism or evidence cluster,negative lesson,context-dependent,README.md,8e9a327fca4acb1883df15ba2f9a0318a74efe45ea07d15b4abfd879780513ec,n/a,guardrail derivation,negative-to-guardrail,guardrail-derived,"The donor confirms the operational power and risk of unattended remote access. WinCare implements consent, exposure inventory and emergency recovery, but no session initiation, credential injection, relay configuration or hidden access.",Remote-support governance,src/WinCare/Core/01-Config.ps1#Get-WinCareDefaultPolicy;src/WinCare/Providers/98-RemoteSupport.ps1#New-WinCareRemoteSupportEmergencyPlan,Emergency actions require explicit policy and exact process identity.,"No covert, unattended or credential-bearing remote-control capability is implemented.",tests/Wave3.Productivity.Tests.ps1#keeps sensitive productivity policy denied by default,Policy and remote-support emergency view,additive; existing WinCare authority and durable state remain authoritative,provenance retained; technical convergence requested; target behavior remains independently governed,critical,W3-REMOTE-CONSENT-LIFECYCLE,high,statically-validated
D46-REMOTE-CONFIG-REDACTION,n/a,CG-W3-REMOTE-SUPPORT,D46,Remote support,Configuration schema/key discovery without secret values,mechanism or evidence cluster,defensive logic,context-dependent,src/ui_interface.rs,ed889dedd931ba54b7225dfb8f20308dfc05b7d490c9eddb1aac2f91ae74b22e,n/a,hardening,negative-to-guardrail,guardrail-derived,"Remote tools often persist credentials and relay identities. WinCare records bounded paths, hashes and key names only; values are never collected.",Remote-support governance,src/WinCare/Providers/98-RemoteSupport.ps1#Get-WinCareRemoteSupportSurface;src/WinCare/Providers/80-Reports.ps1#New-WinCareSystemReportData,Reports expose enough structure for diagnosis without copying secrets.,"Configuration values, passwords, device IDs and tokens are excluded.",tests/Wave3.Productivity.Tests.ps1#keeps report data body-free and remote configuration value-free,Reports and remote-support workspace,additive; existing WinCare authority and durable state remain authoritative,provenance retained; technical convergence requested; target behavior remains independently governed,critical,W3-RUSTDESK-SESSION-GOVERNANCE,high,statically-validated
D46-REMOTE-SURFACE-INVENTORY,n/a,CG-W3-REMOTE-SUPPORT,D46,Remote support,"Service, listener and executable identity inventory",mechanism or evidence cluster,executable behavior,context-dependent,src/server.rs,32c5485c59ef2d5d1be149ffbce0a4c7176cb1a7dbed55ac763ecfed93325176,n/a,hardening,many-to-one,hardened,"Server-side surfaces are converted into read-only inventory with process start time, binary hash, signature, service mode and listening endpoint evidence.",Remote-support governance,src/WinCare/Providers/98-RemoteSupport.ps1#Get-WinCareRemoteSupportSurface,Every process eligible for emergency termination is first identified by stable observable properties.,Process name alone never authorizes termination.,tests/Wave3.Productivity.Tests.ps1#does not admit state-changing productivity commands to the read-only broker,Remote-support surface table,additive; existing WinCare authority and durable state remain authoritative,provenance retained; technical convergence requested; target behavior remains independently governed,high,W3-RUSTDESK-SESSION-GOVERNANCE,high,statically-validated
D46-SURFACE-ACCOUNTABILITY,n/a,CG-SURFACE-ACCOUNTABILITY,D46,Evidence,Complete donor surface classification,complete donor tree,evidence accountability,standalone,README.md,8e9a327fca4acb1883df15ba2f9a0318a74efe45ea07d15b4abfd879780513ec,n/a,classification,one-to-many,reference-only,"Every archive member is hashed, classified, and linked to explicit semantic dispositions including implementation, generated, vendored, media, documentation, tests, presets and negative evidence.",Donor surface accountability,n/a,No donor file is silently omitted.,File count is not treated as semantic completeness.,n/a,Evidence bundle,additive; no donor runtime or persistent state becomes authoritative,provenance retained; technical convergence requested; target behavior remains independently governed,low,n/a,high,statically-validated
W3-REMOTE-CONSENT-LIFECYCLE,n/a,CG-W3-REMOTE-SUPPORT,D46,Remote support,Explicit bounded support consent records,mechanism or evidence cluster,executable behavior,context-dependent,src/client.rs,ea1c553b911ba379b8642ad7f4037d658d524ab9bbe3fa4ec82e7f69c264e58a,n/a,rederivation,many-to-one,inspired-native,The donor session lifecycle motivates a local Prepared/Active/Closed/Revoked/Expired consent state machine with bounded duration and exact durable rollback.,Remote-support governance,src/WinCare/Providers/98-RemoteSupport.ps1#New-WinCareRemoteSupportConsentPlan;src/WinCare/Providers/98-RemoteSupport.ps1#New-WinCareRemoteSupportConsentStatePlan,"A support session has a declared tool, operator, reason, device scope, capabilities and expiry.",Expired or terminal consent cannot transition back to active.,tests/Wave3.Productivity.Tests.ps1#models remote-support consent as a closed expiring lifecycle,Remote-support consent view,additive; existing WinCare authority and durable state remain authoritative,provenance retained; technical convergence requested; target behavior remains independently governed,critical,W3-RUSTDESK-SESSION-GOVERNANCE,high,statically-validated
W3-RUSTDESK-SESSION-GOVERNANCE,n/a,CG-W3-REMOTE-SUPPORT,D46,Remote support,Remote-support process/service/config surface model,mechanism or evidence cluster,executable behavior,context-dependent,src/platform/windows.rs,1b82ed06d070d90381f2c0640cab8c9da7e21582874e7050d2de395c3c0e35a3,n/a,recomposition,many-to-one,recomposed,"The donor provides a comprehensive remote desktop surface. WinCare decomposes it into installed-application, process, service, listener, signature and configuration-key inventories without becoming a remote desktop host.",Remote-support governance,src/WinCare/Providers/98-RemoteSupport.ps1#Get-WinCareRemoteSupportSurface,Remote-support exposure is observable without collecting configuration values or secrets.,WinCare does not initiate unattended sessions or expose a relay/service runtime.,tests/Wave3.Productivity.Tests.ps1#keeps report data body-free and remote configuration value-free,Remote-support workspace,additive; existing WinCare authority and durable state remain authoritative,provenance retained; technical convergence requested; target behavior remains independently governed,high,n/a,high,statically-validated
D47-MODIFIER-SNAPSHOT-GUARD,n/a,CG-W3-INPUT-GUARDRAILS,D47,Input authority,Modifier snapshot and stuck-input recovery,mechanism or evidence cluster,negative lesson,context-dependent,.claude/plans/stage12-modifier-snapshot-commit.md,995cc924a3d2da5f5170fe005991e0a2a5d202c3a4ee9d11eaf88a16809fd7cc,n/a,rederivation,negative-to-guardrail,guardrail-derived,The donor design records modifier-state hazards during window switching. WinCare provides an explicit local key/button release action and does not intercept the switching chord.,Local input recovery,src/WinCare/Providers/95-WindowWorkspace.ps1#New-WinCareEmergencyInputReleasePlan;src/WinCare/Native/WinCare.Productivity.cs#ReleaseInput,Recovery releases only known local modifier/button states.,No global input capture or replay stream is retained.,tests/Wave3.Productivity.Tests.ps1#does not admit state-changing productivity commands to the read-only broker,Remote-support emergency release,additive; existing WinCare authority and durable state remain authoritative,provenance retained; technical convergence requested; target behavior remains independently governed,high,n/a,high,statically-validated
D47-SURFACE-ACCOUNTABILITY,n/a,CG-SURFACE-ACCOUNTABILITY,D47,Evidence,Complete donor surface classification,complete donor tree,evidence accountability,standalone,README.md,afffe88c37cd946f11202ac313901e00e056c67b661d8fccc9abaefb9560061b,n/a,classification,one-to-many,reference-only,"Every archive member is hashed, classified, and linked to explicit semantic dispositions including implementation, generated, vendored, media, documentation, tests, presets and negative evidence.",Donor surface accountability,n/a,No donor file is silently omitted.,File count is not treated as semantic completeness.,n/a,Evidence bundle,additive; no donor runtime or persistent state becomes authoritative,provenance retained; technical convergence requested; target behavior remains independently governed,low,n/a,high,statically-validated
D47-WAYLAND-BACKEND-REFERENCE,n/a,CG-W3-WINDOW-WORKSPACE,D47,Window management,Wayland/COSMIC listing backend reference,mechanism or evidence cluster,architectural reference,context-dependent,src/wayland.rs,0001fb31fcdbb2f22521809c1c48d1fe187483cff89241095844bd699cdf6727,n/a,reference,one-to-one,reference-only,The donor backend is retained as cross-platform evidence. WinCare 4.2 targets Windows HWND/monitor semantics and does not claim Wayland equivalence.,Window workspace,n/a,Platform boundaries remain explicit.,Windows-specific operations are not generalized by assumption.,n/a,Evidence bundle,additive; existing WinCare authority and durable state remain authoritative,provenance retained; technical convergence requested; target behavior remains independently governed,low,n/a,high,statically-validated
D47-WINDOW-ACTIVATION,n/a,CG-W3-WINDOW-WORKSPACE,D47,Window management,Explicit selected-window activation,mechanism or evidence cluster,executable behavior,context-dependent,src/app.rs,3d4fe18ea0e1fce8259cb4d256a3b26bef645433511d7e002b62ebb0b41dc0f8,n/a,hardening,many-to-one,hardened,The switcher activation outcome is implemented as an exact typed action over a previewed window identity.,Window workspace,src/WinCare/Providers/95-WindowWorkspace.ps1#New-WinCareWindowActivatePlan;src/WinCare/Providers/95-WindowWorkspace.ps1#Invoke-WinCareActivateWindowAction,Activation applies only to the selected current window identity.,No shell overlay or focus-stealing daemon persists after the operation.,tests/Wave3.Productivity.Tests.ps1#registers and dispatches every wave-three typed action,Window workspace,additive; existing WinCare authority and durable state remain authoritative,provenance retained; technical convergence requested; target behavior remains independently governed,medium,W3-WINDOW-MRU-FILTER;W3-WINDOW-IDENTITY-CAS,high,statically-validated
W3-WINDOW-MRU-FILTER,n/a,CG-W3-WINDOW-WORKSPACE,D47,Window management,MRU-oriented window filtering and search,mechanism or evidence cluster,executable behavior,context-dependent,src/app.rs,3d4fe18ea0e1fce8259cb4d256a3b26bef645433511d7e002b62ebb0b41dc0f8,n/a,reimplementation,many-to-one,adapted,"The donor demonstrates activation-oriented window discovery. WinCare combines bounded window inventory, process/title filtering and command-palette fuzzy scoring without a resident compositor daemon.",Window workspace,src/WinCare/Providers/95-WindowWorkspace.ps1#Get-WinCareWindowInventory;src/WinCare/UI/97-CommandPalette.ps1#Get-WinCareFuzzyScore,Window search operates on a current bounded inventory and derived ranking.,Search rank does not authorize mutation.,tests/Wave3.Productivity.Tests.ps1#routes every wave-three workspace and headless command,Window workspace and command palette,additive; existing WinCare authority and durable state remain authoritative,provenance retained; technical convergence requested; target behavior remains independently governed,medium,n/a,high,statically-validated
D48-ATOMIC-NOTE-STORE,n/a,CG-W3-LOCAL-NOTES,D48,Local notes,Atomic note persistence and update lifecycle,mechanism or evidence cluster,executable behavior,context-dependent,src/main/notes-store.ts,a2092a81c869e5a07bcb699ca77d222b8ba6feba1a36caa29321fac7025c1f9f,n/a,hardening,many-to-one,hardened,"The store workflow is strengthened with exact snapshot hashes, atomic file replacement, stale-state rejection and executable restore/remove compensators.",Local notes,src/WinCare/Providers/97-LocalNotes.ps1#Get-WinCareLocalNoteSnapshot;src/WinCare/Providers/97-LocalNotes.ps1#Set-WinCareLocalNoteSnapshotInternal,Every note mutation binds the before snapshot and can restore the exact prior files.,Malformed snapshots and stale note state are rejected.,tests/Wave3.Productivity.Tests.ps1#rejects tampered local-note recovery snapshots,Local note editor,additive; existing WinCare authority and durable state remain authoritative,provenance retained; technical convergence requested; target behavior remains independently governed,high,W3-LOCALNOTES-PLAIN-MARKDOWN,high,statically-validated
D48-IPC-BOUNDARY,n/a,CG-W3-LOCAL-NOTES,D48,Local notes,Renderer/main-process boundary converted to direct typed command boundary,mechanism or evidence cluster,architectural pattern,context-dependent,src/main/ipc.ts,7a74ea19f471c97481bce7935139f4555c3b0336d2ff616749cada332a94003d,n/a,recomposition,many-to-one,recomposed,The donor separates UI from file authority. WinCare preserves that principle through UI/headless plan construction and one provider write path rather than Electron IPC.,Local notes,src/WinCare/UI/Screens/39-LocalNotes.ps1#Show-WinCareLocalNotes;src/WinCare/UI/98-Headless.ps1#Invoke-WinCareHeadless;src/WinCare/Providers/97-LocalNotes.ps1#Invoke-WinCareWriteLocalNoteAction,UI and headless surfaces cannot write note files directly.,UI state is never durable-note authority.,tests/Wave3.Productivity.Tests.ps1#routes every wave-three workspace and headless command,TUI and headless notes,additive; existing WinCare authority and durable state remain authoritative,provenance retained; technical convergence requested; target behavior remains independently governed,medium,D48-ATOMIC-NOTE-STORE,high,statically-validated
D48-NOTE-HOTKEY-AFFORDANCE,n/a,CG-W3-LOCAL-NOTES,D48,Local notes,Fast note navigation and creation affordance,mechanism or evidence cluster,product/UX surface,context-dependent,src/renderer/src/hooks/use-app-hotkeys.ts,f11f831436df779b0694310c85ea31ff5d83be0dc584950b8b7e54d8e13c58f5,n/a,adaptation,many-to-one,adapted,The quick-access behavior is delivered through the global command palette and workspace actions without a resident global hotkey.,Local notes,src/WinCare/UI/97-CommandPalette.ps1#Show-WinCareCommandPalette;src/WinCare/UI/Screens/39-LocalNotes.ps1#Show-WinCareLocalNotes,Fast access resolves to explicit visible commands.,WinCare does not install a global keyboard listener for notes.,tests/Wave3.Productivity.Tests.ps1#routes every wave-three workspace and headless command,Command palette and notes workspace,additive; existing WinCare authority and durable state remain authoritative,provenance retained; technical convergence requested; target behavior remains independently governed,low,W3-LOCALNOTES-PLAIN-MARKDOWN,high,statically-validated
D48-SURFACE-ACCOUNTABILITY,n/a,CG-SURFACE-ACCOUNTABILITY,D48,Evidence,Complete donor surface classification,complete donor tree,evidence accountability,standalone,README.md,58fc812954e6368117838a1242068d520bb6902c2583cf8b983aa19a12f40ab0,n/a,classification,one-to-many,reference-only,"Every archive member is hashed, classified, and linked to explicit semantic dispositions including implementation, generated, vendored, media, documentation, tests, presets and negative evidence.",Donor surface accountability,n/a,No donor file is silently omitted.,File count is not treated as semantic completeness.,n/a,Evidence bundle,additive; no donor runtime or persistent state becomes authoritative,provenance retained; technical convergence requested; target behavior remains independently governed,low,n/a,high,statically-validated
W3-LOCALNOTES-PLAIN-MARKDOWN,n/a,CG-W3-LOCAL-NOTES,D48,Local notes,Local-first plain Markdown note bodies,mechanism or evidence cluster,executable behavior,context-dependent,src/main/notes-store.ts,a2092a81c869e5a07bcb699ca77d222b8ba6feba1a36caa29321fac7025c1f9f,n/a,hardening,many-to-one,hardened,The donor local-first note model is adapted into separate Markdown bodies and strict metadata with protected atomic writes and no cloud dependency.,Local notes,src/WinCare/Providers/97-LocalNotes.ps1#New-WinCareLocalNotePlan;src/WinCare/Providers/97-LocalNotes.ps1#Get-WinCareLocalNote,Note bodies remain user-readable Markdown while metadata is schema-validated and bounded.,Private bodies are redacted from ordinary views and reports.,tests/Wave3.Productivity.Tests.ps1#preserves local-note privacy while allowing explicit local search,Local notes workspace,additive; existing WinCare authority and durable state remain authoritative,provenance retained; technical convergence requested; target behavior remains independently governed,medium,n/a,high,statically-validated
D49-REQUIREMENTS-TRACEABILITY,n/a,CG-W3-EVIDENCE-PRACTICES,D49,Engineering evidence,Requirements-to-test traceability practice,mechanism or evidence cluster,operational practice,context-dependent,docs/Project/Functional-Requirements.md,e16544290bb2c4fe15db987c453863203fddac12186d5ca345f3c1e6db0d6729,n/a,adaptation,many-to-one,adapted,"The donor uses explicit functional and test requirement mappings. WinCare applies the practice to donor records, target nodes and discriminating tests in the convergence matrices.",Convergence evidence,tools/validate_convergence.py#validate;docs/convergence/adoption-matrix.csv#records,"Every material adoption or guardrail resolves to source evidence, target ownership and acceptance evidence.",File counts and shared smoke tests are not treated as semantic completeness.,tests/Wave3.Productivity.Tests.ps1#registers and dispatches every wave-three typed action,Evidence bundle,additive; existing WinCare authority and durable state remain authoritative,provenance retained; technical convergence requested; target behavior remains independently governed,low,n/a,high,statically-validated
D49-SESSION-TRANSPORT-REFERENCE,n/a,CG-W3-REMOTE-SUPPORT,D49,Remote support,Authenticated ordered session transport reference,mechanism or evidence cluster,architectural reference,context-dependent,src/MouseKeyProxy.Commands/BidiSessionTransport.cs,2a7d0c4fc85f5954e6590e5facfda5e467ac3565f091d78180a57a6838a36ac3,n/a,reference,one-to-one,reference-only,"The transport remains valuable evidence for future secure device-control work, but WinCare 4.2 has no remote-input runtime and makes no equivalence claim.",Remote-support governance,n/a,Transport evidence remains traceable.,No network protocol or credential store is imported.,n/a,Evidence bundle,additive; existing WinCare authority and durable state remain authoritative,provenance retained; technical convergence requested; target behavior remains independently governed,low,n/a,high,statically-validated
D49-SURFACE-ACCOUNTABILITY,n/a,CG-SURFACE-ACCOUNTABILITY,D49,Evidence,Complete donor surface classification,complete donor tree,evidence accountability,standalone,README.md,6dc7342b81b713d2996b4cff7af18e1fefd5411faab75478649ccc18a431e82b,n/a,classification,one-to-many,reference-only,"Every archive member is hashed, classified, and linked to explicit semantic dispositions including implementation, generated, vendored, media, documentation, tests, presets and negative evidence.",Donor surface accountability,n/a,No donor file is silently omitted.,File count is not treated as semantic completeness.,n/a,Evidence bundle,additive; no donor runtime or persistent state becomes authoritative,provenance retained; technical convergence requested; target behavior remains independently governed,low,n/a,high,statically-validated
W3-EXPLICIT-CONTROL-HANDOFF,n/a,CG-W3-REMOTE-SUPPORT,D49,Remote support,Explicit control-handoff lifecycle,mechanism or evidence cluster,executable behavior,context-dependent,src/MouseKeyProxy.Commands/BidiSessionTransport.cs,2a7d0c4fc85f5954e6590e5facfda5e467ac3565f091d78180a57a6838a36ac3,n/a,recomposition,many-to-one,recomposed,Bidirectional control semantics are collapsed into a local consent lifecycle and emergency release rather than a new network transport.,Remote-support governance,src/WinCare/Providers/98-RemoteSupport.ps1#New-WinCareRemoteSupportConsentStatePlan;src/WinCare/Providers/98-RemoteSupport.ps1#New-WinCareRemoteSupportEmergencyPlan,Activation and termination are explicit state transitions with bounded authority.,No implicit or persistent control handoff is implemented.,tests/Wave3.Productivity.Tests.ps1#models remote-support consent as a closed expiring lifecycle,Remote-support workspace,additive; existing WinCare authority and durable state remain authoritative,provenance retained; technical convergence requested; target behavior remains independently governed,critical,W3-MOUSE-PAIR-STATE,high,statically-validated
W3-MOUSE-PAIR-STATE,n/a,CG-W3-REMOTE-SUPPORT,D49,Remote support,Explicit peer pairing and identity state,mechanism or evidence cluster,executable behavior,context-dependent,src/MouseKeyProxy.Commands/PairingClient.cs,f87f3f738d3b9ffb4f4c985a417b67e3caa2ca16a80ab5263117cf3a4ae36216,n/a,rederivation,many-to-one,inspired-native,The donor pairing workflow demonstrates that remote input requires explicit peer identity and state. WinCare does not become an input proxy; it records local tool/operator/device scope in expiring consent records.,Remote-support governance,src/WinCare/Providers/98-RemoteSupport.ps1#New-WinCareRemoteSupportConsentPlan,"A support grant names the tool, operator and device scope before activation.",Process discovery or network presence cannot imply consent.,tests/Wave3.Productivity.Tests.ps1#models remote-support consent as a closed expiring lifecycle,Remote-support consent view,additive; existing WinCare authority and durable state remain authoritative,provenance retained; technical convergence requested; target behavior remains independently governed,critical,n/a,high,statically-validated
W3-REMOTE-EMERGENCY-RELEASE,n/a,CG-W3-REMOTE-SUPPORT,D49,Remote support,Emergency local input and exact-process recovery,mechanism or evidence cluster,executable behavior,context-dependent,src/MouseKeyProxy.Agent/RemoteInputForwarder.cs,86c046e052236900dd37493d5662c1eaace919f9bac63f213c9cffd85680a6d0,n/a,hardening,many-to-one,hardened,The donor highlights stuck input and remote-control failure modes. WinCare releases local modifiers/buttons first and can terminate only exact inventoried allowlisted processes when separately permitted.,Remote-support governance,src/WinCare/Providers/98-RemoteSupport.ps1#New-WinCareRemoteSupportEmergencyPlan;src/WinCare/Providers/98-RemoteSupport.ps1#Invoke-WinCareTerminateRemoteSupportProcessAction,"Emergency recovery is local-first, explicit, bounded and identity-verified.",No process-name-only termination or remote input injection is admitted.,tests/Wave3.Productivity.Tests.ps1#does not admit state-changing productivity commands to the read-only broker,Emergency remote-support action,additive; existing WinCare authority and durable state remain authoritative,provenance retained; technical convergence requested; target behavior remains independently governed,critical,W3-EXPLICIT-CONTROL-HANDOFF,high,statically-validated
D50-DATA-ONLY-PLUGIN-ALIASES,n/a,CG-W3-COMMAND-INTELLIGENCE,D50,Command intelligence,Plugin result aliases converted to data-only command declarations,mechanism or evidence cluster,executable behavior,context-dependent,BlinkApp/Plugins/JsonPlugin.cs,a0c00d27498d9ff076915aea95d6366a4542257864b2a293eba312d243c45064,n/a,hardening,many-to-one,hardened,"The donor JSON plugin concept is narrowed to declarations that provide labels, keywords and approved existing routes.",Command intelligence,src/WinCare/Providers/90-Extensions.ps1#Get-WinCareExtensionCommand;src/WinCare/Providers/90-Extensions.ps1#Test-WinCareExtensionManifest,"Extension aliases are declared, hash-bound, schema-checked and route allowlisted.",No extension command contains executable code or arbitrary arguments.,tests/Wave3.Productivity.Tests.ps1#admits only data-only extension command aliases to approved routes,Command palette extensions,additive; existing WinCare authority and durable state remain authoritative,provenance retained; technical convergence requested; target behavior remains independently governed,high,W3-CONTEXT-MODE-ALIASES,high,statically-validated
D50-EXECUTABLE-PLUGIN-GUARDRAIL,n/a,CG-W3-EXTENSION-ADMISSION,D50,Extension governance,Executable plugin loading retained as negative evidence,mechanism or evidence cluster,negative lesson,context-dependent,BlinkApp/Plugins/PluginLoader.cs,3d130a587a371f6d3a1fd953d383674f0520ce32899dd4e992ec87f94a3bd7a2,n/a,guardrail derivation,negative-to-guardrail,guardrail-derived,"The donor loader demonstrates extensibility and its authority risk. WinCare explicitly rejects DLL, JavaScript and shell execution in extensions and admits only data catalogs, knowledge and command aliases.",Data-only extensions,src/WinCare/Providers/90-Extensions.ps1#Test-WinCareExtensionManifest,Extension admission cannot introduce executable runtime code.,"No donor DLL, JavaScript, shell or reflection loader is transplanted.",tests/Wave3.Productivity.Tests.ps1#admits only data-only extension command aliases to approved routes,Extension diagnostics,additive; existing WinCare authority and durable state remain authoritative,provenance retained; technical convergence requested; target behavior remains independently governed,critical,D50-PLUGIN-MANIFEST-ADMISSION,high,statically-validated
D50-FUZZY-LAUNCHER,n/a,CG-W3-COMMAND-INTELLIGENCE,D50,Command intelligence,Weighted fuzzy command ranking,mechanism or evidence cluster,executable behavior,context-dependent,plugins/FuzzyPlugin/FuzzyPlugin.cs,f74efaf253f277ecbf6ad3ab8e4cb1a575cb215c31e198485555c0f70c011e32,n/a,reimplementation,many-to-one,adapted,The donor fuzzy launcher validates token-tolerant discovery. WinCare implements bounded deterministic fuzzy scoring over known commands and usage history.,Command intelligence,src/WinCare/UI/97-CommandPalette.ps1#Get-WinCareFuzzyScore;src/WinCare/UI/97-CommandPalette.ps1#Get-WinCareCommandPaletteItem,Ranking affects display order only and is bounded by configured result limits.,Fuzzy similarity never authorizes an unknown or modifying route.,tests/Wave3.Productivity.Tests.ps1#routes every wave-three workspace and headless command,Command palette,additive; existing WinCare authority and durable state remain authoritative,provenance retained; technical convergence requested; target behavior remains independently governed,medium,n/a,high,statically-validated
D50-PLUGIN-MANIFEST-ADMISSION,n/a,CG-W3-EXTENSION-ADMISSION,D50,Extension governance,Plugin manifest schema and loader lifecycle,mechanism or evidence cluster,executable behavior,context-dependent,BlinkApp/Plugins/Manifest.cs,9da8259d063782d39a543a25b501daf2df07fcc9fb38cd4a77f005fed99a2065,n/a,hardening,many-to-one,hardened,"The manifest-driven plugin workflow is retained while authority is reduced: exact file lists, hashes, schemas, compatibility, signatures by policy, quarantine and atomic activation precede discovery.",Data-only extensions,src/WinCare/Providers/90-Extensions.ps1#Test-WinCareExtensionManifest;src/WinCare/Providers/90-Extensions.ps1#Test-WinCareExtensionPackage,Every extension surface is declared and verified before activation.,"Undeclared files, path escape, executable commands and unsupported schemas fail closed.",tests/Wave3.Productivity.Tests.ps1#admits only data-only extension command aliases to approved routes,Extension manager,additive; existing WinCare authority and durable state remain authoritative,provenance retained; technical convergence requested; target behavior remains independently governed,high,D50-DATA-ONLY-PLUGIN-ALIASES,high,statically-validated
D50-SURFACE-ACCOUNTABILITY,n/a,CG-SURFACE-ACCOUNTABILITY,D50,Evidence,Complete donor surface classification,complete donor tree,evidence accountability,standalone,README.md,9191d02dbb6c9799fdbf3a6f036f69899df0a0299de63ed3b7736b6ef888a555,n/a,classification,one-to-many,reference-only,"Every archive member is hashed, classified, and linked to explicit semantic dispositions including implementation, generated, vendored, media, documentation, tests, presets and negative evidence.",Donor surface accountability,n/a,No donor file is silently omitted.,File count is not treated as semantic completeness.,n/a,Evidence bundle,additive; no donor runtime or persistent state becomes authoritative,provenance retained; technical convergence requested; target behavior remains independently governed,low,n/a,high,statically-validated
D51-COLOR-CONVERSION,n/a,CG-W3-COLOR-STUDIO,D51,Color tools,Normalized color-format conversion,mechanism or evidence cluster,executable behavior,context-dependent,StarHue/ColorSaveFunctions/ColorConverter.cs,43830c5282c3a1393da8d91a30258a6ba76385dd21e43b184188d91b092ebdd3,n/a,reimplementation,many-to-one,adapted,The converter semantics are rederived in PowerShell and normalized into consistent HEX/RGB/HSL/HSV output.,Color studio,src/WinCare/Providers/96-ColorStudio.ps1#ConvertTo-WinCareColorRecord;src/WinCare/Providers/96-ColorStudio.ps1#Convert-WinCareRgbToHsv,All channels are integer-bounded and output formats are deterministic.,No culture-dependent or unchecked numeric conversion is persisted.,tests/Wave3.Productivity.Tests.ps1#accepts governed palette additions and exact rollback descriptors,Color details,additive; existing WinCare authority and durable state remain authoritative,provenance retained; technical convergence requested; target behavior remains independently governed,low,W3-COLOR-PIXEL-CAPTURE,high,statically-validated
D51-COLOR-EXPORT-GUARDRAIL,n/a,CG-W3-COLOR-STUDIO,D51,Color tools,Color export and clipboard workflow narrowed to explicit local actions,mechanism or evidence cluster,negative lesson,context-dependent,StarHue/ColorSaveFunctions/ColorExporter.cs,bfee6efd69ef63945ce95406a9318eff0d2145f58e230ed5ef87367846ea3293,n/a,hardening,negative-to-guardrail,guardrail-derived,The donor exporter shows useful format options. WinCare exposes normalized records and local palette persistence but does not perform hidden clipboard or arbitrary file writes.,Color studio,src/WinCare/Providers/96-ColorStudio.ps1#ConvertTo-WinCareColorRecord;src/WinCare/Providers/96-ColorStudio.ps1#New-WinCareColorPaletteAddPlan,Exportable values are returned to the operator and persisted only through explicit plans.,Screen capture never causes an automatic clipboard or filesystem side effect.,tests/Wave3.Productivity.Tests.ps1#accepts governed palette additions and exact rollback descriptors,Color workspace,additive; existing WinCare authority and durable state remain authoritative,provenance retained; technical convergence requested; target behavior remains independently governed,medium,D51-COLOR-CONVERSION,high,statically-validated
D51-COLOR-NAMING,n/a,CG-W3-COLOR-STUDIO,D51,Color tools,Nearest named-color affordance,mechanism or evidence cluster,product/UX surface,context-dependent,StarHue/ColorSaveFunctions/ColorNamer.cs,4f407b00bb7c482807abc4445cd21b745c190e982bcc2b6e1fbbebf08f699f2b,n/a,adaptation,many-to-one,adapted,The naming affordance is implemented against a bounded built-in name table with deterministic squared-distance selection.,Color studio,src/WinCare/Providers/96-ColorStudio.ps1#Get-WinCareNearestColorName,Naming is derived metadata and never changes the underlying color channels.,Name matches are not represented as perceptual certainty.,tests/Wave3.Productivity.Tests.ps1#accepts governed palette additions and exact rollback descriptors,Color details,additive; existing WinCare authority and durable state remain authoritative,provenance retained; technical convergence requested; target behavior remains independently governed,low,D51-COLOR-CONVERSION,high,statically-validated
D51-SURFACE-ACCOUNTABILITY,n/a,CG-SURFACE-ACCOUNTABILITY,D51,Evidence,Complete donor surface classification,complete donor tree,evidence accountability,standalone,README.md,2582210e82a8eee4d02c2d6495ff0ea9df7aa74eff61f01c18e031f0424f8316,n/a,classification,one-to-many,reference-only,"Every archive member is hashed, classified, and linked to explicit semantic dispositions including implementation, generated, vendored, media, documentation, tests, presets and negative evidence.",Donor surface accountability,n/a,No donor file is silently omitted.,File count is not treated as semantic completeness.,n/a,Evidence bundle,additive; no donor runtime or persistent state becomes authoritative,provenance retained; technical convergence requested; target behavior remains independently governed,low,n/a,high,statically-validated
W3-COLOR-PIXEL-CAPTURE,n/a,CG-W3-COLOR-STUDIO,D51,Color tools,Cursor-position screen pixel capture,mechanism or evidence cluster,executable behavior,context-dependent,StarHue/MainWindow.xaml.cs,0acc011175b20d2ab125b61e1c6c3781f5cb4682310c80e30176565aabe234fb,n/a,reimplementation,many-to-one,adapted,The donor eyedropper interaction is reimplemented through a narrow GDI pixel read returning coordinates and normalized color data.,Color studio,src/WinCare/Providers/96-ColorStudio.ps1#Get-WinCareScreenColor;src/WinCare/Native/WinCare.Productivity.cs#CaptureCursorColor,"Capture is one-shot, local, coordinate-bound and does not retain screenshots.",No continuous screen recording or automatic clipboard write occurs.,tests/Wave3.Productivity.Tests.ps1#registers and dispatches every wave-three typed action,Color studio eyedropper,additive; existing WinCare authority and durable state remain authoritative,provenance retained; technical convergence requested; target behavior remains independently governed,medium,n/a,high,statically-validated
D52-SURFACE-ACCOUNTABILITY,n/a,CG-SURFACE-ACCOUNTABILITY,D52,Evidence,Complete donor surface classification,complete donor tree,evidence accountability,standalone,README.md,d43ca4914a6145cf0b989f4f1ea01f40b109713890512adf6b82ede20ff861af,n/a,classification,one-to-many,reference-only,"Every archive member is hashed, classified, and linked to explicit semantic dispositions including implementation, generated, vendored, media, documentation, tests, presets and negative evidence.",Donor surface accountability,n/a,No donor file is silently omitted.,File count is not treated as semantic completeness.,n/a,Evidence bundle,additive; no donor runtime or persistent state becomes authoritative,provenance retained; technical convergence requested; target behavior remains independently governed,low,n/a,high,statically-validated
D52-TRAY-STATE-AFFORDANCE,n/a,CG-W3-POWER-SESSIONS,D52,Power management,"Visible status, remaining time and stop affordance",mechanism or evidence cluster,product/UX surface,context-dependent,src/tray.c,cc2858a0424ce0f739ccbb110a53f14cce0eb389ae2208aaabe5a557596caec8,n/a,adaptation,many-to-one,adapted,"The donor tray lifecycle is translated into TUI status rows, remaining time, host health and explicit stop actions without adding a second persistent UI runtime.",Governed power sessions,src/WinCare/UI/Screens/36-PowerSessions.ps1#Show-WinCarePowerSessions;src/WinCare/Providers/94-PowerSessions.ps1#Get-WinCarePowerSession,Operator-visible status is derived from durable record plus live host identity.,UI presence alone never proves the hold is active.,tests/Wave3.Productivity.Tests.ps1#routes every wave-three workspace and headless command,Power sessions workspace,additive; existing WinCare authority and durable state remain authoritative,provenance retained; technical convergence requested; target behavior remains independently governed,low,W3-AWAKE-TIMED-LIFECYCLE,high,statically-validated
D52-UPDATER-GUARDRAIL,n/a,CG-W3-SUPPLY-CHAIN-GUARDRAILS,D52,Supply chain,Native updater and tests converted to package-admission evidence,mechanism or evidence cluster,test/oracle,context-dependent,src/updater.c,54f76582b59fe4c63cd03e8a1a0995d673872ecf5bf652456f7d0a4f5154ef3c,n/a,guardrail derivation,negative-to-guardrail,guardrail-derived,"The donor updater and tests demonstrate version/checksum/error concerns. WinCare retains those requirements in deterministic release manifests, exact package hashes, strict archive checks and atomic update rollback rather than transplanting its network updater.",Release update governance,tools/Test-ReleaseArchive.ps1#main;tools/Build-Release.ps1#main,"Update bytes are immutable, independently verified and rollback-capable before promotion.",No unauthenticated updater result or mutable remote command becomes authority.,tests/Wave3.Productivity.Tests.ps1#uses revisioned and integrity-bound power-session records,Release tooling,additive; existing WinCare authority and durable state remain authoritative,provenance retained; technical convergence requested; target behavior remains independently governed,high,n/a,high,statically-validated
W3-AWAKE-TIMED-LIFECYCLE,n/a,CG-W3-POWER-SESSIONS,D52,Power management,Timed and indefinite awake session lifecycle,mechanism or evidence cluster,executable behavior,context-dependent,src/core.c,3eecac013ba53e4e2aa33a828e0dfc325076f9d65122b5e148192a6eff54ab94,n/a,hardening,many-to-one,hardened,"The donor provides duration, state and stop semantics. WinCare adds policy caps, expiry timestamps, revisioned records, heartbeat, exact host identity and executable stop compensation.",Governed power sessions,src/WinCare/Providers/94-PowerSessions.ps1#New-WinCarePowerSessionPlan;src/WinCare/Providers/94-PowerSessions.ps1#Invoke-WinCareStopPowerSessionAction,Timed sessions expire and reconcile; indefinite sessions require separate policy approval.,No stale tray state or orphan process is accepted as an active session.,tests/Wave3.Productivity.Tests.ps1#requires a runtime-bound power-session compensator,Power sessions workspace,additive; existing WinCare authority and durable state remain authoritative,provenance retained; technical convergence requested; target behavior remains independently governed,high,W3-AWAKE-EXECUTION-STATE,high,statically-validated
D53-NANO-APPX-INVENTORY,D53-SURFACE-ACCOUNTABILITY,CG-W4-OFFLINE-REDUCTION,D53,Offline image reduction,Exact provisioned AppX inventory and removal candidates,mechanism or evidence cluster,executable behavior,context-dependent,nano11builder.ps1,df20cd1fb8d1545e01e66a223d83250c489f56fb6d38363859bc74d30495167e,n/a,target-native adaptation,many-to-one,adapted,"Exact provisioned AppX inventory and removal candidates was decomposed from donor-specific packaging and implemented through WinCare typed actions, policy, preview, bounded execution, verification, journaling, and recovery where applicable.",Offline image reduction,src/WinCare/Providers/104-OfflineReduction.ps1#Get-WinCareOfflineProvisionedAppx,"Only normalized, bounded, policy-authorized target-native behavior may mutate WinCare or Windows state.","No donor runtime, arbitrary command, untrusted plugin, hidden side effect, or unverified state becomes authoritative.",tests/Wave4.Operations.Tests.ps1#validates immutable offline reduction profile schemas,"TUI, headless JSON, reports",additive; existing WinCare authority and durable state remain authoritative,provenance retained; technical convergence requested; target behavior remains independently governed,high,n/a,high,statically-validated
D53-NANO-COMPONENT-CLEANUP,D53-SURFACE-ACCOUNTABILITY,CG-W4-OFFLINE-REDUCTION,D53,Offline image reduction,Supported component-store cleanup without ResetBase,mechanism or evidence cluster,executable behavior,context-dependent,nano11builder.ps1,df20cd1fb8d1545e01e66a223d83250c489f56fb6d38363859bc74d30495167e,n/a,target-native adaptation,many-to-one,adapted,"Supported component-store cleanup without ResetBase was decomposed from donor-specific packaging and implemented through WinCare typed actions, policy, preview, bounded execution, verification, journaling, and recovery where applicable.",Offline image reduction,src/WinCare/Providers/104-OfflineReduction.ps1#Invoke-WinCareOfflineImageStartComponentCleanupAction,"Only normalized, bounded, policy-authorized target-native behavior may mutate WinCare or Windows state.","No donor runtime, arbitrary command, untrusted plugin, hidden side effect, or unverified state becomes authoritative.",tests/Wave4.Operations.Tests.ps1#marks provisioned AppX removal as non-reversible,"TUI, headless JSON, reports",additive; existing WinCare authority and durable state remain authoritative,provenance retained; technical convergence requested; target behavior remains independently governed,high,n/a,high,statically-validated
D53-NANO-SUPPORTED-REDUCTION,D53-SURFACE-ACCOUNTABILITY,CG-W4-OFFLINE-REDUCTION,D53,Offline image reduction,Supported exact offline-image reduction workflow,mechanism or evidence cluster,executable behavior,context-dependent,nano11builder.ps1,df20cd1fb8d1545e01e66a223d83250c489f56fb6d38363859bc74d30495167e,n/a,target-native adaptation,many-to-one,adapted,"Supported exact offline-image reduction workflow was decomposed from donor-specific packaging and implemented through WinCare typed actions, policy, preview, bounded execution, verification, journaling, and recovery where applicable.",Offline image reduction,src/WinCare/Providers/104-OfflineReduction.ps1#New-WinCareOfflineReductionPlan,"Only normalized, bounded, policy-authorized target-native behavior may mutate WinCare or Windows state.","No donor runtime, arbitrary command, untrusted plugin, hidden side effect, or unverified state becomes authoritative.",tests/Wave4.Operations.Tests.ps1#offers only exact supported offline reduction operations,"TUI, headless JSON, reports",additive; existing WinCare authority and durable state remain authoritative,provenance retained; technical convergence requested; target behavior remains independently governed,high,n/a,high,statically-validated
D53-SURFACE-ACCOUNTABILITY,n/a,CG-D53-ACCOUNTABILITY,D53,Repository accountability,Complete nano11 source-surface disposition,whole repository,evidence inventory,inseparable accountability root,README.md,97513802f3fe65651dbc7281d7fb4ad196ee4b86f9463803b09b9cb214ddb964,n/a,exhaustive classification,one-to-many,reference-only,"Every archive file is hashed, classified, and linked to this repository-level disposition; mechanism records add narrower adoption, hardening, guardrail, or reference decisions without silently excluding administrative, generated, vendored, media, localization, test, or documentation surfaces.",Evidence and omission governance,n/a,"Every donor file has a stable hash, classification, authority status, and semantic disposition.","No file is omitted because it appears generated, peripheral, unsafe, or irrelevant.",n/a,Convergence evidence bundle,evidence-only; no runtime authority,provenance retained; technical convergence requested; target behavior remains independently governed,low,n/a,high,verified
D53-UNATTEND-EVIDENCE,D53-SURFACE-ACCOUNTABILITY,CG-W4-PROVISIONING,D53,Provisioning,Unattended installation settings and command-pass analysis,mechanism or evidence cluster,executable behavior,context-dependent,autounattend.xml,9f18c74366f7f1d50bfba75004de78c59d87a78f9841057cd2316a39e991523b,n/a,target-native adaptation,many-to-one,adapted,"Unattended installation settings and command-pass analysis was decomposed from donor-specific packaging and implemented through WinCare typed actions, policy, preview, bounded execution, verification, journaling, and recovery where applicable.",Provisioning,src/WinCare/Providers/72-Provisioning.ps1#Get-WinCareUnattendAnalysis,"Only normalized, bounded, policy-authorized target-native behavior may mutate WinCare or Windows state.","No donor runtime, arbitrary command, untrusted plugin, hidden side effect, or unverified state becomes authoritative.",tests/Wave2.Convergence.Tests.ps1#analyzes unattended installation commands,"TUI, headless JSON, reports",additive; existing WinCare authority and durable state remain authoritative,provenance retained; technical convergence requested; target behavior remains independently governed,high,n/a,high,statically-validated
D54-DOWNLOAD-QUEUE,D54-SURFACE-ACCOUNTABILITY,CG-W4-DOWNLOADS,D54,Verified downloads,Persistent task queue and transfer lifecycle,mechanism or evidence cluster,executable behavior,context-dependent,src/renderer/utils/task.js,239bd9614ec4c7c56812d06e999ac0f95e44d3f7bf97bd4c303ec41fb2d1a4de,n/a,target-native adaptation,many-to-one,adapted,"Persistent task queue and transfer lifecycle was decomposed from donor-specific packaging and implemented through WinCare typed actions, policy, preview, bounded execution, verification, journaling, and recovery where applicable.",Verified downloads,src/WinCare/Providers/100-Downloads.ps1#Get-WinCareDownloadStore,"Only normalized, bounded, policy-authorized target-native behavior may mutate WinCare or Windows state.","No donor runtime, arbitrary command, untrusted plugin, hidden side effect, or unverified state becomes authoritative.",tests/Wave4.Operations.Tests.ps1#builds a protected download queue action with exact recovery,"TUI, headless JSON, reports",additive; existing WinCare authority and durable state remain authoritative,provenance retained; technical convergence requested; target behavior remains independently governed,medium,n/a,high,statically-validated
D54-DOWNLOAD-UX,D54-SURFACE-ACCOUNTABILITY,CG-W4-DOWNLOADS,D54,Verified downloads,"Queue, progress, empty-state, and task-detail product affordances",mechanism or evidence cluster,product/UX surface,context-dependent,README.md,932749942e5e3b7671697e5891b097695762dc0f9271e03d814447c6dd080b8e,n/a,target-native adaptation,many-to-one,adapted,"Queue, progress, empty-state, and task-detail product affordances was decomposed from donor-specific packaging and implemented through WinCare typed actions, policy, preview, bounded execution, verification, journaling, and recovery where applicable.",Verified downloads,src/WinCare/UI/Screens/43-Downloads.ps1#Show-WinCareDownloadsScreen,"Only normalized, bounded, policy-authorized target-native behavior may mutate WinCare or Windows state.","No donor runtime, arbitrary command, untrusted plugin, hidden side effect, or unverified state becomes authoritative.",tests/Wave4.Operations.Tests.ps1#routes every wave-four workspace and headless command,"TUI, headless JSON, reports",additive; existing WinCare authority and durable state remain authoritative,provenance retained; technical convergence requested; target behavior remains independently governed,medium,n/a,high,statically-validated
D54-MIRROR-PRIORITY,D54-SURFACE-ACCOUNTABILITY,CG-W4-DOWNLOADS,D54,Verified downloads,"Mirror selection, task priority, and progress semantics",mechanism or evidence cluster,executable behavior,context-dependent,src/renderer/utils/task.js,239bd9614ec4c7c56812d06e999ac0f95e44d3f7bf97bd4c303ec41fb2d1a4de,n/a,target-native adaptation,many-to-one,adapted,"Mirror selection, task priority, and progress semantics was decomposed from donor-specific packaging and implemented through WinCare typed actions, policy, preview, bounded execution, verification, journaling, and recovery where applicable.",Verified downloads,src/WinCare/Providers/100-Downloads.ps1#New-WinCareDownloadJobRecord,"Only normalized, bounded, policy-authorized target-native behavior may mutate WinCare or Windows state.","No donor runtime, arbitrary command, untrusted plugin, hidden side effect, or unverified state becomes authoritative.",tests/Wave4.Operations.Tests.ps1#uses BITS state transitions and exact content verification,"TUI, headless JSON, reports",additive; existing WinCare authority and durable state remain authoritative,provenance retained; technical convergence requested; target behavior remains independently governed,medium,n/a,high,statically-validated
D54-SURFACE-ACCOUNTABILITY,n/a,CG-D54-ACCOUNTABILITY,D54,Repository accountability,Complete Motrix source-surface disposition,whole repository,evidence inventory,inseparable accountability root,README.md,932749942e5e3b7671697e5891b097695762dc0f9271e03d814447c6dd080b8e,n/a,exhaustive classification,one-to-many,reference-only,"Every archive file is hashed, classified, and linked to this repository-level disposition; mechanism records add narrower adoption, hardening, guardrail, or reference decisions without silently excluding administrative, generated, vendored, media, localization, test, or documentation surfaces.",Evidence and omission governance,n/a,"Every donor file has a stable hash, classification, authority status, and semantic disposition.","No file is omitted because it appears generated, peripheral, unsafe, or irrelevant.",n/a,Convergence evidence bundle,evidence-only; no runtime authority,provenance retained; technical convergence requested; target behavior remains independently governed,low,n/a,high,verified
D55-BROWSER-INTEGRATION,D55-SURFACE-ACCOUNTABILITY,CG-W4-DOWNLOADS,D55,Verified downloads,Browser-originated download-link admission without browser authority,mechanism or evidence cluster,executable behavior,context-dependent,README.md,3064b6585dc49445a8e731b1157b3ee013b903d89e2b8a116e3fba7f20e0e138,n/a,target-native adaptation,many-to-one,adapted,"Browser-originated download-link admission without browser authority was decomposed from donor-specific packaging and implemented through WinCare typed actions, policy, preview, bounded execution, verification, journaling, and recovery where applicable.",Verified downloads,src/WinCare/UI/98-Headless.ps1#Invoke-WinCareHeadlessCommand,"Only normalized, bounded, policy-authorized target-native behavior may mutate WinCare or Windows state.","No donor runtime, arbitrary command, untrusted plugin, hidden side effect, or unverified state becomes authoritative.",tests/Wave4.Operations.Tests.ps1#keeps every wave-four mutation outside the read-only broker,"TUI, headless JSON, reports",additive; existing WinCare authority and durable state remain authoritative,provenance retained; technical convergence requested; target behavior remains independently governed,high,n/a,high,statically-validated
D55-CROSS-PLATFORM-REFERENCE,D55-SURFACE-ACCOUNTABILITY,CG-W4-PRODUCT-UX,D55,Product UX,"Cross-platform queue, settings, installer, localization, and updater surfaces",mechanism or evidence cluster,product/UX surface,context-dependent,README.md,3064b6585dc49445a8e731b1157b3ee013b903d89e2b8a116e3fba7f20e0e138,n/a,reference retention,one-to-many,reference-only,"Cross-platform queue, settings, installer, localization, and updater surfaces was decomposed from donor-specific packaging and implemented through WinCare typed actions, policy, preview, bounded execution, verification, journaling, and recovery where applicable.",Product UX,n/a,"Only normalized, bounded, policy-authorized target-native behavior may mutate WinCare or Windows state.","No donor runtime, arbitrary command, untrusted plugin, hidden side effect, or unverified state becomes authoritative.",n/a,n/a,evidence-only; no runtime authority,provenance retained; technical convergence requested; target behavior remains independently governed,medium,n/a,high,statically-validated
D55-DOWNLOAD-SCHEDULER,D55-SURFACE-ACCOUNTABILITY,CG-W4-DOWNLOADS,D55,Verified downloads,Scheduled persistent downloads and bounded queue admission,mechanism or evidence cluster,executable behavior,context-dependent,README.md,3064b6585dc49445a8e731b1157b3ee013b903d89e2b8a116e3fba7f20e0e138,n/a,target-native adaptation,many-to-one,adapted,"Scheduled persistent downloads and bounded queue admission was decomposed from donor-specific packaging and implemented through WinCare typed actions, policy, preview, bounded execution, verification, journaling, and recovery where applicable.",Verified downloads,src/WinCare/Providers/100-Downloads.ps1#New-WinCareDueDownloadStartPlan,"Only normalized, bounded, policy-authorized target-native behavior may mutate WinCare or Windows state.","No donor runtime, arbitrary command, untrusted plugin, hidden side effect, or unverified state becomes authoritative.",tests/Wave4.Operations.Tests.ps1#enforces the strictest download byte and concurrency limits,"TUI, headless JSON, reports",additive; existing WinCare authority and durable state remain authoritative,provenance retained; technical convergence requested; target behavior remains independently governed,medium,n/a,high,statically-validated
D55-HASH-UTILS,D55-SURFACE-ACCOUNTABILITY,CG-W4-DOWNLOADS,D55,Verified downloads,Content hashing and package-integrity primitives,mechanism or evidence cluster,executable behavior,context-dependent,buildSrc/src/main/kotlin/buildlogic/HashUtils.kt,8dd72051928bfb91f112ea16e0a01e65e42d9d9e01fe6e7960f26a6ac656891a,n/a,target-native adaptation,many-to-one,adapted,"Content hashing and package-integrity primitives was decomposed from donor-specific packaging and implemented through WinCare typed actions, policy, preview, bounded execution, verification, journaling, and recovery where applicable.",Verified downloads,src/WinCare/Providers/100-Downloads.ps1#Complete-WinCareDownloadedFile,"Only normalized, bounded, policy-authorized target-native behavior may mutate WinCare or Windows state.","No donor runtime, arbitrary command, untrusted plugin, hidden side effect, or unverified state becomes authoritative.",tests/Wave4.Operations.Tests.ps1#finalizes downloads through verified same-directory staging and tombstone rollback,"TUI, headless JSON, reports",additive; existing WinCare authority and durable state remain authoritative,provenance retained; technical convergence requested; target behavior remains independently governed,medium,n/a,high,statically-validated
D55-SURFACE-ACCOUNTABILITY,n/a,CG-D55-ACCOUNTABILITY,D55,Repository accountability,Complete AB Download Manager source-surface disposition,whole repository,evidence inventory,inseparable accountability root,README.md,3064b6585dc49445a8e731b1157b3ee013b903d89e2b8a116e3fba7f20e0e138,n/a,exhaustive classification,one-to-many,reference-only,"Every archive file is hashed, classified, and linked to this repository-level disposition; mechanism records add narrower adoption, hardening, guardrail, or reference decisions without silently excluding administrative, generated, vendored, media, localization, test, or documentation surfaces.",Evidence and omission governance,n/a,"Every donor file has a stable hash, classification, authority status, and semantic disposition.","No file is omitted because it appears generated, peripheral, unsafe, or irrelevant.",n/a,Convergence evidence bundle,evidence-only; no runtime authority,provenance retained; technical convergence requested; target behavior remains independently governed,low,n/a,high,verified
D56-DASHBOARD-UX,D56-SURFACE-ACCOUNTABILITY,CG-W4-TELEMETRY,D56,Operations telemetry,"Dense dashboard layout, keyboard interaction, and visual hierarchy",mechanism or evidence cluster,product/UX surface,context-dependent,README.md,9b81b22766b58a614071633c6fb4d4d5faa03c9b83278a422636d0f87ca31b1e,n/a,target-native adaptation,many-to-one,adapted,"Dense dashboard layout, keyboard interaction, and visual hierarchy was decomposed from donor-specific packaging and implemented through WinCare typed actions, policy, preview, bounded execution, verification, journaling, and recovery where applicable.",Operations telemetry,src/WinCare/UI/Screens/44-Telemetry.ps1#Show-WinCareTelemetryScreen,"Only normalized, bounded, policy-authorized target-native behavior may mutate WinCare or Windows state.","No donor runtime, arbitrary command, untrusted plugin, hidden side effect, or unverified state becomes authoritative.",tests/Wave4.Operations.Tests.ps1#routes every wave-four workspace and headless command,"TUI, headless JSON, reports",additive; existing WinCare authority and durable state remain authoritative,provenance retained; technical convergence requested; target behavior remains independently governed,medium,n/a,high,statically-validated
D56-FUZZY-FINDER,D56-SURFACE-ACCOUNTABILITY,CG-W4-LAUNCHER,D56,Launcher intelligence,Fuzzy finder ranking and operator feedback,mechanism or evidence cluster,executable behavior,context-dependent,src/classes/fuzzyFinder.class.js,018f56eae7012841a8f52765beab91051ac3b6c846e07568a254b4bff6f7759d,n/a,target-native adaptation,many-to-one,adapted,"Fuzzy finder ranking and operator feedback was decomposed from donor-specific packaging and implemented through WinCare typed actions, policy, preview, bounded execution, verification, journaling, and recovery where applicable.",Launcher intelligence,src/WinCare/Providers/102-Launcher.ps1#Get-WinCareLaunchTarget,"Only normalized, bounded, policy-authorized target-native behavior may mutate WinCare or Windows state.","No donor runtime, arbitrary command, untrusted plugin, hidden side effect, or unverified state becomes authoritative.",tests/Wave4.Operations.Tests.ps1#binds launch execution to a current indexed target hash,"TUI, headless JSON, reports",additive; existing WinCare authority and durable state remain authoritative,provenance retained; technical convergence requested; target behavior remains independently governed,medium,n/a,high,statically-validated
D56-SURFACE-ACCOUNTABILITY,n/a,CG-D56-ACCOUNTABILITY,D56,Repository accountability,Complete eDEX-UI source-surface disposition,whole repository,evidence inventory,inseparable accountability root,README.md,9b81b22766b58a614071633c6fb4d4d5faa03c9b83278a422636d0f87ca31b1e,n/a,exhaustive classification,one-to-many,reference-only,"Every archive file is hashed, classified, and linked to this repository-level disposition; mechanism records add narrower adoption, hardening, guardrail, or reference decisions without silently excluding administrative, generated, vendored, media, localization, test, or documentation surfaces.",Evidence and omission governance,n/a,"Every donor file has a stable hash, classification, authority status, and semantic disposition.","No file is omitted because it appears generated, peripheral, unsafe, or irrelevant.",n/a,Convergence evidence bundle,evidence-only; no runtime authority,provenance retained; technical convergence requested; target behavior remains independently governed,low,n/a,high,verified
D56-TERMINAL-DASHBOARD,D56-SURFACE-ACCOUNTABILITY,CG-W4-TELEMETRY,D56,Operations telemetry,Terminal dashboard composition and local system panels,mechanism or evidence cluster,executable behavior,context-dependent,README.md,9b81b22766b58a614071633c6fb4d4d5faa03c9b83278a422636d0f87ca31b1e,n/a,target-native adaptation,many-to-one,adapted,"Terminal dashboard composition and local system panels was decomposed from donor-specific packaging and implemented through WinCare typed actions, policy, preview, bounded execution, verification, journaling, and recovery where applicable.",Operations telemetry,src/WinCare/Providers/101-Telemetry.ps1#Get-WinCareTelemetrySnapshot,"Only normalized, bounded, policy-authorized target-native behavior may mutate WinCare or Windows state.","No donor runtime, arbitrary command, untrusted plugin, hidden side effect, or unverified state becomes authoritative.",tests/Wave4.Operations.Tests.ps1#keeps telemetry local bounded cancellable and history-limited,"TUI, headless JSON, reports",additive; existing WinCare authority and durable state remain authoritative,provenance retained; technical convergence requested; target behavior remains independently governed,medium,n/a,high,statically-validated
D57-MEMORY-CLEANER-GUARDRAIL,D57-SURFACE-ACCOUNTABILITY,CG-W4-PERFORMANCE-GUARDRAILS,D57,Performance guardrails,Memory-cleaner UI converted into anti-folklore guidance and telemetry evidence,mechanism or evidence cluster,executable behavior,context-dependent,src/UI/CleanMemoryForm.cs,b9e8687e511419a47f6befca46dc12f2eebabf239e628a4f3730159ed65df277,n/a,negative-to-guardrail derivation,negative-to-guardrail,guardrail-derived,"The donor surface demonstrates demand for memory-pressure relief, but working-set purges are not durable optimization. WinCare absorbs measurement, alerting, process attribution, and diagnostic guidance while rejecting fake RAM-cleaner authority.",Performance guardrails,src/WinCare/Providers/101-Telemetry.ps1#Get-WinCareTelemetrySnapshot,"Only normalized, bounded, policy-authorized target-native behavior may mutate WinCare or Windows state.",No working-set purge or RAM cleaner is represented as sustained performance improvement.,tests/Wave4.Operations.Tests.ps1#keeps telemetry local bounded cancellable and history-limited,"TUI, headless JSON, reports",additive; existing WinCare authority and durable state remain authoritative,provenance retained; technical convergence requested; target behavior remains independently governed,high,n/a,high,statically-validated
D57-PLUGIN-REFERENCE,D57-SURFACE-ACCOUNTABILITY,CG-W4-EXTENSIONS,D57,Extension governance,Monitor plugin architecture retained as evidence for bounded capability declarations,mechanism or evidence cluster,executable behavior,context-dependent,src/Plugins/PluginManager.cs,dec171547187f5e3c66c4ca3e21b4e455da2e57095128c30f00ac36dbbc2d973,n/a,guardrail derivation,negative-to-guardrail,guardrail-derived,"Monitor plugin architecture retained as evidence for bounded capability declarations was decomposed from donor-specific packaging and implemented through WinCare typed actions, policy, preview, bounded execution, verification, journaling, and recovery where applicable.",Extension governance,src/WinCare/Providers/90-Extensions.ps1#Test-WinCareExtensionManifest,"Only normalized, bounded, policy-authorized target-native behavior may mutate WinCare or Windows state.","No donor runtime, arbitrary command, untrusted plugin, hidden side effect, or unverified state becomes authoritative.",tests/Providers.Admission.Tests.ps1#rejects executable extensions,"TUI, headless JSON, reports",additive; existing WinCare authority and durable state remain authoritative,provenance retained; technical convergence requested; target behavior remains independently governed,high,n/a,high,statically-validated
D57-SURFACE-ACCOUNTABILITY,n/a,CG-D57-ACCOUNTABILITY,D57,Repository accountability,Complete LiteMonitor source-surface disposition,whole repository,evidence inventory,inseparable accountability root,README.md,7e17c8b03771321d4783598e1456ec3a201054598324544171c0fe67d6a3df22,n/a,exhaustive classification,one-to-many,reference-only,"Every archive file is hashed, classified, and linked to this repository-level disposition; mechanism records add narrower adoption, hardening, guardrail, or reference decisions without silently excluding administrative, generated, vendored, media, localization, test, or documentation surfaces.",Evidence and omission governance,n/a,"Every donor file has a stable hash, classification, authority status, and semantic disposition.","No file is omitted because it appears generated, peripheral, unsafe, or irrelevant.",n/a,Convergence evidence bundle,evidence-only; no runtime authority,provenance retained; technical convergence requested; target behavior remains independently governed,low,n/a,high,verified
D57-SYSTEM-MONITOR,D57-SURFACE-ACCOUNTABILITY,CG-W4-TELEMETRY,D57,Operations telemetry,"CPU, memory, disk, network, process, and hardware metric surfaces",mechanism or evidence cluster,executable behavior,context-dependent,src/Core/MetricUtils.cs,ed96c12c83826211f969be66e1171ab5966933df258b56ab5d23129df512792f,n/a,target-native adaptation,many-to-one,adapted,"CPU, memory, disk, network, process, and hardware metric surfaces was decomposed from donor-specific packaging and implemented through WinCare typed actions, policy, preview, bounded execution, verification, journaling, and recovery where applicable.",Operations telemetry,src/WinCare/Providers/101-Telemetry.ps1#Get-WinCareTelemetrySnapshot,"Only normalized, bounded, policy-authorized target-native behavior may mutate WinCare or Windows state.","No donor runtime, arbitrary command, untrusted plugin, hidden side effect, or unverified state becomes authoritative.",tests/Wave4.Operations.Tests.ps1#uses formatted disk rates and strips private telemetry counters,"TUI, headless JSON, reports",additive; existing WinCare authority and durable state remain authoritative,provenance retained; technical convergence requested; target behavior remains independently governed,medium,n/a,high,statically-validated
D57-TRAFFIC-HISTORY,D57-SURFACE-ACCOUNTABILITY,CG-W4-TELEMETRY,D57,Operations telemetry,Bounded local telemetry history and trend views,mechanism or evidence cluster,executable behavior,context-dependent,src/Core/TrafficLogger.cs,cf1a6d2e8a5a7f7132825c7b10606987b6d9b0aac1186fa65e655834cb03ec2f,n/a,target-native adaptation,many-to-one,adapted,"Bounded local telemetry history and trend views was decomposed from donor-specific packaging and implemented through WinCare typed actions, policy, preview, bounded execution, verification, journaling, and recovery where applicable.",Operations telemetry,src/WinCare/Providers/101-Telemetry.ps1#Get-WinCareTelemetryHistory,"Only normalized, bounded, policy-authorized target-native behavior may mutate WinCare or Windows state.","No donor runtime, arbitrary command, untrusted plugin, hidden side effect, or unverified state becomes authoritative.",tests/Wave4.Operations.Tests.ps1#keeps telemetry local bounded cancellable and history-limited,"TUI, headless JSON, reports",additive; existing WinCare authority and durable state remain authoritative,provenance retained; technical convergence requested; target behavior remains independently governed,medium,n/a,high,statically-validated
D58-LAUNCHER,D58-SURFACE-ACCOUNTABILITY,CG-W4-LAUNCHER,D58,Launcher intelligence,"Launcher query, ranking, result, and action workflow",mechanism or evidence cluster,executable behavior,context-dependent,lib/pages/launcher.dart,8722cb22403959c91bd863f44439bb3faae2abba015ab8e15190505622dca492,n/a,target-native adaptation,many-to-one,adapted,"Launcher query, ranking, result, and action workflow was decomposed from donor-specific packaging and implemented through WinCare typed actions, policy, preview, bounded execution, verification, journaling, and recovery where applicable.",Launcher intelligence,src/WinCare/Providers/102-Launcher.ps1#Get-WinCareLaunchTarget,"Only normalized, bounded, policy-authorized target-native behavior may mutate WinCare or Windows state.","No donor runtime, arbitrary command, untrusted plugin, hidden side effect, or unverified state becomes authoritative.",tests/Wave4.Operations.Tests.ps1#binds launch execution to a current indexed target hash,"TUI, headless JSON, reports",additive; existing WinCare authority and durable state remain authoritative,provenance retained; technical convergence requested; target behavior remains independently governed,medium,n/a,high,statically-validated
D58-PLUGIN-HOST-GUARDRAIL,D58-SURFACE-ACCOUNTABILITY,CG-W4-EXTENSIONS,D58,Extension governance,Launcher plugin protocol converted to strict data-only command aliases,mechanism or evidence cluster,executable behavior,context-dependent,test/plugin_protocol_test.dart,2b9216d6cc963185c2a4ea3e9a0101f92ba7831b93f4f36f1d4649d19c87e9db,n/a,hardening and guardrail derivation,negative-to-guardrail,guardrail-derived,"Launcher plugin protocol converted to strict data-only command aliases was decomposed from donor-specific packaging and implemented through WinCare typed actions, policy, preview, bounded execution, verification, journaling, and recovery where applicable.",Extension governance,src/WinCare/Providers/90-Extensions.ps1#Test-WinCareExtensionManifest,"Only normalized, bounded, policy-authorized target-native behavior may mutate WinCare or Windows state.","No donor runtime, arbitrary command, untrusted plugin, hidden side effect, or unverified state becomes authoritative.",tests/Providers.Admission.Tests.ps1#rejects executable extensions,"TUI, headless JSON, reports",additive; existing WinCare authority and durable state remain authoritative,provenance retained; technical convergence requested; target behavior remains independently governed,high,n/a,high,statically-validated
D58-QUICK-MONITOR,D58-SURFACE-ACCOUNTABILITY,CG-W4-TELEMETRY,D58,Operations telemetry,"Quick taskbar CPU, memory, and system-state summaries",mechanism or evidence cluster,executable behavior,context-dependent,lib/widgets/quickmenu/taskbar_stats.dart,ffce6fbfce6bf6cc30f1e6ca128ab059756a209e90dfb656321dbb392291e668,n/a,target-native adaptation,many-to-one,adapted,"Quick taskbar CPU, memory, and system-state summaries was decomposed from donor-specific packaging and implemented through WinCare typed actions, policy, preview, bounded execution, verification, journaling, and recovery where applicable.",Operations telemetry,src/WinCare/Providers/101-Telemetry.ps1#Get-WinCareTelemetrySnapshot,"Only normalized, bounded, policy-authorized target-native behavior may mutate WinCare or Windows state.","No donor runtime, arbitrary command, untrusted plugin, hidden side effect, or unverified state becomes authoritative.",tests/Wave4.Operations.Tests.ps1#uses formatted disk rates and strips private telemetry counters,"TUI, headless JSON, reports",additive; existing WinCare authority and durable state remain authoritative,provenance retained; technical convergence requested; target behavior remains independently governed,medium,n/a,high,statically-validated
D58-SURFACE-ACCOUNTABILITY,n/a,CG-D58-ACCOUNTABILITY,D58,Repository accountability,Complete Tabame source-surface disposition,whole repository,evidence inventory,inseparable accountability root,README.md,f991d122148b9fa178d4b484a2fbb447c66548045028689aa5e2b6d935ddb832,n/a,exhaustive classification,one-to-many,reference-only,"Every archive file is hashed, classified, and linked to this repository-level disposition; mechanism records add narrower adoption, hardening, guardrail, or reference decisions without silently excluding administrative, generated, vendored, media, localization, test, or documentation surfaces.",Evidence and omission governance,n/a,"Every donor file has a stable hash, classification, authority status, and semantic disposition.","No file is omitted because it appears generated, peripheral, unsafe, or irrelevant.",n/a,Convergence evidence bundle,evidence-only; no runtime authority,provenance retained; technical convergence requested; target behavior remains independently governed,low,n/a,high,verified
D58-TABAME-WINDOW-ZONES,D58-SURFACE-ACCOUNTABILITY,CG-W4-LAYOUTS,D58,Workspace layouts,"Quick-snap geometry, window identities, and zone application",mechanism or evidence cluster,executable behavior,context-dependent,lib/pages/quicksnap_overlay.dart,915d3f41f3d96acc89245f5fb5cf09df781949ea07fa65a6a098023cadefcd09,n/a,target-native adaptation,many-to-one,adapted,"Quick-snap geometry, window identities, and zone application was decomposed from donor-specific packaging and implemented through WinCare typed actions, policy, preview, bounded execution, verification, journaling, and recovery where applicable.",Workspace layouts,src/WinCare/Providers/105-WorkspaceLayouts.ps1#New-WinCareWorkspaceLayoutApplyPlan,"Only normalized, bounded, policy-authorized target-native behavior may mutate WinCare or Windows state.","No donor runtime, arbitrary command, untrusted plugin, hidden side effect, or unverified state becomes authoritative.",tests/Wave4.Operations.Tests.ps1#binds applied layouts to exact windows and monitor work areas,"TUI, headless JSON, reports",additive; existing WinCare authority and durable state remain authoritative,provenance retained; technical convergence requested; target behavior remains independently governed,medium,n/a,high,statically-validated
D59-COLOR-DPI-GUARDRAIL,D59-SURFACE-ACCOUNTABILITY,CG-W3-COLOR-STUDIO,D59,Color and visual studio,DPI-aware cursor capture and bounded local palette state,mechanism or evidence cluster,executable behavior,context-dependent,README.md,fc149d82a980f7ddc328a841bc6e7907f7831188d41ab0fe9efb49152089f1a2,n/a,target-native hardening,many-to-one,hardened,"DPI-aware cursor capture and bounded local palette state was decomposed from donor-specific packaging and implemented through WinCare typed actions, policy, preview, bounded execution, verification, journaling, and recovery where applicable.",Color and visual studio,src/WinCare/Providers/96-ColorStudio.ps1#ConvertTo-WinCareColorRecord,"Only normalized, bounded, policy-authorized target-native behavior may mutate WinCare or Windows state.","No donor runtime, arbitrary command, untrusted plugin, hidden side effect, or unverified state becomes authoritative.",tests/Wave3.Productivity.Tests.ps1#fails closed for mutations when durable palette state is corrupt,"TUI, headless JSON, reports",additive; existing WinCare authority and durable state remain authoritative,provenance retained; technical convergence requested; target behavior remains independently governed,medium,n/a,high,statically-validated
D59-MODERN-COLOR-PICKER,D59-SURFACE-ACCOUNTABILITY,CG-W3-COLOR-STUDIO,D59,Color and visual studio,Modern pixel/color selection and normalized color presentation,mechanism or evidence cluster,product/UX surface,context-dependent,README.md,fc149d82a980f7ddc328a841bc6e7907f7831188d41ab0fe9efb49152089f1a2,n/a,target-native adaptation,many-to-one,adapted,"Modern pixel/color selection and normalized color presentation was decomposed from donor-specific packaging and implemented through WinCare typed actions, policy, preview, bounded execution, verification, journaling, and recovery where applicable.",Color and visual studio,src/WinCare/Providers/96-ColorStudio.ps1#Get-WinCareScreenColor,"Only normalized, bounded, policy-authorized target-native behavior may mutate WinCare or Windows state.","No donor runtime, arbitrary command, untrusted plugin, hidden side effect, or unverified state becomes authoritative.",tests/Wave3.Productivity.Tests.ps1#accepts governed palette additions and exact rollback descriptors,"TUI, headless JSON, reports",additive; existing WinCare authority and durable state remain authoritative,provenance retained; technical convergence requested; target behavior remains independently governed,medium,n/a,high,statically-validated
D59-SURFACE-ACCOUNTABILITY,n/a,CG-D59-ACCOUNTABILITY,D59,Repository accountability,Complete ModernPicker source-surface disposition,whole repository,evidence inventory,inseparable accountability root,README.md,fc149d82a980f7ddc328a841bc6e7907f7831188d41ab0fe9efb49152089f1a2,n/a,exhaustive classification,one-to-many,reference-only,"Every archive file is hashed, classified, and linked to this repository-level disposition; mechanism records add narrower adoption, hardening, guardrail, or reference decisions without silently excluding administrative, generated, vendored, media, localization, test, or documentation surfaces.",Evidence and omission governance,n/a,"Every donor file has a stable hash, classification, authority status, and semantic disposition.","No file is omitted because it appears generated, peripheral, unsafe, or irrelevant.",n/a,Convergence evidence bundle,evidence-only; no runtime authority,provenance retained; technical convergence requested; target behavior remains independently governed,low,n/a,high,verified
D60-FREQUENCY-RANKING,D60-SURFACE-ACCOUNTABILITY,CG-W4-LAUNCHER,D60,Launcher intelligence,Usage-frequency evidence for deterministic local ranking,mechanism or evidence cluster,executable behavior,context-dependent,Pinpoint.Plugin.AppSearch/AppSearchFrequency.cs,d5d9de735659270153c80a953eafcef56fbda443bd03363746767a943c7fc572,n/a,target-native adaptation,many-to-one,adapted,"Usage-frequency evidence for deterministic local ranking was decomposed from donor-specific packaging and implemented through WinCare typed actions, policy, preview, bounded execution, verification, journaling, and recovery where applicable.",Launcher intelligence,src/WinCare/Providers/102-Launcher.ps1#Get-WinCareLaunchTarget,"Only normalized, bounded, policy-authorized target-native behavior may mutate WinCare or Windows state.","No donor runtime, arbitrary command, untrusted plugin, hidden side effect, or unverified state becomes authoritative.",tests/Wave4.Operations.Tests.ps1#binds launch execution to a current indexed target hash,"TUI, headless JSON, reports",additive; existing WinCare authority and durable state remain authoritative,provenance retained; technical convergence requested; target behavior remains independently governed,medium,n/a,high,statically-validated
D60-PINPOINT-LAUNCH-LAYOUT,D60-SURFACE-ACCOUNTABILITY,CG-W4-LAYOUTS,D60,Workspace layouts,"Window search, activation, and placement primitives",mechanism or evidence cluster,executable behavior,context-dependent,Pinpoint.Plugin.Windower/WindowManager.cs,c45788ae424322727dd19d41ce99d28e4fbee8dd3ffa81dc08f43701d2952edb,n/a,target-native adaptation,many-to-one,adapted,"Window search, activation, and placement primitives was decomposed from donor-specific packaging and implemented through WinCare typed actions, policy, preview, bounded execution, verification, journaling, and recovery where applicable.",Workspace layouts,src/WinCare/Providers/105-WorkspaceLayouts.ps1#New-WinCareWorkspaceLayoutApplyPlan,"Only normalized, bounded, policy-authorized target-native behavior may mutate WinCare or Windows state.","No donor runtime, arbitrary command, untrusted plugin, hidden side effect, or unverified state becomes authoritative.",tests/Wave4.Operations.Tests.ps1#bounds workspace title regex execution,"TUI, headless JSON, reports",additive; existing WinCare authority and durable state remain authoritative,provenance retained; technical convergence requested; target behavior remains independently governed,medium,n/a,high,statically-validated
D60-PLUGIN-SEARCH,D60-SURFACE-ACCOUNTABILITY,CG-W4-LAUNCHER,D60,Launcher intelligence,"App-provider search, ranking, frequency, and result models",mechanism or evidence cluster,executable behavior,context-dependent,Pinpoint.Plugin.AppSearch/AppSearchPlugin.cs,aed42c5fdbf1a4b2452b13860398353c970c3b32f50c302972137343b78480f1,n/a,target-native adaptation,many-to-one,adapted,"App-provider search, ranking, frequency, and result models was decomposed from donor-specific packaging and implemented through WinCare typed actions, policy, preview, bounded execution, verification, journaling, and recovery where applicable.",Launcher intelligence,src/WinCare/Providers/102-Launcher.ps1#Get-WinCareLaunchTarget,"Only normalized, bounded, policy-authorized target-native behavior may mutate WinCare or Windows state.","No donor runtime, arbitrary command, untrusted plugin, hidden side effect, or unverified state becomes authoritative.",tests/Wave4.Operations.Tests.ps1#binds launch execution to a current indexed target hash,"TUI, headless JSON, reports",additive; existing WinCare authority and durable state remain authoritative,provenance retained; technical convergence requested; target behavior remains independently governed,medium,n/a,high,statically-validated
D60-REMOTE-PLUGIN-GUARDRAIL,D60-SURFACE-ACCOUNTABILITY,CG-W4-LAUNCHER,D60,Launcher intelligence,"Network-backed finance, Spotify, and URL plugins retained as non-authoritative reference",mechanism or evidence cluster,executable behavior,context-dependent,Pinpoint.Plugin.UrlLauncher/UrlLauncherPlugin.cs,1baefbe860d16817c25054495e958d4549f7d9c4c970e8d95737f990d2dea8f6,n/a,negative-to-guardrail derivation,negative-to-guardrail,guardrail-derived,"Network-backed finance, Spotify, and URL plugins retained as non-authoritative reference was decomposed from donor-specific packaging and implemented through WinCare typed actions, policy, preview, bounded execution, verification, journaling, and recovery where applicable.",Launcher intelligence,src/WinCare/Providers/102-Launcher.ps1#Invoke-WinCareOpenLaunchTargetAction,"Only normalized, bounded, policy-authorized target-native behavior may mutate WinCare or Windows state.","No remote response, URL text, or plugin result grants arbitrary command authority.",tests/Wave4.Operations.Tests.ps1#binds launch execution to a current indexed target hash,"TUI, headless JSON, reports",additive; existing WinCare authority and durable state remain authoritative,provenance retained; technical convergence requested; target behavior remains independently governed,high,n/a,high,statically-validated
D60-SURFACE-ACCOUNTABILITY,n/a,CG-D60-ACCOUNTABILITY,D60,Repository accountability,Complete Pinpoint source-surface disposition,whole repository,evidence inventory,inseparable accountability root,README.md,16bda4ea97c040566784b354d573c8a5edacd67fa4541a3c51ca04480e4093ea,n/a,exhaustive classification,one-to-many,reference-only,"Every archive file is hashed, classified, and linked to this repository-level disposition; mechanism records add narrower adoption, hardening, guardrail, or reference decisions without silently excluding administrative, generated, vendored, media, localization, test, or documentation surfaces.",Evidence and omission governance,n/a,"Every donor file has a stable hash, classification, authority status, and semantic disposition.","No file is omitted because it appears generated, peripheral, unsafe, or irrelevant.",n/a,Convergence evidence bundle,evidence-only; no runtime authority,provenance retained; technical convergence requested; target behavior remains independently governed,low,n/a,high,verified
D61-REMOTE-STATE-GUARDRAIL,D61-SURFACE-ACCOUNTABILITY,CG-W4-SECRET-GUARDRAILS,D61,Secret and remote-state governance,Remote Mongo and local crypto surfaces converted into local-only state and secret-reference constraints,mechanism or evidence cluster,executable behavior,context-dependent,src-tauri/src/mongo.rs,e5744149d749846d54169de7b6db6dbc23ad8bece50994f4289f02182765bba9,n/a,negative-to-guardrail derivation,negative-to-guardrail,guardrail-derived,"Remote Mongo and local crypto surfaces converted into local-only state and secret-reference constraints was decomposed from donor-specific packaging and implemented through WinCare typed actions, policy, preview, bounded execution, verification, journaling, and recovery where applicable.",Secret and remote-state governance,src/WinCare/Core/01-Config.ps1#Test-WinCareConfig,"Only normalized, bounded, policy-authorized target-native behavior may mutate WinCare or Windows state.","No launcher credential, plaintext secret, or remote database becomes required for local command discovery.",tests/Safety.Recovery.Tests.ps1#does not persist plaintext secrets,"TUI, headless JSON, reports",additive; existing WinCare authority and durable state remain authoritative,provenance retained; technical convergence requested; target behavior remains independently governed,critical,n/a,high,statically-validated
D61-SECURE-LAUNCHER,D61-SURFACE-ACCOUNTABILITY,CG-W4-LAUNCHER,D61,Launcher intelligence,Local application launch workflow with explicit target identity,mechanism or evidence cluster,executable behavior,context-dependent,src-tauri/src/lib.rs,58003ab7e20b8c90410fe4bd91052596ca4542b9a81298390a7b007cefa952d5,n/a,target-native adaptation,many-to-one,adapted,"Local application launch workflow with explicit target identity was decomposed from donor-specific packaging and implemented through WinCare typed actions, policy, preview, bounded execution, verification, journaling, and recovery where applicable.",Launcher intelligence,src/WinCare/Providers/102-Launcher.ps1#Invoke-WinCareOpenLaunchTargetAction,"Only normalized, bounded, policy-authorized target-native behavior may mutate WinCare or Windows state.","No donor runtime, arbitrary command, untrusted plugin, hidden side effect, or unverified state becomes authoritative.",tests/Wave4.Operations.Tests.ps1#binds launch execution to a current indexed target hash,"TUI, headless JSON, reports",additive; existing WinCare authority and durable state remain authoritative,provenance retained; technical convergence requested; target behavior remains independently governed,medium,n/a,high,statically-validated
D61-SURFACE-ACCOUNTABILITY,n/a,CG-D61-ACCOUNTABILITY,D61,Repository accountability,Complete Launcher source-surface disposition,whole repository,evidence inventory,inseparable accountability root,README.md,8320780b54f728a50e8e840247cbf71cacd435d65ada980cab8928cf5af19805,n/a,exhaustive classification,one-to-many,reference-only,"Every archive file is hashed, classified, and linked to this repository-level disposition; mechanism records add narrower adoption, hardening, guardrail, or reference decisions without silently excluding administrative, generated, vendored, media, localization, test, or documentation surfaces.",Evidence and omission governance,n/a,"Every donor file has a stable hash, classification, authority status, and semantic disposition.","No file is omitted because it appears generated, peripheral, unsafe, or irrelevant.",n/a,Convergence evidence bundle,evidence-only; no runtime authority,provenance retained; technical convergence requested; target behavior remains independently governed,low,n/a,high,verified
D62-GLOBAL-INPUT-GUARDRAIL,D62-SURFACE-ACCOUNTABILITY,CG-W4-INPUT-GUARDRAILS,D62,Input authority,Global input monitor and daemon lifecycle converted to explicit local-input release and non-daemon layout application,mechanism or evidence cluster,executable behavior,context-dependent,src/snap_zones/input_monitor.py,a9665528c7f13473627220b8b8c0bc7a57374d0c0683b3d1ecffd810828c987b,n/a,negative-to-guardrail derivation,negative-to-guardrail,guardrail-derived,"Global input monitor and daemon lifecycle converted to explicit local-input release and non-daemon layout application was decomposed from donor-specific packaging and implemented through WinCare typed actions, policy, preview, bounded execution, verification, journaling, and recovery where applicable.",Input authority,src/WinCare/Providers/95-WindowWorkspace.ps1#New-WinCareEmergencyInputReleasePlan,"Only normalized, bounded, policy-authorized target-native behavior may mutate WinCare or Windows state.",No global input hook or background daemon is required to apply a WinCare workspace layout.,tests/Wave3.Productivity.Tests.ps1#routes all productivity workspaces,"TUI, headless JSON, reports",additive; existing WinCare authority and durable state remain authoritative,provenance retained; technical convergence requested; target behavior remains independently governed,high,n/a,high,statically-validated
D62-SNAPZONES-LAYOUTS,D62-SURFACE-ACCOUNTABILITY,CG-W4-LAYOUTS,D62,Workspace layouts,"Reusable zone layouts, editor semantics, and exact window movement",mechanism or evidence cluster,executable behavior,context-dependent,src/snap_zones/layout_library.py,6c2e5f41cebac931e8daff843c2e6845004119bdf212676890bb0c464b5496d2,n/a,target-native adaptation,many-to-one,adapted,"Reusable zone layouts, editor semantics, and exact window movement was decomposed from donor-specific packaging and implemented through WinCare typed actions, policy, preview, bounded execution, verification, journaling, and recovery where applicable.",Workspace layouts,src/WinCare/Providers/105-WorkspaceLayouts.ps1#New-WinCareWorkspaceLayoutApplyPlan,"Only normalized, bounded, policy-authorized target-native behavior may mutate WinCare or Windows state.","No donor runtime, arbitrary command, untrusted plugin, hidden side effect, or unverified state becomes authoritative.",tests/Wave4.Operations.Tests.ps1#binds applied layouts to exact windows and monitor work areas,"TUI, headless JSON, reports",additive; existing WinCare authority and durable state remain authoritative,provenance retained; technical convergence requested; target behavior remains independently governed,medium,n/a,high,statically-validated
D62-SURFACE-ACCOUNTABILITY,n/a,CG-D62-ACCOUNTABILITY,D62,Repository accountability,Complete SnapZones source-surface disposition,whole repository,evidence inventory,inseparable accountability root,README.md,e03c0e2347c96039841ac35c4b498b00aab08557bfd0819f9eede141f3833b4b,n/a,exhaustive classification,one-to-many,reference-only,"Every archive file is hashed, classified, and linked to this repository-level disposition; mechanism records add narrower adoption, hardening, guardrail, or reference decisions without silently excluding administrative, generated, vendored, media, localization, test, or documentation surfaces.",Evidence and omission governance,n/a,"Every donor file has a stable hash, classification, authority status, and semantic disposition.","No file is omitted because it appears generated, peripheral, unsafe, or irrelevant.",n/a,Convergence evidence bundle,evidence-only; no runtime authority,provenance retained; technical convergence requested; target behavior remains independently governed,low,n/a,high,verified
D62-ZONE-EDITOR-UX,D62-SURFACE-ACCOUNTABILITY,CG-W4-LAYOUTS,D62,Workspace layouts,Zone editor and overlay affordances translated into strict ratio records,mechanism or evidence cluster,product/UX surface,context-dependent,src/snap_zones/zone_editor.py,378e6461ad8919fd15cdfe13ea48c974b2653ab97cbdfc7a11d98ae6f40ad6bb,n/a,target-native adaptation,many-to-one,adapted,"Zone editor and overlay affordances translated into strict ratio records was decomposed from donor-specific packaging and implemented through WinCare typed actions, policy, preview, bounded execution, verification, journaling, and recovery where applicable.",Workspace layouts,src/WinCare/UI/Screens/47-WorkspaceLayouts.ps1#Show-WinCareWorkspaceLayoutsScreen,"Only normalized, bounded, policy-authorized target-native behavior may mutate WinCare or Windows state.","No donor runtime, arbitrary command, untrusted plugin, hidden side effect, or unverified state becomes authoritative.",tests/Wave4.Operations.Tests.ps1#validates workspace layout ratios and unique slots,"TUI, headless JSON, reports",additive; existing WinCare authority and durable state remain authoritative,provenance retained; technical convergence requested; target behavior remains independently governed,medium,n/a,high,statically-validated
D63-COMMAND-PALETTE,D63-SURFACE-ACCOUNTABILITY,CG-W4-LAUNCHER,D63,Launcher intelligence,WinKey command-palette workflow and settings-target discovery,mechanism or evidence cluster,product/UX surface,context-dependent,README.md,aa87bc140d1e779350f0c695524a33914d4a2ebcb3241faf0c60620ac90482e1,n/a,target-native adaptation,many-to-one,adapted,"WinKey command-palette workflow and settings-target discovery was decomposed from donor-specific packaging and implemented through WinCare typed actions, policy, preview, bounded execution, verification, journaling, and recovery where applicable.",Launcher intelligence,src/WinCare/Providers/102-Launcher.ps1#Get-WinCareLaunchTarget,"Only normalized, bounded, policy-authorized target-native behavior may mutate WinCare or Windows state.","No donor runtime, arbitrary command, untrusted plugin, hidden side effect, or unverified state becomes authoritative.",tests/Wave4.Operations.Tests.ps1#routes every wave-four workspace and headless command,"TUI, headless JSON, reports",additive; existing WinCare authority and durable state remain authoritative,provenance retained; technical convergence requested; target behavior remains independently governed,medium,n/a,high,statically-validated
D63-HOTKEY-GUARDRAIL,D63-SURFACE-ACCOUNTABILITY,CG-W4-INPUT-GUARDRAILS,D63,Input authority,System-key replacement converted to explicit in-app command discovery without shell replacement,mechanism or evidence cluster,executable behavior,context-dependent,WinKey_CommandPalette_Replacement/app.manifest,4d641104fb69d1d2af76749ac22edf20409c56c8fd1549096f33112383d646c3,n/a,negative-to-guardrail derivation,negative-to-guardrail,guardrail-derived,"System-key replacement converted to explicit in-app command discovery without shell replacement was decomposed from donor-specific packaging and implemented through WinCare typed actions, policy, preview, bounded execution, verification, journaling, and recovery where applicable.",Input authority,src/WinCare/UI/97-CommandPalette.ps1#Show-WinCareCommandPalette,"Only normalized, bounded, policy-authorized target-native behavior may mutate WinCare or Windows state.",WinCare does not replace the Windows shell or globally suppress the Windows key.,tests/UI.Release.Tests.ps1#exposes a command palette,"TUI, headless JSON, reports",additive; existing WinCare authority and durable state remain authoritative,provenance retained; technical convergence requested; target behavior remains independently governed,high,n/a,high,statically-validated
D63-SURFACE-ACCOUNTABILITY,n/a,CG-D63-ACCOUNTABILITY,D63,Repository accountability,Complete WinKey Command Palette Replacement source-surface disposition,whole repository,evidence inventory,inseparable accountability root,README.md,aa87bc140d1e779350f0c695524a33914d4a2ebcb3241faf0c60620ac90482e1,n/a,exhaustive classification,one-to-many,reference-only,"Every archive file is hashed, classified, and linked to this repository-level disposition; mechanism records add narrower adoption, hardening, guardrail, or reference decisions without silently excluding administrative, generated, vendored, media, localization, test, or documentation surfaces.",Evidence and omission governance,n/a,"Every donor file has a stable hash, classification, authority status, and semantic disposition.","No file is omitted because it appears generated, peripheral, unsafe, or irrelevant.",n/a,Convergence evidence bundle,evidence-only; no runtime authority,provenance retained; technical convergence requested; target behavior remains independently governed,low,n/a,high,verified
D64-STEAM-CLOUD-MANIFEST,D64-SURFACE-ACCOUNTABILITY,CG-W4-GAME-STATE,D64,Steam game-state protection,"Steam user, app, local-cloud root, and exact file-manifest model",mechanism or evidence cluster,executable behavior,context-dependent,src/backup.rs,0bc28e082acfc418e94261508d1b992f437018218805d54852c776547ea733f7,n/a,target-native adaptation,many-to-one,adapted,"Steam user, app, local-cloud root, and exact file-manifest model was decomposed from donor-specific packaging and implemented through WinCare typed actions, policy, preview, bounded execution, verification, journaling, and recovery where applicable.",Steam game-state protection,src/WinCare/Providers/103-GameState.ps1#Get-WinCareSteamCloudSnapshot,"Only normalized, bounded, policy-authorized target-native behavior may mutate WinCare or Windows state.","No donor runtime, arbitrary command, untrusted plugin, hidden side effect, or unverified state becomes authoritative.",tests/Wave4.Operations.Tests.ps1#uses exact Steam file manifests and archive hashes,"TUI, headless JSON, reports",additive; existing WinCare authority and durable state remain authoritative,provenance retained; technical convergence requested; target behavior remains independently governed,medium,n/a,high,statically-validated
D64-STEAM-CONFLICTS,D64-SURFACE-ACCOUNTABILITY,CG-W4-GAME-STATE,D64,Steam game-state protection,Conflict and process-state evidence for safe restore admission,mechanism or evidence cluster,executable behavior,context-dependent,src/conflict.rs,509ec93f1513d6e89fba3b61b5b9d04ab0a4432afdc0a6394fce4affeed9e37f,n/a,target-native adaptation,many-to-one,adapted,"Conflict and process-state evidence for safe restore admission was decomposed from donor-specific packaging and implemented through WinCare typed actions, policy, preview, bounded execution, verification, journaling, and recovery where applicable.",Steam game-state protection,src/WinCare/Providers/103-GameState.ps1#Invoke-WinCareRestoreSteamCloudBackupAction,"Only normalized, bounded, policy-authorized target-native behavior may mutate WinCare or Windows state.","No donor runtime, arbitrary command, untrusted plugin, hidden side effect, or unverified state becomes authoritative.",tests/Wave4.Operations.Tests.ps1#rejects hidden Steam backup members and live-client restore races,"TUI, headless JSON, reports",additive; existing WinCare authority and durable state remain authoritative,provenance retained; technical convergence requested; target behavior remains independently governed,high,n/a,high,statically-validated
D64-SURFACE-ACCOUNTABILITY,n/a,CG-D64-ACCOUNTABILITY,D64,Repository accountability,Complete SteamCloudFileManager source-surface disposition,whole repository,evidence inventory,inseparable accountability root,README.md,153d7eb065361a11d891c7297aa79462ebf54b4d54b5fdc4a98392d746e1b8e6,n/a,exhaustive classification,one-to-many,reference-only,"Every archive file is hashed, classified, and linked to this repository-level disposition; mechanism records add narrower adoption, hardening, guardrail, or reference decisions without silently excluding administrative, generated, vendored, media, localization, test, or documentation surfaces.",Evidence and omission governance,n/a,"Every donor file has a stable hash, classification, authority status, and semantic disposition.","No file is omitted because it appears generated, peripheral, unsafe, or irrelevant.",n/a,Convergence evidence bundle,evidence-only; no runtime authority,provenance retained; technical convergence requested; target behavior remains independently governed,low,n/a,high,verified
D64-UPDATER-GUARDRAIL,D64-SURFACE-ACCOUNTABILITY,CG-W4-SUPPLY-CHAIN,D64,Supply chain governance,Application updater retained as evidence for exact package and rollback requirements,mechanism or evidence cluster,executable behavior,context-dependent,src/update.rs,5bb4e0c624d4dd1fc248dcbcd75002c242aa4febb450fd54715788038e4f9782,n/a,guardrail derivation,negative-to-guardrail,guardrail-derived,"Application updater retained as evidence for exact package and rollback requirements was decomposed from donor-specific packaging and implemented through WinCare typed actions, policy, preview, bounded execution, verification, journaling, and recovery where applicable.",Supply chain governance,tools/verify_release.py#main,"Only normalized, bounded, policy-authorized target-native behavior may mutate WinCare or Windows state.","No donor runtime, arbitrary command, untrusted plugin, hidden side effect, or unverified state becomes authoritative.",tests/SupplyChain.Protocol.Tests.ps1#rejects tampered update packages,"TUI, headless JSON, reports",additive; existing WinCare authority and durable state remain authoritative,provenance retained; technical convergence requested; target behavior remains independently governed,high,n/a,high,statically-validated
D64-VDF-PARSING,D64-SURFACE-ACCOUNTABILITY,CG-W4-GAME-STATE,D64,Steam game-state protection,Steam VDF and library discovery primitives,mechanism or evidence cluster,executable behavior,context-dependent,src/vdf_parser.rs,e19e9257479a587349345eb257335d0327364a4a2214322b8e8f8c0d8f06dd47,n/a,target-native adaptation,many-to-one,adapted,"Steam VDF and library discovery primitives was decomposed from donor-specific packaging and implemented through WinCare typed actions, policy, preview, bounded execution, verification, journaling, and recovery where applicable.",Steam game-state protection,src/WinCare/Providers/103-GameState.ps1#Get-WinCareSteamLibrary,"Only normalized, bounded, policy-authorized target-native behavior may mutate WinCare or Windows state.","No donor runtime, arbitrary command, untrusted plugin, hidden side effect, or unverified state becomes authoritative.",tests/Wave4.Operations.Tests.ps1#uses exact Steam file manifests and archive hashes,"TUI, headless JSON, reports",additive; existing WinCare authority and durable state remain authoritative,provenance retained; technical convergence requested; target behavior remains independently governed,medium,n/a,high,statically-validated
D65-CHECKSUMS,D65-SURFACE-ACCOUNTABILITY,CG-W4-DOWNLOADS,D65,Verified downloads,Checksum validation and integrity-failure behavior,mechanism or evidence cluster,executable behavior,context-dependent,src/checksum.rs,3766c1a82ca7db0aaf7c3798441bf461f26659a5732b558cac82aaa5184d33b2,n/a,target-native adaptation,many-to-one,adapted,"Checksum validation and integrity-failure behavior was decomposed from donor-specific packaging and implemented through WinCare typed actions, policy, preview, bounded execution, verification, journaling, and recovery where applicable.",Verified downloads,src/WinCare/Providers/100-Downloads.ps1#Complete-WinCareDownloadedFile,"Only normalized, bounded, policy-authorized target-native behavior may mutate WinCare or Windows state.","No donor runtime, arbitrary command, untrusted plugin, hidden side effect, or unverified state becomes authoritative.",tests/Wave4.Operations.Tests.ps1#finalizes downloads through verified same-directory staging and tombstone rollback,"TUI, headless JSON, reports",additive; existing WinCare authority and durable state remain authoritative,provenance retained; technical convergence requested; target behavior remains independently governed,medium,n/a,high,statically-validated
D65-SURFACE-ACCOUNTABILITY,n/a,CG-D65-ACCOUNTABILITY,D65,Repository accountability,Complete KGet source-surface disposition,whole repository,evidence inventory,inseparable accountability root,README.md,fb5c8c86d07615aea811f61e3ef0e8d6a0418f98c523c4bd5864363d67f017b7,n/a,exhaustive classification,one-to-many,reference-only,"Every archive file is hashed, classified, and linked to this repository-level disposition; mechanism records add narrower adoption, hardening, guardrail, or reference decisions without silently excluding administrative, generated, vendored, media, localization, test, or documentation surfaces.",Evidence and omission governance,n/a,"Every donor file has a stable hash, classification, authority status, and semantic disposition.","No file is omitted because it appears generated, peripheral, unsafe, or irrelevant.",n/a,Convergence evidence bundle,evidence-only; no runtime authority,provenance retained; technical convergence requested; target behavior remains independently governed,low,n/a,high,verified
D65-TORRENT-REFERENCE,D65-SURFACE-ACCOUNTABILITY,CG-W4-VERIFIED-DOWNLOADS,D65,Verified downloads,Torrent-specific mechanisms explicitly retained as unsupported reference,mechanism or evidence cluster,constraint,context-dependent,tests/torrent_tests.rs,71fecd643759b254b727cf15e52876b0219aa3ef087e559064d238a6eb527c8f,n/a,reference retention,one-to-one,reference-only,"Torrent-specific mechanisms explicitly retained as unsupported reference was decomposed from donor-specific packaging and implemented through WinCare typed actions, policy, preview, bounded execution, verification, journaling, and recovery where applicable.",Verified downloads,n/a,"Only normalized, bounded, policy-authorized target-native behavior may mutate WinCare or Windows state.","No donor runtime, arbitrary command, untrusted plugin, hidden side effect, or unverified state becomes authoritative.",n/a,n/a,evidence-only; no runtime authority,provenance retained; technical convergence requested; target behavior remains independently governed,medium,n/a,high,statically-validated
D65-TRANSFER-STATE,D65-SURFACE-ACCOUNTABILITY,CG-W4-DOWNLOADS,D65,Verified downloads,"Download queue, state transitions, progress, and retry semantics",mechanism or evidence cluster,executable behavior,context-dependent,src/download.rs,9120236528fbbbc1fd875cccdbc56ef933f0905d47b9e30d47f188970a4e2fe0,n/a,target-native adaptation,many-to-one,adapted,"Download queue, state transitions, progress, and retry semantics was decomposed from donor-specific packaging and implemented through WinCare typed actions, policy, preview, bounded execution, verification, journaling, and recovery where applicable.",Verified downloads,src/WinCare/Providers/100-Downloads.ps1#Invoke-WinCareReconcileDownloadTransferAction,"Only normalized, bounded, policy-authorized target-native behavior may mutate WinCare or Windows state.","No donor runtime, arbitrary command, untrusted plugin, hidden side effect, or unverified state becomes authoritative.",tests/Wave4.Operations.Tests.ps1#uses BITS state transitions and exact content verification,"TUI, headless JSON, reports",additive; existing WinCare authority and durable state remain authoritative,provenance retained; technical convergence requested; target behavior remains independently governed,medium,n/a,high,statically-validated
D65-TRANSFER-TEST-ORACLES,D65-SURFACE-ACCOUNTABILITY,CG-W4-DOWNLOADS,D65,Verified downloads,"CLI, mock-server, unit, and failure-path test evidence",mechanism or evidence cluster,test/oracle,context-dependent,tests/mock_server_tests.rs,e442a4935103836d6253b1d5e24e01981ed13a0b4deaa948b5d4a1be4e99b27c,n/a,test-oracle extraction,many-to-one,extracted,"CLI, mock-server, unit, and failure-path test evidence was decomposed from donor-specific packaging and implemented through WinCare typed actions, policy, preview, bounded execution, verification, journaling, and recovery where applicable.",Verified downloads,tests/Wave4.Operations.Tests.ps1#uses BITS state transitions and exact content verification,"Only normalized, bounded, policy-authorized target-native behavior may mutate WinCare or Windows state.","No donor runtime, arbitrary command, untrusted plugin, hidden side effect, or unverified state becomes authoritative.",tests/Wave4.Operations.Tests.ps1#uses BITS state transitions and exact content verification,"TUI, headless JSON, reports",additive; existing WinCare authority and durable state remain authoritative,provenance retained; technical convergence requested; target behavior remains independently governed,medium,n/a,high,statically-validated
D66-BROWSER-LINK-ADMISSION,D66-SURFACE-ACCOUNTABILITY,CG-W4-DOWNLOADS,D66,Verified downloads,Browser extension link capture converted to explicit URL admission,mechanism or evidence cluster,executable behavior,context-dependent,src-tauri/src/browser_monitor.rs,87316fdd8e37180a6ca4762b91572e00ece627fc3ad24e83942efd9d6068431f,n/a,target-native adaptation,many-to-one,adapted,"Browser extension link capture converted to explicit URL admission was decomposed from donor-specific packaging and implemented through WinCare typed actions, policy, preview, bounded execution, verification, journaling, and recovery where applicable.",Verified downloads,src/WinCare/UI/98-Headless.ps1#Invoke-WinCareHeadlessCommand,"Only normalized, bounded, policy-authorized target-native behavior may mutate WinCare or Windows state.","No donor runtime, arbitrary command, untrusted plugin, hidden side effect, or unverified state becomes authoritative.",tests/Wave4.Operations.Tests.ps1#rejects insecure download URLs by default,"TUI, headless JSON, reports",additive; existing WinCare authority and durable state remain authoritative,provenance retained; technical convergence requested; target behavior remains independently governed,high,n/a,high,statically-validated
D66-CLIPBOARD-GUARDRAIL,D66-SURFACE-ACCOUNTABILITY,CG-W4-PRIVACY,D66,Privacy,Clipboard monitoring converted into explicit non-monitoring and local consent boundaries,mechanism or evidence cluster,executable behavior,context-dependent,src-tauri/src/clipboard_monitor.rs,d5ce47abae8253dc9d7a3103e24301143e25313b99d2ca3831bb0316f4028292,n/a,negative-to-guardrail derivation,negative-to-guardrail,guardrail-derived,"Clipboard monitoring converted into explicit non-monitoring and local consent boundaries was decomposed from donor-specific packaging and implemented through WinCare typed actions, policy, preview, bounded execution, verification, journaling, and recovery where applicable.",Privacy,src/WinCare/Providers/35-DesktopControls.ps1#New-WinCareClearClipboardPlan,"Only normalized, bounded, policy-authorized target-native behavior may mutate WinCare or Windows state.",WinCare never continuously captures clipboard contents to discover downloads.,tests/Wave2.Convergence.Tests.ps1#keeps clipboard clearing explicit,"TUI, headless JSON, reports",additive; existing WinCare authority and durable state remain authoritative,provenance retained; technical convergence requested; target behavior remains independently governed,high,n/a,high,statically-validated
D66-DOWNLOAD-UI,D66-SURFACE-ACCOUNTABILITY,CG-W4-DOWNLOADS,D66,Verified downloads,"Desktop queue, list, creation dialog, and progress affordances",mechanism or evidence cluster,product/UX surface,context-dependent,src/components/DownloadList.tsx,85972134e1f6f743fbcd273092cabd6b0aec97e35fa5faf5a45179bb8152ef4c,n/a,target-native adaptation,many-to-one,adapted,"Desktop queue, list, creation dialog, and progress affordances was decomposed from donor-specific packaging and implemented through WinCare typed actions, policy, preview, bounded execution, verification, journaling, and recovery where applicable.",Verified downloads,src/WinCare/UI/Screens/43-Downloads.ps1#Show-WinCareDownloadsScreen,"Only normalized, bounded, policy-authorized target-native behavior may mutate WinCare or Windows state.","No donor runtime, arbitrary command, untrusted plugin, hidden side effect, or unverified state becomes authoritative.",tests/Wave4.Operations.Tests.ps1#routes every wave-four workspace and headless command,"TUI, headless JSON, reports",additive; existing WinCare authority and durable state remain authoritative,provenance retained; technical convergence requested; target behavior remains independently governed,medium,n/a,high,statically-validated
D66-QUEUE-MANAGER,D66-SURFACE-ACCOUNTABILITY,CG-W4-DOWNLOADS,D66,Verified downloads,"Queue manager, engine, and store state semantics",mechanism or evidence cluster,executable behavior,context-dependent,src-tauri/src/queue_manager.rs,c89b4705b07b3d30584be80245bd4d079485deee840698435301a7a68be86d54,n/a,target-native adaptation,many-to-one,adapted,"Queue manager, engine, and store state semantics was decomposed from donor-specific packaging and implemented through WinCare typed actions, policy, preview, bounded execution, verification, journaling, and recovery where applicable.",Verified downloads,src/WinCare/Providers/100-Downloads.ps1#Get-WinCareDownloadStore,"Only normalized, bounded, policy-authorized target-native behavior may mutate WinCare or Windows state.","No donor runtime, arbitrary command, untrusted plugin, hidden side effect, or unverified state becomes authoritative.",tests/Wave4.Operations.Tests.ps1#builds a protected download queue action with exact recovery,"TUI, headless JSON, reports",additive; existing WinCare authority and durable state remain authoritative,provenance retained; technical convergence requested; target behavior remains independently governed,medium,n/a,high,statically-validated
D66-SURFACE-ACCOUNTABILITY,n/a,CG-D66-ACCOUNTABILITY,D66,Repository accountability,Complete QDM source-surface disposition,whole repository,evidence inventory,inseparable accountability root,README.md,98a627bef21d5a11597163c00792632925ae59f13bb62fb1dc0d8dbe1dead0e8,n/a,exhaustive classification,one-to-many,reference-only,"Every archive file is hashed, classified, and linked to this repository-level disposition; mechanism records add narrower adoption, hardening, guardrail, or reference decisions without silently excluding administrative, generated, vendored, media, localization, test, or documentation surfaces.",Evidence and omission governance,n/a,"Every donor file has a stable hash, classification, authority status, and semantic disposition.","No file is omitted because it appears generated, peripheral, unsafe, or irrelevant.",n/a,Convergence evidence bundle,evidence-only; no runtime authority,provenance retained; technical convergence requested; target behavior remains independently governed,low,n/a,high,verified
D67-DOWNLOAD-QUEUE,D67-SURFACE-ACCOUNTABILITY,CG-W4-DOWNLOADS,D67,Verified downloads,Task/store/RPC download lifecycle and progress model,mechanism or evidence cluster,executable behavior,context-dependent,src/renderer/store/task.ts,ba4511f1d204d226530d2c17a9c30ab89eab5af996195a416d4a97211bf84c34,n/a,target-native adaptation,many-to-one,adapted,"Task/store/RPC download lifecycle and progress model was decomposed from donor-specific packaging and implemented through WinCare typed actions, policy, preview, bounded execution, verification, journaling, and recovery where applicable.",Verified downloads,src/WinCare/Providers/100-Downloads.ps1#Get-WinCareDownloadStore,"Only normalized, bounded, policy-authorized target-native behavior may mutate WinCare or Windows state.","No donor runtime, arbitrary command, untrusted plugin, hidden side effect, or unverified state becomes authoritative.",tests/Wave4.Operations.Tests.ps1#builds a protected download queue action with exact recovery,"TUI, headless JSON, reports",additive; existing WinCare authority and durable state remain authoritative,provenance retained; technical convergence requested; target behavior remains independently governed,medium,n/a,high,statically-validated
D67-LOCALIZATION-UX,D67-SURFACE-ACCOUNTABILITY,CG-W4-DOWNLOADS,D67,Verified downloads,Localized task-state and error language retained for operator clarity,mechanism or evidence cluster,localization/product surface,context-dependent,src/shared/locales/en-US/task.ts,cfe917a6b086e7d94db169d8f8418bbc26e492b7adb78b7824204365e817a41d,n/a,target-native adaptation,many-to-one,adapted,"Localized task-state and error language retained for operator clarity was decomposed from donor-specific packaging and implemented through WinCare typed actions, policy, preview, bounded execution, verification, journaling, and recovery where applicable.",Verified downloads,src/WinCare/UI/Screens/43-Downloads.ps1#Show-WinCareDownloadsScreen,"Only normalized, bounded, policy-authorized target-native behavior may mutate WinCare or Windows state.","No donor runtime, arbitrary command, untrusted plugin, hidden side effect, or unverified state becomes authoritative.",tests/Wave4.Operations.Tests.ps1#routes every wave-four workspace and headless command,"TUI, headless JSON, reports",additive; existing WinCare authority and durable state remain authoritative,provenance retained; technical convergence requested; target behavior remains independently governed,medium,n/a,high,statically-validated
D67-RPC-GUARDRAIL,D67-SURFACE-ACCOUNTABILITY,CG-W4-IPC-GUARDRAILS,D67,Authority and IPC,Download RPC transport converted into local typed command and broker boundaries,mechanism or evidence cluster,executable behavior,context-dependent,scripts/test-rpc.sh,14e9ead65d033e96d7054f35e264cc99a6ea4694d46c8ad7dc8c414a7bf0a8b4,n/a,hardening and guardrail derivation,negative-to-guardrail,guardrail-derived,"Download RPC transport converted into local typed command and broker boundaries was decomposed from donor-specific packaging and implemented through WinCare typed actions, policy, preview, bounded execution, verification, journaling, and recovery where applicable.",Authority and IPC,src/WinCare/Providers/89-Broker.ps1#Invoke-WinCareBrokerRequest,"Only normalized, bounded, policy-authorized target-native behavior may mutate WinCare or Windows state.",No unauthenticated remote download RPC gains mutation authority.,tests/Wave3.Productivity.Tests.ps1#keeps private notes outside broker admission,"TUI, headless JSON, reports",additive; existing WinCare authority and durable state remain authoritative,provenance retained; technical convergence requested; target behavior remains independently governed,critical,n/a,high,statically-validated
D67-SURFACE-ACCOUNTABILITY,n/a,CG-D67-ACCOUNTABILITY,D67,Repository accountability,Complete Risuko source-surface disposition,whole repository,evidence inventory,inseparable accountability root,README.md,242ed48acae7f043b83710779ab9ffc2229b0bb40fcafe5e05e38ce315324613,n/a,exhaustive classification,one-to-many,reference-only,"Every archive file is hashed, classified, and linked to this repository-level disposition; mechanism records add narrower adoption, hardening, guardrail, or reference decisions without silently excluding administrative, generated, vendored, media, localization, test, or documentation surfaces.",Evidence and omission governance,n/a,"Every donor file has a stable hash, classification, authority status, and semantic disposition.","No file is omitted because it appears generated, peripheral, unsafe, or irrelevant.",n/a,Convergence evidence bundle,evidence-only; no runtime authority,provenance retained; technical convergence requested; target behavior remains independently governed,low,n/a,high,verified
D68-BUNDLED-BINARY-QUARANTINE,D68-SURFACE-ACCOUNTABILITY,CG-W4-SUPPLY-CHAIN,D68,Supply chain governance,Bundled executables and DLLs converted into signature/hash inventory and quarantine requirements,mechanism or evidence cluster,executable behavior,context-dependent,src/dependency/binmay.exe,a6f95ff62963bef592f68df3f2274be07b05f564d108cde0a0c7aa003bb4a7e7,n/a,negative-to-guardrail derivation,negative-to-guardrail,guardrail-derived,"Bundled executables and DLLs converted into signature/hash inventory and quarantine requirements was decomposed from donor-specific packaging and implemented through WinCare typed actions, policy, preview, bounded execution, verification, journaling, and recovery where applicable.",Supply chain governance,src/WinCare/Providers/93-ProcessInstrumentation.ps1#Get-WinCareProcessModuleInventory,"Only normalized, bounded, policy-authorized target-native behavior may mutate WinCare or Windows state.",Bundled third-party executables never run merely because they appear in a donor archive.,tests/SupplyChain.Protocol.Tests.ps1#rejects unlisted package files,"TUI, headless JSON, reports",additive; existing WinCare authority and durable state remain authoritative,provenance retained; technical convergence requested; target behavior remains independently governed,critical,n/a,high,statically-validated
D68-GAME-INTEGRITY,D68-SURFACE-ACCOUNTABILITY,CG-W4-GAME-INTEGRITY,D68,Game integrity,"Trainer-manager inventory, warnings, and local tool classification translated into defensive findings",mechanism or evidence cluster,executable behavior,context-dependent,src/scripts/main.py,523853f8f70733e18dc43c5b7c9115311d1417fde4142ce1a6dd66835dbf9b07,n/a,negative-to-defensive capability,negative-to-guardrail,guardrail-derived,"Trainer-manager inventory, warnings, and local tool classification translated into defensive findings was decomposed from donor-specific packaging and implemented through WinCare typed actions, policy, preview, bounded execution, verification, journaling, and recovery where applicable.",Game integrity,src/WinCare/Providers/103-GameState.ps1#Get-WinCareGameIntegrityFinding,"WinCare may inventory and explain suspicious game tooling, signatures, processes, and anti-cheat service state without executing or modifying cheat payloads.","No trainer, injector, cheat table, memory editor, anti-cheat bypass, or elevated helper is executed.",tests/Wave4.Operations.Tests.ps1#never executes trainers injectors or cheat payloads,"TUI, headless JSON, reports",additive; existing WinCare authority and durable state remain authoritative,provenance retained; technical convergence requested; target behavior remains independently governed,critical,n/a,high,statically-validated
D68-INJECTION-DENIAL,D68-SURFACE-ACCOUNTABILITY,CG-W4-INJECTION-GUARDRAILS,D68,Process instrumentation,Process injection and trainer execution converted into categorical denied-action contracts,mechanism or evidence cluster,executable behavior,context-dependent,README.md,c5ad1121a848bc5b5dc9c33ef6ca98eb3fbf0081c407a34f8120cd830d6dc84e,n/a,negative-to-guardrail derivation,negative-to-guardrail,guardrail-derived,"Process injection and trainer execution converted into categorical denied-action contracts was decomposed from donor-specific packaging and implemented through WinCare typed actions, policy, preview, bounded execution, verification, journaling, and recovery where applicable.",Process instrumentation,src/WinCare/Core/01-Config.ps1#Get-WinCareDefaultPolicy,"Only normalized, bounded, policy-authorized target-native behavior may mutate WinCare or Windows state.","InjectProcess, CreateRemoteThread, WriteProcessMemory, global hooks, arbitrary trainers, and anti-cheat bypass remain denied.",tests/Expert.Convergence.Tests.ps1#categorically denies process injection action types,"TUI, headless JSON, reports",additive; existing WinCare authority and durable state remain authoritative,provenance retained; technical convergence requested; target behavior remains independently governed,critical,n/a,high,statically-validated
D68-SURFACE-ACCOUNTABILITY,n/a,CG-D68-ACCOUNTABILITY,D68,Repository accountability,Complete Game Cheats Manager source-surface disposition,whole repository,evidence inventory,inseparable accountability root,README.md,c5ad1121a848bc5b5dc9c33ef6ca98eb3fbf0081c407a34f8120cd830d6dc84e,n/a,exhaustive classification,one-to-many,reference-only,"Every archive file is hashed, classified, and linked to this repository-level disposition; mechanism records add narrower adoption, hardening, guardrail, or reference decisions without silently excluding administrative, generated, vendored, media, localization, test, or documentation surfaces.",Evidence and omission governance,n/a,"Every donor file has a stable hash, classification, authority status, and semantic disposition.","No file is omitted because it appears generated, peripheral, unsafe, or irrelevant.",n/a,Convergence evidence bundle,evidence-only; no runtime authority,provenance retained; technical convergence requested; target behavior remains independently governed,low,n/a,high,verified
D68-TRAINER-SEARCH-INDEX,D68-SURFACE-ACCOUNTABILITY,CG-W4-GAME-INTEGRITY,D68,Game integrity,Search and metadata indexing patterns reused only for defensive local findings,mechanism or evidence cluster,executable behavior,context-dependent,src/scripts/search_index.py,a818d21160619a2f270911347131997ecc1e200e51972622c5aa00e705ac4655,n/a,defensive recomposition,many-to-one,recomposed,"Search and metadata indexing patterns reused only for defensive local findings was decomposed from donor-specific packaging and implemented through WinCare typed actions, policy, preview, bounded execution, verification, journaling, and recovery where applicable.",Game integrity,src/WinCare/Providers/103-GameState.ps1#Get-WinCareGameIntegrityFinding,"Only normalized, bounded, policy-authorized target-native behavior may mutate WinCare or Windows state.","No donor runtime, arbitrary command, untrusted plugin, hidden side effect, or unverified state becomes authoritative.",tests/Wave4.Operations.Tests.ps1#never executes trainers injectors or cheat payloads,"TUI, headless JSON, reports",additive; existing WinCare authority and durable state remain authoritative,provenance retained; technical convergence requested; target behavior remains independently governed,high,n/a,high,statically-validated
D69-ASYNC-RESUME,D69-SURFACE-ACCOUNTABILITY,CG-W4-DOWNLOADS,D69,Verified downloads,Asynchronous resumable transfer and progress semantics,mechanism or evidence cluster,executable behavior,context-dependent,src/downloader.rs,1702e68c4cf259c0038bab7e539d709360357af181741f28bf7946121ab12874,n/a,target-native adaptation,many-to-one,adapted,"Asynchronous resumable transfer and progress semantics was decomposed from donor-specific packaging and implemented through WinCare typed actions, policy, preview, bounded execution, verification, journaling, and recovery where applicable.",Verified downloads,src/WinCare/Providers/100-Downloads.ps1#Invoke-WinCareSetDownloadTransferStateAction,"Only normalized, bounded, policy-authorized target-native behavior may mutate WinCare or Windows state.","No donor runtime, arbitrary command, untrusted plugin, hidden side effect, or unverified state becomes authoritative.",tests/Wave4.Operations.Tests.ps1#uses BITS state transitions and exact content verification,"TUI, headless JSON, reports",additive; existing WinCare authority and durable state remain authoritative,provenance retained; technical convergence requested; target behavior remains independently governed,medium,n/a,high,statically-validated
D69-BOUNDED-CONCURRENCY,D69-SURFACE-ACCOUNTABILITY,CG-W4-DOWNLOADS,D69,Verified downloads,"Bounded parallelism, retry, and completion accounting",mechanism or evidence cluster,executable behavior,context-dependent,src/download.rs,919d74642f3a0393dde656fb47050c94e1e7724c8b800f6b0755066973823806,n/a,target-native adaptation,many-to-one,adapted,"Bounded parallelism, retry, and completion accounting was decomposed from donor-specific packaging and implemented through WinCare typed actions, policy, preview, bounded execution, verification, journaling, and recovery where applicable.",Verified downloads,src/WinCare/Providers/100-Downloads.ps1#Get-WinCareActiveDownloadCount,"Only normalized, bounded, policy-authorized target-native behavior may mutate WinCare or Windows state.","No donor runtime, arbitrary command, untrusted plugin, hidden side effect, or unverified state becomes authoritative.",tests/Wave4.Operations.Tests.ps1#enforces the strictest download byte and concurrency limits,"TUI, headless JSON, reports",additive; existing WinCare authority and durable state remain authoritative,provenance retained; technical convergence requested; target behavior remains independently governed,medium,n/a,high,statically-validated
D69-PROGRESS-UX,D69-SURFACE-ACCOUNTABILITY,CG-W4-DOWNLOADS,D69,Verified downloads,Compact progress and batch result presentation,mechanism or evidence cluster,product/UX surface,context-dependent,README.md,8ce531e3c5f334e5b117c52793906ae8df094cad97e982d523fa0545ad8f95e2,n/a,target-native adaptation,many-to-one,adapted,"Compact progress and batch result presentation was decomposed from donor-specific packaging and implemented through WinCare typed actions, policy, preview, bounded execution, verification, journaling, and recovery where applicable.",Verified downloads,src/WinCare/UI/Screens/43-Downloads.ps1#Show-WinCareDownloadsScreen,"Only normalized, bounded, policy-authorized target-native behavior may mutate WinCare or Windows state.","No donor runtime, arbitrary command, untrusted plugin, hidden side effect, or unverified state becomes authoritative.",tests/Wave4.Operations.Tests.ps1#routes every wave-four workspace and headless command,"TUI, headless JSON, reports",additive; existing WinCare authority and durable state remain authoritative,provenance retained; technical convergence requested; target behavior remains independently governed,medium,n/a,high,statically-validated
D69-SURFACE-ACCOUNTABILITY,n/a,CG-D69-ACCOUNTABILITY,D69,Repository accountability,Complete Trauma source-surface disposition,whole repository,evidence inventory,inseparable accountability root,README.md,8ce531e3c5f334e5b117c52793906ae8df094cad97e982d523fa0545ad8f95e2,n/a,exhaustive classification,one-to-many,reference-only,"Every archive file is hashed, classified, and linked to this repository-level disposition; mechanism records add narrower adoption, hardening, guardrail, or reference decisions without silently excluding administrative, generated, vendored, media, localization, test, or documentation surfaces.",Evidence and omission governance,n/a,"Every donor file has a stable hash, classification, authority status, and semantic disposition.","No file is omitted because it appears generated, peripheral, unsafe, or irrelevant.",n/a,Convergence evidence bundle,evidence-only; no runtime authority,provenance retained; technical convergence requested; target behavior remains independently governed,low,n/a,high,verified
D70-DISPLAY-OVERRIDE-INVENTORY,D70-SURFACE-ACCOUNTABILITY,CG-W5-DISPLAY,D70,Display configuration,EDID override and display-device registry inventory,mechanism or evidence cluster,defensive logic,context-dependent,CRU/DisplayClass.cpp,811e34e98e629495ff353c6d1e7a06cf59769b3fde0b8d836dca2ea8100942ad,n/a,target-native rederivation,many-to-one,adapted,"EDID override and display-device registry inventory was selected from Custom Resolution Utility and fitted to WinCare's existing authority, state, preview, policy, journaling, and recovery model; donor-specific packaging and alternate execution paths were not imported.",Display override diagnostics,src/WinCare/Providers/106-PeerUtilities.ps1#Get-WinCareDisplayOverrideState,Display override state is inventoried without editing it.,No display registry key is removed during inventory.,tests/Wave5.PeerUtilities.Tests.ps1#routes peer utilities and destructive profiles through typed target-native surfaces,"Peer Utilities TUI, headless JSON, preview receipts, transaction journal",additive WinCare 4.4 capability; existing target state and action dispatcher remain authoritative,License not explicit in the archive; no source copied; behavior independently rederived from observable registry semantics.,high,n/a,high,statically-validated
D70-DISPLAY-OVERRIDE-RESET,D70-SURFACE-ACCOUNTABILITY,CG-W5-DISPLAY,D70,Display configuration,One-click display override and graphics cache reset,mechanism or evidence cluster,executable behavior,context-dependent,CRU/DisplayClass.cpp,811e34e98e629495ff353c6d1e7a06cf59769b3fde0b8d836dca2ea8100942ad,n/a,hardened target-native adaptation,one-to-many,hardened,"One-click display override and graphics cache reset was selected from Custom Resolution Utility and fitted to WinCare's existing authority, state, preview, policy, journaling, and recovery model; donor-specific packaging and alternate execution paths were not imported.",Critical display reset,src/WinCare/Providers/106-PeerUtilities.ps1#New-WinCareDisplayOverrideResetPlan;src/WinCare/Providers/106-PeerUtilities.ps1#Invoke-WinCareResetDisplayOverridesAction,"The destructive display reset is previewed, policy-gated, elevated, journaled, and snapshot-backed.",No display reset runs without AllowDisplayOverrideReset and Critical authorization.,tests/Wave5.PeerUtilities.Tests.ps1#keeps all destructive profile gates default-deny,"Peer Utilities TUI, headless JSON, preview receipts, transaction journal",additive WinCare 4.4 capability; existing target state and action dispatcher remain authoritative,License not explicit in the archive; no source copied; behavior independently rederived from observable registry semantics.,critical,n/a,high,statically-validated
D70-DISPLAY-RECOVERY,D70-SURFACE-ACCOUNTABILITY,CG-W5-DISPLAY,D70,Display recovery,Exact display override snapshot restoration with conflict detection,mechanism or evidence cluster,recovery rule,context-dependent,CRU/DisplayClass.cpp,811e34e98e629495ff353c6d1e7a06cf59769b3fde0b8d836dca2ea8100942ad,n/a,synthesis and hardening,idea-to-native,synthesized,"Exact display override snapshot restoration with conflict detection was selected from Custom Resolution Utility and fitted to WinCare's existing authority, state, preview, policy, journaling, and recovery model; donor-specific packaging and alternate execution paths were not imported.",Display reset recovery,src/WinCare/Providers/106-PeerUtilities.ps1#Invoke-WinCareRestoreDisplayOverridesAction,Recovery restores the captured state only when current state still matches the expected post-mutation hash.,Recovery never overwrites newer display changes silently.,tests/Wave5.PeerUtilities.Tests.ps1#keeps exact conflict-aware recovery for permanent security and display mutations,"Peer Utilities TUI, headless JSON, preview receipts, transaction journal",additive WinCare 4.4 capability; existing target state and action dispatcher remain authoritative,License not explicit in the archive; no source copied; behavior independently rederived from observable registry semantics.,critical,n/a,high,statically-validated
D70-SURFACE-ACCOUNTABILITY,n/a,CG-W5-D70-ACCOUNTABILITY,D70,Donor accountability,Complete file-surface accountability for Custom Resolution Utility,repository/archive surface,accountability evidence,standalone,README.md,5e9f91372ac387f228d81796d4eefee1b0ada74efa78f0da3dac4f94228ebbf4,n/a,evidence inventory and disposition mapping,custom:one donor to complete surface accountability,reference-only,"Every regular file in the supplied donor archive was hashed, classified, and linked to this parent record; material semantics receive narrower child records.",n/a,n/a,No donor surface is silently omitted from convergence accountability.,"File counts, popularity, or donor packaging are not treated as semantic adoption.",n/a,n/a,n/a,License not explicit in the archive; no source copied; behavior independently rederived from observable registry semantics.,low,n/a,high,reviewed
D71-ET-EXTREME-PROFILE,D71-SURFACE-ACCOUNTABILITY,CG-W5-LEGACY-UNSAFE,D71,Extreme optimization,Extreme gaming one-click mutation profile,mechanism or evidence cluster,workflow,context-dependent,ET/Form1.cs,5db692ae9fb1b779492b7abf719da1c23136603b180d675a587112983934bbce,n/a,many-to-one recomposition,many-to-one,recomposed,"Extreme gaming one-click mutation profile was selected from ET Optimizer and fitted to WinCare's existing authority, state, preview, policy, journaling, and recovery model; donor-specific packaging and alternate execution paths were not imported.",Legacy Unsafe profiles,src/WinCare/Providers/106-PeerUtilities.ps1#Get-WinCareLegacyUnsafeProfile;src/WinCare/Providers/106-PeerUtilities.ps1#New-WinCareLegacyUnsafeProfilePlan,The requested aggressive mutations execute through typed WinCare actions with exact acknowledgement.,"No raw donor command blob or hidden mutation bypasses preview, policy, journal, or UAC brokering.",tests/Wave5.PeerUtilities.Tests.ps1#routes peer utilities and destructive profiles through typed target-native surfaces,"Peer Utilities TUI, headless JSON, preview receipts, transaction journal",additive WinCare 4.4 capability; existing target state and action dispatcher remain authoritative,GPL-3.0 donor; no donor source copied; behavior independently reimplemented behind WinCare contracts.,critical,n/a,high,statically-validated
D71-SURFACE-ACCOUNTABILITY,n/a,CG-W5-D71-ACCOUNTABILITY,D71,Donor accountability,Complete file-surface accountability for ET Optimizer,repository/archive surface,accountability evidence,standalone,README.md,524e34dc903c338fa6c2dbc279b09d440a4ba8991168dee159931b016056ba2a,n/a,evidence inventory and disposition mapping,custom:one donor to complete surface accountability,reference-only,"Every regular file in the supplied donor archive was hashed, classified, and linked to this parent record; material semantics receive narrower child records.",n/a,n/a,No donor surface is silently omitted from convergence accountability.,"File counts, popularity, or donor packaging are not treated as semantic adoption.",n/a,n/a,n/a,GPL-3.0 donor; no donor source copied; behavior independently reimplemented behind WinCare contracts.,low,n/a,high,reviewed
D71-UNATTEND-EVIDENCE,D71-SURFACE-ACCOUNTABILITY,CG-W5-LEGACY-UNSAFE,D71,Unattended provisioning,Unattended-system optimization evidence converted into an authority guardrail,mechanism or evidence cluster,configuration and negative lesson,context-dependent,ET/Resources/autounattend.xml,8fd0f03e02f671485a9b47fc25ad044891ddeda99af88d1c5bc9a9218f7ecf3b,n/a,negative-to-guardrail derivation,negative-to-guardrail,guardrail-derived,"Unattended-system optimization evidence converted into an authority guardrail was selected from ET Optimizer and fitted to WinCare's existing authority, state, preview, policy, journaling, and recovery model; donor-specific packaging and alternate execution paths were not imported.",Legacy mutation authority,src/WinCare/Core/01-Config.ps1#Get-WinCareDefaultPolicy;src/WinCare/Core/08-Policy.ps1#Test-WinCareActionPolicy,Permanent reductions require explicit local policy opt-in even when bundled in a profile.,An imported unattended file never grants mutation authority.,tests/Wave5.PeerUtilities.Tests.ps1#keeps all destructive profile gates default-deny,"Peer Utilities TUI, headless JSON, preview receipts, transaction journal",additive WinCare 4.4 capability; existing target state and action dispatcher remain authoritative,GPL-3.0 donor; no donor source copied; behavior independently reimplemented behind WinCare contracts.,critical,n/a,high,statically-validated
D72-SURFACE-ACCOUNTABILITY,n/a,CG-W5-D72-ACCOUNTABILITY,D72,Donor accountability,Complete file-surface accountability for LazTermUtils,repository/archive surface,accountability evidence,standalone,README.md,0e01ae72c5d680276cdc1aaa74c5f58260499b1b95ae09c9ed8d75ccf32615cb,n/a,evidence inventory and disposition mapping,custom:one donor to complete surface accountability,reference-only,"Every regular file in the supplied donor archive was hashed, classified, and linked to this parent record; material semantics receive narrower child records.",n/a,n/a,No donor surface is silently omitted from convergence accountability.,"File counts, popularity, or donor packaging are not treated as semantic adoption.",n/a,n/a,n/a,BSD-style donor license retained as provenance; target implementation uses existing WinCare console primitives.,low,n/a,high,reviewed
D72-TERMINAL-UX,D72-SURFACE-ACCOUNTABILITY,CG-W5-TERMINAL,D72,Terminal interaction,Non-blocking key and terminal interaction patterns,mechanism or evidence cluster,product/UX primitive,context-dependent,src/terminalkeys.pas,e4ca4d993e8dc485a48dc1aa5603a7f0dd12347148bf53741284dee51f3ff63d,n/a,supersession by existing target mechanism,many-to-one,superseded,"Non-blocking key and terminal interaction patterns was selected from LazTermUtils and fitted to WinCare's existing authority, state, preview, policy, journaling, and recovery model; donor-specific packaging and alternate execution paths were not imported.",Portable TUI input,src/WinCare/UI/00-Console.ps1#Read-WinCareKey,TUI input remains bounded and target-native.,No donor terminal runtime or platform-specific input loop is introduced.,tests/Wave5.PeerUtilities.Tests.ps1#routes peer utilities and destructive profiles through typed target-native surfaces,"Peer Utilities TUI, headless JSON, preview receipts, transaction journal",additive WinCare 4.4 capability; existing target state and action dispatcher remain authoritative,BSD-style donor license retained as provenance; target implementation uses existing WinCare console primitives.,low,n/a,high,statically-validated
D73-BLANKET-DISABLE-GUARDRAIL,D73-SURFACE-ACCOUNTABILITY,CG-W5-LEGACY-UNSAFE,D73,Security authority,Blanket security-disable behavior converted into explicit permanent-reduction contracts,mechanism or evidence cluster,negative lesson,context-dependent,wor.ps1,5ff94525d6b8af070172ab09bbc31092aad68b766762a3c3c607612d8f9d2aa2,n/a,negative-to-guardrail derivation,negative-to-guardrail,guardrail-derived,"Blanket security-disable behavior converted into explicit permanent-reduction contracts was selected from Windows On Reins and fitted to WinCare's existing authority, state, preview, policy, journaling, and recovery model; donor-specific packaging and alternate execution paths were not imported.",Permanent security reduction,src/WinCare/Providers/106-PeerUtilities.ps1#Invoke-WinCareSetLegacySecurityControlStateAction;src/WinCare/Core/08-Policy.ps1#Test-WinCareActionPolicy,Permanent reductions are separately policy-gated and state-hash checked.,"A profile cannot silently weaken Defender, SmartScreen, UAC, or Windows Update.",tests/Wave5.PeerUtilities.Tests.ps1#keeps all destructive profile gates default-deny,"Peer Utilities TUI, headless JSON, preview receipts, transaction journal",additive WinCare 4.4 capability; existing target state and action dispatcher remain authoritative,GPL-3.0 donor; no donor script copied or executed; behavior independently recomposed.,critical,n/a,high,statically-validated
D73-REINS-NUCLEAR-PROFILE,D73-SURFACE-ACCOUNTABILITY,CG-W5-LEGACY-UNSAFE,D73,System debloat,"Nuclear one-click Defender, firewall, update, service, task, hosts, and AppX reductions",mechanism or evidence cluster,workflow,context-dependent,wor.ps1,5ff94525d6b8af070172ab09bbc31092aad68b766762a3c3c607612d8f9d2aa2,n/a,hardened recomposition,many-to-many,recomposed,"Nuclear one-click Defender, firewall, update, service, task, hosts, and AppX reductions was selected from Windows On Reins and fitted to WinCare's existing authority, state, preview, policy, journaling, and recovery model; donor-specific packaging and alternate execution paths were not imported.",Legacy Unsafe profiles,src/WinCare/Providers/106-PeerUtilities.ps1#New-WinCareLegacyUnsafeProfilePlan,"The nuclear profile remains executable but every side effect is a typed, previewed action.",No broad script execution or implicit consent replaces operation-specific authorization.,tests/Wave5.PeerUtilities.Tests.ps1#routes peer utilities and destructive profiles through typed target-native surfaces,"Peer Utilities TUI, headless JSON, preview receipts, transaction journal",additive WinCare 4.4 capability; existing target state and action dispatcher remain authoritative,GPL-3.0 donor; no donor script copied or executed; behavior independently recomposed.,critical,n/a,high,statically-validated
D73-SURFACE-ACCOUNTABILITY,n/a,CG-W5-D73-ACCOUNTABILITY,D73,Donor accountability,Complete file-surface accountability for Windows On Reins,repository/archive surface,accountability evidence,standalone,README.md,cdcbef1ef71efa509166842400f8aadde728428a405379ad169ae84dfdfa95ee,n/a,evidence inventory and disposition mapping,custom:one donor to complete surface accountability,reference-only,"Every regular file in the supplied donor archive was hashed, classified, and linked to this parent record; material semantics receive narrower child records.",n/a,n/a,No donor surface is silently omitted from convergence accountability.,"File counts, popularity, or donor packaging are not treated as semantic adoption.",n/a,n/a,n/a,GPL-3.0 donor; no donor script copied or executed; behavior independently recomposed.,low,n/a,high,reviewed
D74-SURFACE-ACCOUNTABILITY,n/a,CG-W5-D74-ACCOUNTABILITY,D74,Donor accountability,Complete file-surface accountability for WindowsToolbox,repository/archive surface,accountability evidence,standalone,README.md,2da86c3205ecf7ac60471aa23853123eb5f4f0d9b0968983853989add16ed323,n/a,evidence inventory and disposition mapping,custom:one donor to complete surface accountability,reference-only,"Every regular file in the supplied donor archive was hashed, classified, and linked to this parent record; material semantics receive narrower child records.",n/a,n/a,No donor surface is silently omitted from convergence accountability.,"File counts, popularity, or donor packaging are not treated as semantic adoption.",n/a,n/a,n/a,MIT donor; provenance retained; target implementation remains target-native.,low,n/a,high,reviewed
D74-TOOLBOX-AGGRESSIVE-PROFILE,D74-SURFACE-ACCOUNTABILITY,CG-W5-LEGACY-UNSAFE,D74,Debloat and privacy,WindowsToolbox aggressive one-click profile,mechanism or evidence cluster,workflow,context-dependent,main.ps1,5736a8161b8b9fc61d1aaa77739cf9df23cd4194870a2585aa5f78d79d913f8e,n/a,many-to-one target-native recomposition,many-to-one,recomposed,"WindowsToolbox aggressive one-click profile was selected from WindowsToolbox and fitted to WinCare's existing authority, state, preview, policy, journaling, and recovery model; donor-specific packaging and alternate execution paths were not imported.",Legacy Unsafe profiles,src/WinCare/Providers/106-PeerUtilities.ps1#Get-WinCareLegacyUnsafeProfile;src/WinCare/Providers/106-PeerUtilities.ps1#New-WinCareLegacyUnsafeProfilePlan,"Debloat, privacy, service, task, hosts, AppX, update, and hibernation mutations share one audited action plan.",The donor menu and module loader do not become an alternate authority path.,tests/Wave5.PeerUtilities.Tests.ps1#routes peer utilities and destructive profiles through typed target-native surfaces,"Peer Utilities TUI, headless JSON, preview receipts, transaction journal",additive WinCare 4.4 capability; existing target state and action dispatcher remain authoritative,MIT donor; provenance retained; target implementation remains target-native.,critical,n/a,high,statically-validated
D74-UNDO-EVIDENCE,D74-SURFACE-ACCOUNTABILITY,CG-W5-LEGACY-UNSAFE,D74,Recovery,Undo workflows converted into exact typed compensators,mechanism or evidence cluster,recovery practice,context-dependent,library/UndoFunctions.psm1,78abaa10f3160bf84bfde32df0f0cc8ee3c05c6658f5594ecb9e5bce2f70e8bb,n/a,hardening and synthesis,many-to-many,hardened,"Undo workflows converted into exact typed compensators was selected from WindowsToolbox and fitted to WinCare's existing authority, state, preview, policy, journaling, and recovery model; donor-specific packaging and alternate execution paths were not imported.",Mutation recovery,src/WinCare/Providers/106-PeerUtilities.ps1#Invoke-WinCareRestoreLegacySecurityControlStateAction;src/WinCare/Providers/106-PeerUtilities.ps1#Invoke-WinCareRestoreDisplayOverridesAction,Reversible mutations capture exact before state and reject conflicting recovery.,A generic undo preset never overwrites unrelated newer state.,tests/Wave5.PeerUtilities.Tests.ps1#keeps exact conflict-aware recovery for permanent security and display mutations,"Peer Utilities TUI, headless JSON, preview receipts, transaction journal",additive WinCare 4.4 capability; existing target state and action dispatcher remain authoritative,MIT donor; provenance retained; target implementation remains target-native.,critical,n/a,high,statically-validated
D75-HOOKING-GUARDRAIL,D75-SURFACE-ACCOUNTABILITY,CG-W5-PROCESS-GUARDRAILS,D75,Process instrumentation,IAT/EAT/API hooking mechanisms converted into a categorical non-execution guardrail,mechanism or evidence cluster,negative lesson,context-dependent,Hook/HookIat.cpp,fbaf80e0fd1ca154b66a2d6db317d4d9d556177b6fffd66bdb997210ecfce26e,n/a,negative-to-guardrail derivation,negative-to-guardrail,guardrail-derived,"IAT/EAT/API hooking mechanisms converted into a categorical non-execution guardrail was selected from WindowsUtil and fitted to WinCare's existing authority, state, preview, policy, journaling, and recovery model; donor-specific packaging and alternate execution paths were not imported.",Safe binary diagnostics,src/WinCare/Core/01-Config.ps1#Get-WinCareDefaultPolicy,WinCare may inspect binary metadata without adding process-hooking authority.,"No remote thread, process injection, IAT/EAT patch, or global hook is executed.",tests/Wave5.PeerUtilities.Tests.ps1#keeps all destructive profile gates default-deny,"Peer Utilities TUI, headless JSON, preview receipts, transaction journal",additive WinCare 4.4 capability; existing target state and action dispatcher remain authoritative,License unclear in supplied archive; no source copied; safe inspection behavior independently derived.,critical,n/a,high,statically-validated
D75-PE-INSPECTION,D75-SURFACE-ACCOUNTABILITY,CG-W5-PE,D75,Binary inspection,Bounded PE header and signature inspection,mechanism or evidence cluster,parser behavior,context-dependent,PeImage/HeaderFactory.cpp,82254b6b44bf7362760bd7c84c1a6943ac12d8422aa549a6413cff1353df43ab,n/a,independent safe reimplementation,many-to-one,adapted,"Bounded PE header and signature inspection was selected from WindowsUtil and fitted to WinCare's existing authority, state, preview, policy, journaling, and recovery model; donor-specific packaging and alternate execution paths were not imported.",PE metadata inspection,src/WinCare/Providers/106-PeerUtilities.ps1#Get-WinCarePeMetadata,"PE inspection is read-only, bounded by file size and section count, and hashes the inspected file.","Inspection never loads, maps, executes, or injects the PE image.",tests/Wave5.PeerUtilities.Tests.ps1#routes peer utilities and destructive profiles through typed target-native surfaces,"Peer Utilities TUI, headless JSON, preview receipts, transaction journal",additive WinCare 4.4 capability; existing target state and action dispatcher remain authoritative,License unclear in supplied archive; no source copied; safe inspection behavior independently derived.,high,n/a,high,statically-validated
D75-SURFACE-ACCOUNTABILITY,n/a,CG-W5-D75-ACCOUNTABILITY,D75,Donor accountability,Complete file-surface accountability for WindowsUtil,repository/archive surface,accountability evidence,standalone,PeImageClr_/ReadMe.txt,41dcc1b30fd5108bd1b632322984c611bb8c6e6dcc77293e9d497a0ace55de3d,n/a,evidence inventory and disposition mapping,custom:one donor to complete surface accountability,reference-only,"Every regular file in the supplied donor archive was hashed, classified, and linked to this parent record; material semantics receive narrower child records.",n/a,n/a,No donor surface is silently omitted from convergence accountability.,"File counts, popularity, or donor packaging are not treated as semantic adoption.",n/a,n/a,n/a,License unclear in supplied archive; no source copied; safe inspection behavior independently derived.,low,n/a,high,reviewed
D76-SURFACE-ACCOUNTABILITY,n/a,CG-W5-D76-ACCOUNTABILITY,D76,Donor accountability,Complete file-surface accountability for Always On Top,repository/archive surface,accountability evidence,standalone,README.md,27a37dd365f751821644c012eba927c869f21f89d3c01ecbc30c292095a029f2,n/a,evidence inventory and disposition mapping,custom:one donor to complete surface accountability,reference-only,"Every regular file in the supplied donor archive was hashed, classified, and linked to this parent record; material semantics receive narrower child records.",n/a,n/a,No donor surface is silently omitted from convergence accountability.,"File counts, popularity, or donor packaging are not treated as semantic adoption.",n/a,n/a,n/a,MIT donor; provenance retained; existing WinCare window contract subsumes the workflow.,low,n/a,high,reviewed
D76-TOPMOST-WORKFLOW,D76-SURFACE-ACCOUNTABILITY,CG-W5-WINDOWS,D76,Window management,Interactive always-on-top window selection,mechanism or evidence cluster,product workflow,context-dependent,lite.au3,ddd30be2b1aa478369589eaf396b0c1c518270eecdbd72ba211f9f5a3595e2a8,n/a,supersession by existing typed action,many-to-one,superseded,"Interactive always-on-top window selection was selected from Always On Top and fitted to WinCare's existing authority, state, preview, policy, journaling, and recovery model; donor-specific packaging and alternate execution paths were not imported.",Window topmost state,src/WinCare/Providers/95-WindowWorkspace.ps1#New-WinCareWindowTopmostPlan,Topmost changes target an explicitly inventoried local window.,No arbitrary pointer picker or opaque AutoIt runtime gains authority.,tests/Wave5.PeerUtilities.Tests.ps1#routes peer utilities and destructive profiles through typed target-native surfaces,"Peer Utilities TUI, headless JSON, preview receipts, transaction journal",additive WinCare 4.4 capability; existing target state and action dispatcher remain authoritative,MIT donor; provenance retained; existing WinCare window contract subsumes the workflow.,medium,n/a,high,statically-validated
D77-LOCAL-TASK-BOARD,D77-SURFACE-ACCOUNTABILITY,CG-W5-TASKS,D77,Personal productivity,"Local lists, cards, labels, and members task-board model",mechanism or evidence cluster,data model and workflow,context-dependent,FingerTips/DataStore.cs,657c4a01725a614ed664d16806986e76553cdde44268b6da3b574f3d88f4f5a3,n/a,inspired-native synthesis,idea-to-native,inspired-native,"Local lists, cards, labels, and members task-board model was selected from FingerTips and fitted to WinCare's existing authority, state, preview, policy, journaling, and recovery model; donor-specific packaging and alternate execution paths were not imported.",Local task board,src/WinCare/Providers/106-PeerUtilities.ps1#Get-WinCareTaskBoard;src/WinCare/Providers/106-PeerUtilities.ps1#New-WinCareTaskPlan,"Task-board state remains local, schema-bounded, revisioned, and written through managed-file actions.","UI state, database migrations, or donor ORM state never become authoritative.",tests/Wave5.PeerUtilities.Tests.ps1#routes peer utilities and destructive profiles through typed target-native surfaces,"Peer Utilities TUI, headless JSON, preview receipts, transaction journal",additive WinCare 4.4 capability; existing target state and action dispatcher remain authoritative,README indicates MIT; provenance retained; task-board behavior independently implemented.,low,n/a,high,statically-validated
D77-SURFACE-ACCOUNTABILITY,n/a,CG-W5-D77-ACCOUNTABILITY,D77,Donor accountability,Complete file-surface accountability for FingerTips,repository/archive surface,accountability evidence,standalone,README.md,0aab40f75ec6a7dc93bb9e64f2b846a1846451323f22084a2c7a979fd3244090,n/a,evidence inventory and disposition mapping,custom:one donor to complete surface accountability,reference-only,"Every regular file in the supplied donor archive was hashed, classified, and linked to this parent record; material semantics receive narrower child records.",n/a,n/a,No donor surface is silently omitted from convergence accountability.,"File counts, popularity, or donor packaging are not treated as semantic adoption.",n/a,n/a,n/a,README indicates MIT; provenance retained; task-board behavior independently implemented.,low,n/a,high,reviewed
D78-AGGRESSIVE-APPX,D78-SURFACE-ACCOUNTABILITY,CG-W5-LEGACY-UNSAFE,D78,Application removal,Broad built-in application removal list,mechanism or evidence cluster,preset,context-dependent,Win 10 Uninstall Unnecessary Apps.bat,4c7d28cc248ae70c60d6c23d196f96b4607e2c95d23975634638242f5d84442a,n/a,hardened preset adaptation,many-to-one,adapted,"Broad built-in application removal list was selected from Pleasant Windows and fitted to WinCare's existing authority, state, preview, policy, journaling, and recovery model; donor-specific packaging and alternate execution paths were not imported.",Critical AppX removal preset,src/WinCare/Data/Catalog/app-removal-profiles.json#legacy-aggressive,The aggressive AppX list is explicit and classified Critical before package discovery and removal.,Provisioned-package removal is never implied unless the operator selects it.,tests/Wave5.PeerUtilities.Tests.ps1#routes peer utilities and destructive profiles through typed target-native surfaces,"Peer Utilities TUI, headless JSON, preview receipts, transaction journal",additive WinCare 4.4 capability; existing target state and action dispatcher remain authoritative,License unclear in supplied archive; scripts not copied; mutations independently modeled as typed actions.,critical,n/a,high,statically-validated
D78-PLEASANT-LEGACY-PROFILE,D78-SURFACE-ACCOUNTABILITY,CG-W5-LEGACY-UNSAFE,D78,Legacy Windows tuning,"Batch-based telemetry, update, service, shell, hibernation, and app mutation collection",mechanism or evidence cluster,workflow collection,context-dependent,Win 10 Disable Telemetry.bat,2cbf596e700784bbdcf67d1c4c775b0440bbfb7c782296d64142ac9c51fb34b2,n/a,many-to-one target-native recomposition,many-to-one,recomposed,"Batch-based telemetry, update, service, shell, hibernation, and app mutation collection was selected from Pleasant Windows and fitted to WinCare's existing authority, state, preview, policy, journaling, and recovery model; donor-specific packaging and alternate execution paths were not imported.",Legacy Unsafe profiles,src/WinCare/Providers/106-PeerUtilities.ps1#Get-WinCareLegacyUnsafeProfile;src/WinCare/Providers/106-PeerUtilities.ps1#New-WinCareLegacyUnsafeProfilePlan,Legacy batch outcomes are represented as visible typed actions and can be previewed before execution.,"No bundled BAT, EXE, registry.pol, or opaque command chain is executed directly.",tests/Wave5.PeerUtilities.Tests.ps1#routes peer utilities and destructive profiles through typed target-native surfaces,"Peer Utilities TUI, headless JSON, preview receipts, transaction journal",additive WinCare 4.4 capability; existing target state and action dispatcher remain authoritative,License unclear in supplied archive; scripts not copied; mutations independently modeled as typed actions.,critical,n/a,high,statically-validated
D78-SURFACE-ACCOUNTABILITY,n/a,CG-W5-D78-ACCOUNTABILITY,D78,Donor accountability,Complete file-surface accountability for Pleasant Windows,repository/archive surface,accountability evidence,standalone,README.md,b3ed90d46a5c6fe49940567c9fac51165c82a191880755cf53274b7615cd3839,n/a,evidence inventory and disposition mapping,custom:one donor to complete surface accountability,reference-only,"Every regular file in the supplied donor archive was hashed, classified, and linked to this parent record; material semantics receive narrower child records.",n/a,n/a,No donor surface is silently omitted from convergence accountability.,"File counts, popularity, or donor packaging are not treated as semantic adoption.",n/a,n/a,n/a,License unclear in supplied archive; scripts not copied; mutations independently modeled as typed actions.,low,n/a,high,reviewed
D79-BOUNDED-LOG-SNAPSHOT,D79-SURFACE-ACCOUNTABILITY,CG-W5-LOGS,D79,Log diagnostics,Tail-style file and Windows Event Log snapshots,mechanism or evidence cluster,diagnostic behavior,context-dependent,SnakeTail/LogFileStream.cs,82f0a8c1b712785936040490a475e70c1353e396c2ecbf7d5906cbc715f7b8b7,n/a,bounded independent reimplementation,many-to-one,adapted,"Tail-style file and Windows Event Log snapshots was selected from SnakeTail.NET and fitted to WinCare's existing authority, state, preview, policy, journaling, and recovery model; donor-specific packaging and alternate execution paths were not imported.",Bounded log snapshot,src/WinCare/Providers/106-PeerUtilities.ps1#Get-WinCareLogSnapshot,Log reads are bounded by source size and result count.,No unbounded follow loop or external-tool invocation runs during a snapshot.,tests/Wave5.PeerUtilities.Tests.ps1#routes peer utilities and destructive profiles through typed target-native surfaces,"Peer Utilities TUI, headless JSON, preview receipts, transaction journal",additive WinCare 4.4 capability; existing target state and action dispatcher remain authoritative,GPL-3.0 donor; no source copied; bounded log behavior independently implemented.,medium,n/a,high,statically-validated
D79-REGEX-HIGHLIGHT,D79-SURFACE-ACCOUNTABILITY,CG-W5-LOGS,D79,Log diagnostics,Keyword and regular-expression filtering,mechanism or evidence cluster,product affordance,context-dependent,SnakeTail/KeywordConfigForm.cs,cc0cb0d2a22d4841061df811a31a15332c380580465236b6b1241be661ff57a6,n/a,hardened primitive extraction,many-to-one,extracted,"Keyword and regular-expression filtering was selected from SnakeTail.NET and fitted to WinCare's existing authority, state, preview, policy, journaling, and recovery model; donor-specific packaging and alternate execution paths were not imported.",Bounded log filtering,src/WinCare/Providers/106-PeerUtilities.ps1#Get-WinCareLogSnapshot,Regular expressions compile with a fixed timeout before filtering bounded records.,Catastrophic regex backtracking cannot run without a timeout.,tests/Wave5.PeerUtilities.Tests.ps1#routes peer utilities and destructive profiles through typed target-native surfaces,"Peer Utilities TUI, headless JSON, preview receipts, transaction journal",additive WinCare 4.4 capability; existing target state and action dispatcher remain authoritative,GPL-3.0 donor; no source copied; bounded log behavior independently implemented.,medium,n/a,high,statically-validated
D79-SURFACE-ACCOUNTABILITY,n/a,CG-W5-D79-ACCOUNTABILITY,D79,Donor accountability,Complete file-surface accountability for SnakeTail.NET,repository/archive surface,accountability evidence,standalone,README.md,d9696479541ba2bc0aa7242dc7a1f2bb95e34c8b6bfdf7aeeb7acd981a38ba27,n/a,evidence inventory and disposition mapping,custom:one donor to complete surface accountability,reference-only,"Every regular file in the supplied donor archive was hashed, classified, and linked to this parent record; material semantics receive narrower child records.",n/a,n/a,No donor surface is silently omitted from convergence accountability.,"File counts, popularity, or donor packaging are not treated as semantic adoption.",n/a,n/a,n/a,GPL-3.0 donor; no source copied; bounded log behavior independently implemented.,low,n/a,high,reviewed
D80-SURFACE-ACCOUNTABILITY,n/a,CG-W5-D80-ACCOUNTABILITY,D80,Donor accountability,Complete file-surface accountability for Tab Counter,repository/archive surface,accountability evidence,standalone,README.md,c02716587319a231a7f0cce0a32e2fad9c23e792c562f9e6dc7db63fbdb4d611,n/a,evidence inventory and disposition mapping,custom:one donor to complete surface accountability,reference-only,"Every regular file in the supplied donor archive was hashed, classified, and linked to this parent record; material semantics receive narrower child records.",n/a,n/a,No donor surface is silently omitted from convergence accountability.,"File counts, popularity, or donor packaging are not treated as semantic adoption.",n/a,n/a,n/a,Apache-2.0 donor; no extension bundled; product affordance retained as a guarded browser-summary rationale.,low,n/a,high,reviewed
D80-TAB-COUNT-AFFORDANCE,D80-SURFACE-ACCOUNTABILITY,CG-W5-BROWSER,D80,Browser workspace,Visible tab-count affordance and its privacy tradeoff,mechanism or evidence cluster,product/UX surface,context-dependent,src/background.js,070cb84941b887260cecc6f23bce29ec7976d5b592966cd9a7db604873b74427,n/a,negative-to-product guardrail,negative-to-guardrail,guardrail-derived,"Visible tab-count affordance and its privacy tradeoff was selected from Tab Counter and fitted to WinCare's existing authority, state, preview, policy, journaling, and recovery model; donor-specific packaging and alternate execution paths were not imported.",Browser workspace summary,src/WinCare/Providers/99-BrowserWorkspace.ps1#Get-WinCareBrowserWorkspaceSummary,"WinCare reports browser process, window, profile, and extension counts without silently installing an extension.",Browser debugging or extension permissions are not enabled merely to count tabs.,tests/Wave5.PeerUtilities.Tests.ps1#routes peer utilities and destructive profiles through typed target-native surfaces,"Peer Utilities TUI, headless JSON, preview receipts, transaction journal",additive WinCare 4.4 capability; existing target state and action dispatcher remain authoritative,Apache-2.0 donor; no extension bundled; product affordance retained as a guarded browser-summary rationale.,medium,n/a,high,statically-validated
D81-SURFACE-ACCOUNTABILITY,n/a,CG-W5-D81-ACCOUNTABILITY,D81,Donor accountability,Complete file-surface accountability for Tab Resize,repository/archive surface,accountability evidence,standalone,README.md,e00fa232f1e02a4374889b8f202445454a550661826fbf362359f276c0ed5c72,n/a,evidence inventory and disposition mapping,custom:one donor to complete surface accountability,reference-only,"Every regular file in the supplied donor archive was hashed, classified, and linked to this parent record; material semantics receive narrower child records.",n/a,n/a,No donor surface is silently omitted from convergence accountability.,"File counts, popularity, or donor packaging are not treated as semantic adoption.",n/a,n/a,n/a,GPL-3.0 donor; no source copied; existing WinCare workspace-layout capability subsumes the outcome.,low,n/a,high,reviewed
D81-WORKSPACE-LAYOUTS,D81-SURFACE-ACCOUNTABILITY,CG-W5-WINDOWS,D81,Window layouts,Named multi-window layout presets,mechanism or evidence cluster,product workflow,context-dependent,js/layout.js,0069f0e086a1288e0ea44ceea6a2a14978c422a549f050e5e61aa0d0a5add077,n/a,supersession by existing target-native capability,many-to-one,superseded,"Named multi-window layout presets was selected from Tab Resize and fitted to WinCare's existing authority, state, preview, policy, journaling, and recovery model; donor-specific packaging and alternate execution paths were not imported.",Workspace layouts,src/WinCare/Providers/105-WorkspaceLayouts.ps1#New-WinCareWorkspaceLayoutApplyPlan,Layouts persist as revisioned target-native records and apply through window-bound actions.,A browser extension does not become the source of truth for desktop layout state.,tests/Wave5.PeerUtilities.Tests.ps1#routes peer utilities and destructive profiles through typed target-native surfaces,"Peer Utilities TUI, headless JSON, preview receipts, transaction journal",additive WinCare 4.4 capability; existing target state and action dispatcher remain authoritative,GPL-3.0 donor; no source copied; existing WinCare workspace-layout capability subsumes the outcome.,medium,n/a,high,statically-validated
D82-SAME-APP-WINDOW-SWITCH,D82-SURFACE-ACCOUNTABILITY,CG-W5-WINDOWS,D82,Window navigation,Same-application window inventory and foreground activation,mechanism or evidence cluster,interaction primitive,context-dependent,src/utils/window.rs,104696293ad601974288490ab46565c5ee01a643c647d98ecff386fcf649bde0,n/a,supersession by existing typed actions,many-to-one,superseded,"Same-application window inventory and foreground activation was selected from Window Switcher and fitted to WinCare's existing authority, state, preview, policy, journaling, and recovery model; donor-specific packaging and alternate execution paths were not imported.",Window inventory and activation,src/WinCare/Providers/95-WindowWorkspace.ps1#Get-WinCareWindowInventory;src/WinCare/Providers/95-WindowWorkspace.ps1#New-WinCareWindowActivatePlan,Activation operates on a currently inventoried local window identity.,No global keyboard hook or donor resident process is installed.,tests/Wave5.PeerUtilities.Tests.ps1#routes peer utilities and destructive profiles through typed target-native surfaces,"Peer Utilities TUI, headless JSON, preview receipts, transaction journal",additive WinCare 4.4 capability; existing target state and action dispatcher remain authoritative,MIT donor; provenance retained; existing typed window activation contracts subsume the workflow.,medium,n/a,high,statically-validated
D82-SURFACE-ACCOUNTABILITY,n/a,CG-W5-D82-ACCOUNTABILITY,D82,Donor accountability,Complete file-surface accountability for Window Switcher,repository/archive surface,accountability evidence,standalone,README.md,fb04e0202c119d22f58ff8e24ea334a061b34d343f3fe9792fe20def1d38236e,n/a,evidence inventory and disposition mapping,custom:one donor to complete surface accountability,reference-only,"Every regular file in the supplied donor archive was hashed, classified, and linked to this parent record; material semantics receive narrower child records.",n/a,n/a,No donor surface is silently omitted from convergence accountability.,"File counts, popularity, or donor packaging are not treated as semantic adoption.",n/a,n/a,n/a,MIT donor; provenance retained; existing typed window activation contracts subsume the workflow.,low,n/a,high,reviewed
D83-CONTAINER-LOG-PIPELINE,D83-SURFACE-ACCOUNTABILITY,CG-W5-LOGS,D83,Container diagnostics,"Event Log, ETW, and file-to-stdout monitor configuration",mechanism or evidence cluster,schema and operational behavior,context-dependent,LogMonitor/src/LogMonitor/JsonProcessor.cpp,b13d656be83f5804fc87883a8da3d4ec0f09a85b0993fd98d95a7604f1578105,n/a,target-native schema adaptation,many-to-one,adapted,"Event Log, ETW, and file-to-stdout monitor configuration was selected from Windows Container Tools and fitted to WinCare's existing authority, state, preview, policy, journaling, and recovery model; donor-specific packaging and alternate execution paths were not imported.",Container log monitor configuration,src/WinCare/Providers/106-PeerUtilities.ps1#Get-WinCareContainerLogMonitorConfiguration;src/WinCare/Providers/106-PeerUtilities.ps1#New-WinCareContainerLogMonitorPlan,Only validated bounded source definitions are serialized under WinCare state.,"No arbitrary command, sink, remote destination, or donor binary is admitted.",tests/Wave5.PeerUtilities.Tests.ps1#routes peer utilities and destructive profiles through typed target-native surfaces,"Peer Utilities TUI, headless JSON, preview receipts, transaction journal",additive WinCare 4.4 capability; existing target state and action dispatcher remain authoritative,MIT donor; strict log-source schema independently represented in WinCare state.,high,n/a,high,statically-validated
D83-LOG-CONFIG-STRICTNESS,D83-SURFACE-ACCOUNTABILITY,CG-W5-LOGS,D83,Container diagnostics,Strict source-count and input schema validation,mechanism or evidence cluster,test oracle,context-dependent,LogMonitor/LogMonitorTests/JsonProcessorTests.cpp,695c70f36173f1825db20796b2d19f3361c62b713fbb2d169718dd51991787c4,n/a,test-oracle extraction,many-to-one,extracted,"Strict source-count and input schema validation was selected from Windows Container Tools and fitted to WinCare's existing authority, state, preview, policy, journaling, and recovery model; donor-specific packaging and alternate execution paths were not imported.",Container log configuration validation,src/WinCare/Providers/106-PeerUtilities.ps1#Get-WinCareContainerLogMonitorConfiguration,"Event, file, and ETW source counts and names are bounded before persistence.","Malformed, oversized, or command-bearing monitor configuration is rejected.",tests/Wave5.PeerUtilities.Tests.ps1#routes peer utilities and destructive profiles through typed target-native surfaces,"Peer Utilities TUI, headless JSON, preview receipts, transaction journal",additive WinCare 4.4 capability; existing target state and action dispatcher remain authoritative,MIT donor; strict log-source schema independently represented in WinCare state.,high,n/a,high,statically-validated
D83-SURFACE-ACCOUNTABILITY,n/a,CG-W5-D83-ACCOUNTABILITY,D83,Donor accountability,Complete file-surface accountability for Windows Container Tools,repository/archive surface,accountability evidence,standalone,examples/aks/iis-logmonitor/README.md,61a7155f6b2d15467638f889b878a31c10e84e0a90ffba1744ca0d632e8319c3,n/a,evidence inventory and disposition mapping,custom:one donor to complete surface accountability,reference-only,"Every regular file in the supplied donor archive was hashed, classified, and linked to this parent record; material semantics receive narrower child records.",n/a,n/a,No donor surface is silently omitted from convergence accountability.,"File counts, popularity, or donor packaging are not treated as semantic adoption.",n/a,n/a,n/a,MIT donor; strict log-source schema independently represented in WinCare state.,low,n/a,high,reviewed
D84-NETWORK-STABILITY-TELEMETRY,D84-SURFACE-ACCOUNTABILITY,CG-W5-TELEMETRY,D84,Network diagnostics,Network stability sampling and operator-readable status,mechanism or evidence cluster,operational practice,context-dependent,NetworkStabilityMonitor.ps1,4eb13f7bdd2155ae79df36fa1a6e4743cb04631403d492fde30214de0f95fde6,n/a,recomposition into existing telemetry and WLAN diagnostics,many-to-one,recomposed,"Network stability sampling and operator-readable status was selected from Windows Utilities and fitted to WinCare's existing authority, state, preview, policy, journaling, and recovery model; donor-specific packaging and alternate execution paths were not imported.",Network telemetry,src/WinCare/Providers/101-Telemetry.ps1#Get-WinCareTelemetrySnapshot;src/WinCare/Providers/106-PeerUtilities.ps1#Get-WinCareWlanSurvey,Network diagnostics are read-only snapshots with bounded output.,"Monitoring does not silently alter adapters, DNS, routes, or firewall state.",tests/Wave5.PeerUtilities.Tests.ps1#routes peer utilities and destructive profiles through typed target-native surfaces,"Peer Utilities TUI, headless JSON, preview receipts, transaction journal",additive WinCare 4.4 capability; existing target state and action dispatcher remain authoritative,License unclear in supplied archive; telemetry concepts independently adapted.,medium,n/a,high,statically-validated
D84-PERFORMANCE-TELEMETRY,D84-SURFACE-ACCOUNTABILITY,CG-W5-TELEMETRY,D84,Performance diagnostics,"CPU, memory, disk, and process performance snapshots",mechanism or evidence cluster,operational practice,context-dependent,PerformanceMonitor.ps1,566c2338ad7165e22f844d63e1aafa5a47cc1f8831aa95187386c8c5c0f04a25,n/a,supersession by existing telemetry plane,many-to-one,superseded,"CPU, memory, disk, and process performance snapshots was selected from Windows Utilities and fitted to WinCare's existing authority, state, preview, policy, journaling, and recovery model; donor-specific packaging and alternate execution paths were not imported.",Performance telemetry,src/WinCare/Providers/101-Telemetry.ps1#Get-WinCareTelemetrySnapshot,"Performance samples are bounded, normalized, and non-authoritative.",A sampling helper cannot mutate system configuration.,tests/Wave5.PeerUtilities.Tests.ps1#routes peer utilities and destructive profiles through typed target-native surfaces,"Peer Utilities TUI, headless JSON, preview receipts, transaction journal",additive WinCare 4.4 capability; existing target state and action dispatcher remain authoritative,License unclear in supplied archive; telemetry concepts independently adapted.,low,n/a,high,statically-validated
D84-SURFACE-ACCOUNTABILITY,n/a,CG-W5-D84-ACCOUNTABILITY,D84,Donor accountability,Complete file-surface accountability for Windows Utilities,repository/archive surface,accountability evidence,standalone,README.md,89248bcbc6fe4728099cc49d844331d25af7104bb96104fd2f4a7a06f595506e,n/a,evidence inventory and disposition mapping,custom:one donor to complete surface accountability,reference-only,"Every regular file in the supplied donor archive was hashed, classified, and linked to this parent record; material semantics receive narrower child records.",n/a,n/a,No donor surface is silently omitted from convergence accountability.,"File counts, popularity, or donor packaging are not treated as semantic adoption.",n/a,n/a,n/a,License unclear in supplied archive; telemetry concepts independently adapted.,low,n/a,high,reviewed
D85-SURFACE-ACCOUNTABILITY,n/a,CG-W5-D85-ACCOUNTABILITY,D85,Donor accountability,Complete file-surface accountability for Windows WLAN Util,repository/archive surface,accountability evidence,standalone,README.md,fd14664a70053efcabd2f75007746067ca260097571100b71f9647607983e21c,n/a,evidence inventory and disposition mapping,custom:one donor to complete surface accountability,reference-only,"Every regular file in the supplied donor archive was hashed, classified, and linked to this parent record; material semantics receive narrower child records.",n/a,n/a,No donor surface is silently omitted from convergence accountability.,"File counts, popularity, or donor packaging are not treated as semantic adoption.",n/a,n/a,n/a,MIT donor; WLAN survey behavior independently implemented using Windows netsh output.,low,n/a,high,reviewed
D85-WLAN-SURVEY,D85-SURFACE-ACCOUNTABILITY,CG-W5-WLAN,D85,Wireless diagnostics,"WLAN interface, SSID, BSSID, signal, security, and channel survey",mechanism or evidence cluster,diagnostic behavior,context-dependent,windows-wlan-util/windows-wlan-util.cpp,6b0265382c8758be211b139ef489496b38c42dbe199a2f944a6e0094b321821d,n/a,portable target-native adaptation,many-to-one,adapted,"WLAN interface, SSID, BSSID, signal, security, and channel survey was selected from Windows WLAN Util and fitted to WinCare's existing authority, state, preview, policy, journaling, and recovery model; donor-specific packaging and alternate execution paths were not imported.",WLAN survey,src/WinCare/Providers/106-PeerUtilities.ps1#Get-WinCareWlanSurvey,WLAN survey is read-only and bounds process duration and parsed results.,No profile credentials are exported and no network is joined or changed.,tests/Wave5.PeerUtilities.Tests.ps1#routes peer utilities and destructive profiles through typed target-native surfaces,"Peer Utilities TUI, headless JSON, preview receipts, transaction journal",additive WinCare 4.4 capability; existing target state and action dispatcher remain authoritative,MIT donor; WLAN survey behavior independently implemented using Windows netsh output.,medium,n/a,high,statically-validated
D86-AGGRESSIVE-APPX,D86-SURFACE-ACCOUNTABILITY,CG-W5-LEGACY-UNSAFE,D86,Application removal,Plugin-based default-app removal and restoration workflow,mechanism or evidence cluster,workflow and preset,context-dependent,plugins/Remove default apps.ps1,a1a31d3e086d9b10bf58fd9e844c9f987fd82dd8ab03743c95d53ced7fe4e816,n/a,hardened preset recomposition,many-to-one,adapted,"Plugin-based default-app removal and restoration workflow was selected from xd-AntiSpy and fitted to WinCare's existing authority, state, preview, policy, journaling, and recovery model; donor-specific packaging and alternate execution paths were not imported.",Critical AppX removal preset,src/WinCare/Data/Catalog/app-removal-profiles.json#legacy-aggressive,"Aggressive package patterns are explicit, previewed against installed packages, and classified Critical.",The donor removal script is never executed and package restoration is not falsely guaranteed.,tests/Wave5.PeerUtilities.Tests.ps1#routes peer utilities and destructive profiles through typed target-native surfaces,"Peer Utilities TUI, headless JSON, preview receipts, transaction journal",additive WinCare 4.4 capability; existing target state and action dispatcher remain authoritative,MIT donor; provenance retained; profiles and plugin lessons recomposed behind WinCare policy and typed actions.,critical,n/a,high,statically-validated
D86-PLUGIN-QUARANTINE-GUARDRAIL,D86-SURFACE-ACCOUNTABILITY,CG-W5-PLUGIN-GUARDRAILS,D86,Extension governance,"PowerShell, JSON, and DLL plugin system converted into a quarantine guardrail",mechanism or evidence cluster,negative lesson,context-dependent,xd-AntiSpy/PluginsBase.cs,f6d54c745d67c7a97262b6d0ef0f8cfc63ec42d36e1d2670f9c5d8b233385e40,n/a,negative-to-guardrail derivation,negative-to-guardrail,guardrail-derived,"PowerShell, JSON, and DLL plugin system converted into a quarantine guardrail was selected from xd-AntiSpy and fitted to WinCare's existing authority, state, preview, policy, journaling, and recovery model; donor-specific packaging and alternate execution paths were not imported.",Extension admission,src/WinCare/Core/01-Config.ps1#Get-WinCareDefaultPolicy;src/WinCare/Core/08-Policy.ps1#Test-WinCareActionPolicy,Only built-in typed actions or separately admitted target-native extensions may mutate state.,"Bundled donor scripts, DLLs, or JSON commands never execute merely because they were discovered.",tests/Wave5.PeerUtilities.Tests.ps1#keeps all destructive profile gates default-deny,"Peer Utilities TUI, headless JSON, preview receipts, transaction journal",additive WinCare 4.4 capability; existing target state and action dispatcher remain authoritative,MIT donor; provenance retained; profiles and plugin lessons recomposed behind WinCare policy and typed actions.,critical,n/a,high,statically-validated
D86-SURFACE-ACCOUNTABILITY,n/a,CG-W5-D86-ACCOUNTABILITY,D86,Donor accountability,Complete file-surface accountability for xd-AntiSpy,repository/archive surface,accountability evidence,standalone,README.md,7b71746fa190aa1a71f086f757e3c317779eef46c770348de0015412de2b30ac,n/a,evidence inventory and disposition mapping,custom:one donor to complete surface accountability,reference-only,"Every regular file in the supplied donor archive was hashed, classified, and linked to this parent record; material semantics receive narrower child records.",n/a,n/a,No donor surface is silently omitted from convergence accountability.,"File counts, popularity, or donor packaging are not treated as semantic adoption.",n/a,n/a,n/a,MIT donor; provenance retained; profiles and plugin lessons recomposed behind WinCare policy and typed actions.,low,n/a,high,reviewed
D86-XD-ANTISPY-MAX-PROFILE,D86-SURFACE-ACCOUNTABILITY,CG-W5-LEGACY-UNSAFE,D86,Privacy and debloat,Maximum privacy and aggressive application-removal profile,mechanism or evidence cluster,profile workflow,context-dependent,xd-AntiSpy/ProfileManager.cs,038d19501985226a16527639f198e0b6abcc283dd7c26d4db5d7a7d6c04f90f1,n/a,many-to-one target-native recomposition,many-to-one,recomposed,"Maximum privacy and aggressive application-removal profile was selected from xd-AntiSpy and fitted to WinCare's existing authority, state, preview, policy, journaling, and recovery model; donor-specific packaging and alternate execution paths were not imported.",Legacy Unsafe profiles,src/WinCare/Providers/106-PeerUtilities.ps1#Get-WinCareLegacyUnsafeProfile;src/WinCare/Providers/106-PeerUtilities.ps1#New-WinCareLegacyUnsafeProfilePlan,The maximum profile remains executable through visible Critical actions and exact acknowledgement.,A profile file or UI selection cannot bypass current policy or action-state validation.,tests/Wave5.PeerUtilities.Tests.ps1#routes peer utilities and destructive profiles through typed target-native surfaces,"Peer Utilities TUI, headless JSON, preview receipts, transaction journal",additive WinCare 4.4 capability; existing target state and action dispatcher remain authoritative,MIT donor; provenance retained; profiles and plugin lessons recomposed behind WinCare policy and typed actions.,critical,n/a,high,statically-validated
D87-MONITORING-EXPORT,D87-SURFACE-ACCOUNTABILITY,CG-W6-MONITORING-EXPORT,D87,Monitoring templates,Windows Telegraf/Grafana input and dashboard templates,mechanism or evidence cluster,configuration and dashboard,context-dependent,Grafana Dashboards/Windows dashboard.json,81f1d36bbf8026e072f77c7db70d1c537b811fc9b25d94f4633a821d2d468341,n/a,target-native synthesis and hardening,many-to-many,adapted,"Windows Telegraf/Grafana input and dashboard templates was selected from Monitoring and fitted to WinCare policy, typed actions, bounded state, preview, journaling, and recovery; donor packaging and alternate authority paths were not imported.",Monitoring export,src/WinCare/Providers/107-WorkspaceStudio.ps1#New-WinCareMonitoringExportPlan,"Generated templates contain no output destination, credential, or listener.","Donor code, background services, shell extensions, drivers, or alternate mutation paths are not imported unless explicitly stated.",tests/Wave6.WorkspaceStudio.Tests.ps1#publishes every Workspace Studio headless route,"Workspace Studio TUI, headless JSON, preview receipts, and transaction journal",additive WinCare 4.5 capability; existing action and state owners remain authoritative,GPL-3.0 donor; dashboard/config concepts independently represented; no donor source bundled.,medium,n/a,high,statically-validated
D87-SURFACE-ACCOUNTABILITY,n/a,CG-W6-D87-ACCOUNTABILITY,D87,Donor accountability,Complete regular-file and symlink accountability for Monitoring,repository/archive surface,accountability evidence,standalone,README.md,db9c19ace1677e6c6b0b7e96f3299ab9af6cdf09a57ebf5f7b6194e154efc065,n/a,evidence inventory and disposition mapping,custom:one donor to complete surface accountability,reference-only,"Every supplied regular file and repository symlink was hashed or target-recorded, classified, and linked; material semantics receive narrower child records.",n/a,n/a,No donor surface or symlink is silently omitted.,File counts and donor packaging are not treated as semantic adoption.,n/a,n/a,n/a,GPL-3.0 donor; dashboard/config concepts independently represented; no donor source bundled.,low,n/a,high,reviewed
D87-UNIFIED-SNAPSHOT,D87-SURFACE-ACCOUNTABILITY,CG-W6-UNIFIED-SNAPSHOT,D87,Operations telemetry,Unified bounded Windows operations snapshot,mechanism or evidence cluster,operational pattern,context-dependent,README.md,db9c19ace1677e6c6b0b7e96f3299ab9af6cdf09a57ebf5f7b6194e154efc065,n/a,target-native synthesis and hardening,many-to-many,recomposed,"Unified bounded Windows operations snapshot was selected from Monitoring and fitted to WinCare policy, typed actions, bounded state, preview, journaling, and recovery; donor packaging and alternate authority paths were not imported.",Unified system snapshot,src/WinCare/Providers/107-WorkspaceStudio.ps1#Get-WinCareUnifiedSystemSnapshot,"Snapshot collection is local, bounded, and read-only.","Donor code, background services, shell extensions, drivers, or alternate mutation paths are not imported unless explicitly stated.",tests/Wave6.WorkspaceStudio.Tests.ps1#publishes every Workspace Studio headless route,"Workspace Studio TUI, headless JSON, preview receipts, and transaction journal",additive WinCare 4.5 capability; existing action and state owners remain authoritative,GPL-3.0 donor; dashboard/config concepts independently represented; no donor source bundled.,low,n/a,high,statically-validated
D88-FILE-WORKSPACES,D88-SURFACE-ACCOUNTABILITY,CG-W6-FILE-WORKSPACES,D88,File management,"Tabbed roots, bookmarks, and persisted file workspaces",mechanism or evidence cluster,product workflow,context-dependent,Explorer++/Explorer++/BrowserWindow.cpp,7e97197868d5d1e7c8261ce20fc4eaf079ca2402d57db1bba686a0b1dda7cb2f,n/a,target-native synthesis and hardening,many-to-many,recomposed,"Tabbed roots, bookmarks, and persisted file workspaces was selected from Explorer++ and fitted to WinCare policy, typed actions, bounded state, preview, journaling, and recovery; donor packaging and alternate authority paths were not imported.",File workspace catalog,src/WinCare/Providers/107-WorkspaceStudio.ps1#New-WinCareFileWorkspacePlan,File workspace state is bounded and atomically replaced under WinCare state.,"Donor code, background services, shell extensions, drivers, or alternate mutation paths are not imported unless explicitly stated.",tests/Wave6.WorkspaceStudio.Tests.ps1#publishes every Workspace Studio headless route,"Workspace Studio TUI, headless JSON, preview receipts, and transaction journal",additive WinCare 4.5 capability; existing action and state owners remain authoritative,GPL-3.0 donor; file-workspace outcomes independently reimplemented.,low,n/a,high,statically-validated
D88-SURFACE-ACCOUNTABILITY,n/a,CG-W6-D88-ACCOUNTABILITY,D88,Donor accountability,Complete regular-file and symlink accountability for Explorer++,repository/archive surface,accountability evidence,standalone,README.md,1aa02b04e6df7e3f1e556d72322d21675e3b03132a4f9d49a21923739559b203,n/a,evidence inventory and disposition mapping,custom:one donor to complete surface accountability,reference-only,"Every supplied regular file and repository symlink was hashed or target-recorded, classified, and linked; material semantics receive narrower child records.",n/a,n/a,No donor surface or symlink is silently omitted.,File counts and donor packaging are not treated as semantic adoption.,n/a,n/a,n/a,GPL-3.0 donor; file-workspace outcomes independently reimplemented.,low,n/a,high,reviewed
D89-SURFACE-ACCOUNTABILITY,n/a,CG-W6-D89-ACCOUNTABILITY,D89,Donor accountability,Complete regular-file and symlink accountability for United Sets,repository/archive surface,accountability evidence,standalone,README.md,46bf182ee0d668e8496d5f47af7c120d233e72fbaffefc46917aacca45a8e461,n/a,evidence inventory and disposition mapping,custom:one donor to complete surface accountability,reference-only,"Every supplied regular file and repository symlink was hashed or target-recorded, classified, and linked; material semantics receive narrower child records.",n/a,n/a,No donor surface or symlink is silently omitted.,File counts and donor packaging are not treated as semantic adoption.,n/a,n/a,n/a,MIT donor; window grouping concepts adapted to existing WinCare layouts.,low,n/a,high,reviewed
D89-WINDOW-GROUPING,D89-SURFACE-ACCOUNTABILITY,CG-W6-WINDOW-GROUPING,D89,Window management,Window grouping and tab-oriented workspace composition,mechanism or evidence cluster,product workflow,context-dependent,UnitedSets/Cells/Data/WindowCell.cs,57b03e53eaff68275e37656b09927a1aaf2993620ec2a5e09649c0b0ee58305e,n/a,target-native synthesis and hardening,many-to-many,inspired-native,"Window grouping and tab-oriented workspace composition was selected from United Sets and fitted to WinCare policy, typed actions, bounded state, preview, journaling, and recovery; donor packaging and alternate authority paths were not imported.",Workspace layout profiles,src/WinCare/Providers/107-WorkspaceStudio.ps1#Get-WinCareWorkspaceStudioProfile,UI grouping does not become an alternate source of window authority.,"Donor code, background services, shell extensions, drivers, or alternate mutation paths are not imported unless explicitly stated.",tests/Wave6.WorkspaceStudio.Tests.ps1#publishes every Workspace Studio headless route,"Workspace Studio TUI, headless JSON, preview receipts, and transaction journal",additive WinCare 4.5 capability; existing action and state owners remain authoritative,MIT donor; window grouping concepts adapted to existing WinCare layouts.,medium,n/a,high,statically-validated
D90-DOCKED-SIDE,D90-SURFACE-ACCOUNTABILITY,CG-W6-DOCKED-SIDE,D90,Window management,Docked utility side-panel layout,mechanism or evidence cluster,layout behavior,context-dependent,main.js,25c843fe56f4fa7c6b0293a3f1d55fd12b8cfc55314ccf373e48af13d397c665,n/a,target-native synthesis and hardening,many-to-many,inspired-native,"Docked utility side-panel layout was selected from 12Bar and fitted to WinCare policy, typed actions, bounded state, preview, journaling, and recovery; donor packaging and alternate authority paths were not imported.",Docked-side layout preset,src/WinCare/Providers/107-WorkspaceStudio.ps1#Get-WinCareWorkspaceStudioProfile,No donor appbar process or DesktopCoral dependency is installed.,"Donor code, background services, shell extensions, drivers, or alternate mutation paths are not imported unless explicitly stated.",tests/Wave6.WorkspaceStudio.Tests.ps1#publishes every Workspace Studio headless route,"Workspace Studio TUI, headless JSON, preview receipts, and transaction journal",additive WinCare 4.5 capability; existing action and state owners remain authoritative,License unclear in supplied archive; only docked workspace concepts were rederived.,medium,n/a,high,statically-validated
D90-SURFACE-ACCOUNTABILITY,n/a,CG-W6-D90-ACCOUNTABILITY,D90,Donor accountability,Complete regular-file and symlink accountability for 12Bar,repository/archive surface,accountability evidence,standalone,README.md,94c56b11f3cd39a47e0882f1b8cff319d4d2a6a0565add57c6de2c32287c1622,n/a,evidence inventory and disposition mapping,custom:one donor to complete surface accountability,reference-only,"Every supplied regular file and repository symlink was hashed or target-recorded, classified, and linked; material semantics receive narrower child records.",n/a,n/a,No donor surface or symlink is silently omitted.,File counts and donor packaging are not treated as semantic adoption.,n/a,n/a,n/a,License unclear in supplied archive; only docked workspace concepts were rederived.,low,n/a,high,reviewed
D91-BRIGHTNESS-SCHEDULES,D91-SURFACE-ACCOUNTABILITY,CG-W6-BRIGHTNESS-SCHEDULES,D91,Display control,Time-based brightness schedules,mechanism or evidence cluster,workflow and state model,context-dependent,src/electron.js,ab32988bea65f2d42a99c12b41fbb3476504b4e9eee612b3cdbca0cc7614970d,n/a,target-native synthesis and hardening,many-to-many,adapted,"Time-based brightness schedules was selected from Twinkle Tray and fitted to WinCare policy, typed actions, bounded state, preview, journaling, and recovery; donor packaging and alternate authority paths were not imported.",Brightness schedule catalog,src/WinCare/Providers/107-WorkspaceStudio.ps1#New-WinCareBrightnessSchedulePlan;src/WinCare/Providers/107-WorkspaceStudio.ps1#New-WinCareBrightnessScheduleApplyPlan,Schedules are bounded records and apply through the existing reversible brightness action.,"Donor code, background services, shell extensions, drivers, or alternate mutation paths are not imported unless explicitly stated.",tests/Wave6.WorkspaceStudio.Tests.ps1#publishes every Workspace Studio headless route,"Workspace Studio TUI, headless JSON, preview receipts, and transaction journal",additive WinCare 4.5 capability; existing action and state owners remain authoritative,MIT donor; brightness scheduling semantics independently implemented with native WMI actions.,medium,n/a,high,statically-validated
D91-SURFACE-ACCOUNTABILITY,n/a,CG-W6-D91-ACCOUNTABILITY,D91,Donor accountability,Complete regular-file and symlink accountability for Twinkle Tray,repository/archive surface,accountability evidence,standalone,README.md,aefde7b74921a46c37821ad5863d5ef46c63b0580dddc64c9302bc7c72596908,n/a,evidence inventory and disposition mapping,custom:one donor to complete surface accountability,reference-only,"Every supplied regular file and repository symlink was hashed or target-recorded, classified, and linked; material semantics receive narrower child records.",n/a,n/a,No donor surface or symlink is silently omitted.,File counts and donor packaging are not treated as semantic adoption.,n/a,n/a,n/a,MIT donor; brightness scheduling semantics independently implemented with native WMI actions.,low,n/a,high,reviewed
D92-SURFACE-ACCOUNTABILITY,n/a,CG-W6-D92-ACCOUNTABILITY,D92,Donor accountability,Complete regular-file and symlink accountability for System Explorer,repository/archive surface,accountability evidence,standalone,README.md,ac59949fe19f0bede001dc7391bf639485b808b58678e39e5ea20a63fead44db,n/a,evidence inventory and disposition mapping,custom:one donor to complete surface accountability,reference-only,"Every supplied regular file and repository symlink was hashed or target-recorded, classified, and linked; material semantics receive narrower child records.",n/a,n/a,No donor surface or symlink is silently omitted.,File counts and donor packaging are not treated as semantic adoption.,n/a,n/a,n/a,MIT donor; process/service inventory concepts adapted to bounded local snapshots.,low,n/a,high,reviewed
D92-SYSTEM-INVENTORY,D92-SURFACE-ACCOUNTABILITY,CG-W6-SYSTEM-INVENTORY,D92,System inspection,Process and service exploration,mechanism or evidence cluster,inspection mechanism,context-dependent,ObjExpCore/ProcessManager.cpp,78460a4544289c87e91a280e78333ccc845ce1b5c80a84ee9d3a293de0cc1414,n/a,target-native synthesis and hardening,many-to-many,recomposed,"Process and service exploration was selected from System Explorer and fitted to WinCare policy, typed actions, bounded state, preview, journaling, and recovery; donor packaging and alternate authority paths were not imported.",Unified system snapshot,src/WinCare/Providers/107-WorkspaceStudio.ps1#Get-WinCareUnifiedSystemSnapshot,System exploration remains read-only and process counts are bounded.,"Donor code, background services, shell extensions, drivers, or alternate mutation paths are not imported unless explicitly stated.",tests/Wave6.WorkspaceStudio.Tests.ps1#publishes every Workspace Studio headless route,"Workspace Studio TUI, headless JSON, preview receipts, and transaction journal",additive WinCare 4.5 capability; existing action and state owners remain authoritative,MIT donor; process/service inventory concepts adapted to bounded local snapshots.,low,n/a,high,statically-validated
D93-ADB-VERIFIED-TOOL,D93-SURFACE-ACCOUNTABILITY,CG-W6-ADB-VERIFIED-TOOL,D93,Device tooling,Exact-hash ADB command admission,mechanism or evidence cluster,supply-chain evidence,context-dependent,OFFICIAL_ADB_VERSIONS.md,908af8f3dcb36076c5584d61efa1869f172a40dca8c2508b3575444ae1124701,n/a,target-native synthesis and hardening,many-to-many,hardened,"Exact-hash ADB command admission was selected from ADB Explorer and fitted to WinCare policy, typed actions, bounded state, preview, journaling, and recovery; donor packaging and alternate authority paths were not imported.",Verified ADB execution,src/WinCare/Providers/107-WorkspaceStudio.ps1#New-WinCareAdbInventoryPlan;src/WinCare/Providers/107-WorkspaceStudio.ps1#Invoke-WinCareRunVerifiedPeerToolAction,ADB runs without a shell and only admitted arguments reach exact approved bytes.,"Donor code, background services, shell extensions, drivers, or alternate mutation paths are not imported unless explicitly stated.",tests/Wave6.WorkspaceStudio.Tests.ps1#uses exact-hash no-shell external tool admission,"Workspace Studio TUI, headless JSON, preview receipts, and transaction journal",additive WinCare 4.5 capability; existing action and state owners remain authoritative,MIT donor; archive admission and exact-tool verification primitives independently implemented.,high,n/a,high,statically-validated
D93-ARCHIVE-ADMISSION,D93-SURFACE-ACCOUNTABILITY,CG-W6-ARCHIVE-ADMISSION,D93,Archive safety,"Archive path, collision, and expansion admission rules",mechanism or evidence cluster,test oracle,context-dependent,ADB_Test/ArchiveTests.cs,1913db72a473ed7cf6c8a35c7eac9cb5484638c0bb8c18bbdb15dc4f8e5962aa,n/a,target-native synthesis and hardening,many-to-many,hardened,"Archive path, collision, and expansion admission rules was selected from ADB Explorer and fitted to WinCare policy, typed actions, bounded state, preview, journaling, and recovery; donor packaging and alternate authority paths were not imported.",Package archive admission,src/WinCare/Providers/107-WorkspaceStudio.ps1#Get-WinCarePackageArchiveMetadata,No archive member is extracted or executed during metadata inspection.,"Donor code, background services, shell extensions, drivers, or alternate mutation paths are not imported unless explicitly stated.",tests/Wave6.WorkspaceStudio.Tests.ps1#admits archives without extracting or executing them,"Workspace Studio TUI, headless JSON, preview receipts, and transaction journal",additive WinCare 4.5 capability; existing action and state owners remain authoritative,MIT donor; archive admission and exact-tool verification primitives independently implemented.,high,n/a,high,statically-validated
D93-SURFACE-ACCOUNTABILITY,n/a,CG-W6-D93-ACCOUNTABILITY,D93,Donor accountability,Complete regular-file and symlink accountability for ADB Explorer,repository/archive surface,accountability evidence,standalone,README.md,99413b33683d0f766f0cf7365e90df72f715fe3f5589169c748cd58ae55badc7,n/a,evidence inventory and disposition mapping,custom:one donor to complete surface accountability,reference-only,"Every supplied regular file and repository symlink was hashed or target-recorded, classified, and linked; material semantics receive narrower child records.",n/a,n/a,No donor surface or symlink is silently omitted.,File counts and donor packaging are not treated as semantic adoption.,n/a,n/a,n/a,MIT donor; archive admission and exact-tool verification primitives independently implemented.,low,n/a,high,reviewed
D94-KANATA-CONFIG-ADMISSION,D94-SURFACE-ACCOUNTABILITY,CG-W6-KANATA-CONFIG-ADMISSION,D94,Input configuration,Kanata layer and include admission,mechanism or evidence cluster,configuration grammar,context-dependent,cfg_samples/kanata.kbd,b3da365661a86f5a1a3c38897038983ba335c99a62ae8f25745be22489ac8362,n/a,target-native synthesis and hardening,many-to-many,adapted,"Kanata layer and include admission was selected from Kanata and fitted to WinCare policy, typed actions, bounded state, preview, journaling, and recovery; donor packaging and alternate authority paths were not imported.",Kanata configuration admission,src/WinCare/Providers/107-WorkspaceStudio.ps1#Test-WinCareKanataConfiguration,Configuration is inspected only; no global hook or input interception is started.,"Donor code, background services, shell extensions, drivers, or alternate mutation paths are not imported unless explicitly stated.",tests/Wave6.WorkspaceStudio.Tests.ps1#publishes every Workspace Studio headless route,"Workspace Studio TUI, headless JSON, preview receipts, and transaction journal",additive WinCare 4.5 capability; existing action and state owners remain authoritative,LGPL-3.0-or-later donor; configuration admission only; no global input hook is bundled or started.,high,n/a,high,statically-validated
D94-SURFACE-ACCOUNTABILITY,n/a,CG-W6-D94-ACCOUNTABILITY,D94,Donor accountability,Complete regular-file and symlink accountability for Kanata,repository/archive surface,accountability evidence,standalone,README.md,c7a6b16b8a8cd3c9f065d858a34a6e1ddff7e4786fed0cab83b5bc63a3fddcd8,n/a,evidence inventory and disposition mapping,custom:one donor to complete surface accountability,reference-only,"Every supplied regular file and repository symlink was hashed or target-recorded, classified, and linked; material semantics receive narrower child records.",n/a,n/a,No donor surface or symlink is silently omitted.,File counts and donor packaging are not treated as semantic adoption.,n/a,n/a,n/a,LGPL-3.0-or-later donor; configuration admission only; no global input hook is bundled or started.,low,n/a,high,reviewed
D95-RESOURCE-COUNTERS,D95-SURFACE-ACCOUNTABILITY,CG-W6-RESOURCE-COUNTERS,D95,Operations telemetry,"CPU, memory, disk, network, and process counter presentation",mechanism or evidence cluster,telemetry pattern,context-dependent,TaskbarMonitor/Counters/PerformanceCounterReader.cs,e94bc3eb07a051e2470c8e361fd644c1147385d38283e297535d9b12ffebe488,n/a,target-native synthesis and hardening,many-to-many,recomposed,"CPU, memory, disk, network, and process counter presentation was selected from Taskbar Monitor and fitted to WinCare policy, typed actions, bounded state, preview, journaling, and recovery; donor packaging and alternate authority paths were not imported.",Unified system snapshot and dashboard,src/WinCare/Providers/107-WorkspaceStudio.ps1#Get-WinCareUnifiedSystemSnapshot;src/WinCare/Providers/107-WorkspaceStudio.ps1#New-WinCareMonitoringExportPlan,Resource observations do not gain mutation authority.,"Donor code, background services, shell extensions, drivers, or alternate mutation paths are not imported unless explicitly stated.",tests/Wave6.WorkspaceStudio.Tests.ps1#publishes every Workspace Studio headless route,"Workspace Studio TUI, headless JSON, preview receipts, and transaction journal",additive WinCare 4.5 capability; existing action and state owners remain authoritative,GPL-3.0 donor; resource-counter presentation concepts adapted to WinCare telemetry.,low,n/a,high,statically-validated
D95-SURFACE-ACCOUNTABILITY,n/a,CG-W6-D95-ACCOUNTABILITY,D95,Donor accountability,Complete regular-file and symlink accountability for Taskbar Monitor,repository/archive surface,accountability evidence,standalone,README.md,799909a9b26e38a8daa86f785c491cb9c83f80ecacad6b098ce407466e6a5669,n/a,evidence inventory and disposition mapping,custom:one donor to complete surface accountability,reference-only,"Every supplied regular file and repository symlink was hashed or target-recorded, classified, and linked; material semantics receive narrower child records.",n/a,n/a,No donor surface or symlink is silently omitted.,File counts and donor packaging are not treated as semantic adoption.,n/a,n/a,n/a,GPL-3.0 donor; resource-counter presentation concepts adapted to WinCare telemetry.,low,n/a,high,reviewed
D96-FOLDER-APPEARANCE,D96-SURFACE-ACCOUNTABILITY,CG-W6-FOLDER-APPEARANCE,D96,Shell customization,Shell-extension-free desktop.ini folder appearance,mechanism or evidence cluster,executable behavior,context-dependent,src/Controller/FolderColorize.cpp,4406fd7cbd34b5235c70614c2cfa4b5c918c3a0e9f90f6b8290c28dcddbdccb0,n/a,target-native synthesis and hardening,many-to-many,hardened,"Shell-extension-free desktop.ini folder appearance was selected from Folcolor and fitted to WinCare policy, typed actions, bounded state, preview, journaling, and recovery; donor packaging and alternate authority paths were not imported.",Folder appearance mutation and recovery,src/WinCare/Providers/107-WorkspaceStudio.ps1#New-WinCareFolderAppearancePlan;src/WinCare/Providers/107-WorkspaceStudio.ps1#Invoke-WinCareRestoreFolderAppearanceAction,Exact prior desktop.ini bytes and attributes are preserved and conflicts block recovery.,"Donor code, background services, shell extensions, drivers, or alternate mutation paths are not imported unless explicitly stated.",tests/Wave6.WorkspaceStudio.Tests.ps1#retains exact conflict-aware folder appearance recovery,"Workspace Studio TUI, headless JSON, preview receipts, and transaction journal",additive WinCare 4.5 capability; existing action and state owners remain authoritative,MIT donor; desktop.ini behavior independently implemented with exact recovery.,high,n/a,high,statically-validated
D96-SURFACE-ACCOUNTABILITY,n/a,CG-W6-D96-ACCOUNTABILITY,D96,Donor accountability,Complete regular-file and symlink accountability for Folcolor,repository/archive surface,accountability evidence,standalone,README.md,1a37def73829ef501a6de2adff1c242af0b03a887509a67dce7772f7cb59771b,n/a,evidence inventory and disposition mapping,custom:one donor to complete surface accountability,reference-only,"Every supplied regular file and repository symlink was hashed or target-recorded, classified, and linked; material semantics receive narrower child records.",n/a,n/a,No donor surface or symlink is silently omitted.,File counts and donor packaging are not treated as semantic adoption.,n/a,n/a,n/a,MIT donor; desktop.ini behavior independently implemented with exact recovery.,low,n/a,high,reviewed
D97-CONTROL-AFFORDANCES,D97-SURFACE-ACCOUNTABILITY,CG-W6-CONTROL-AFFORDANCES,D97,Product workflow,Undoable control and progress affordances,mechanism or evidence cluster,product affordance,context-dependent,src/Controls/SlidableListItem/SlidableListItem.cs,e06b49bcb292b4e8023310350d4108e3369d8c95e966b9228214311ee92f712b,n/a,target-native synthesis and hardening,many-to-many,inspired-native,"Undoable control and progress affordances was selected from Comet and fitted to WinCare policy, typed actions, bounded state, preview, journaling, and recovery; donor packaging and alternate authority paths were not imported.",Plan graph and recovery visibility,src/WinCare/Providers/107-WorkspaceStudio.ps1#Get-WinCarePlaybookGraph,Product affordances remain non-authoritative views over typed plans.,"Donor code, background services, shell extensions, drivers, or alternate mutation paths are not imported unless explicitly stated.",tests/Wave6.WorkspaceStudio.Tests.ps1#publishes every Workspace Studio headless route,"Workspace Studio TUI, headless JSON, preview receipts, and transaction journal",additive WinCare 4.5 capability; existing action and state owners remain authoritative,MIT donor; deprecated UWP controls used only as product-flow inspiration.,low,n/a,high,statically-validated
D97-SURFACE-ACCOUNTABILITY,n/a,CG-W6-D97-ACCOUNTABILITY,D97,Donor accountability,Complete regular-file and symlink accountability for Comet,repository/archive surface,accountability evidence,standalone,README.md,eefb0aa956a15b6d135c57c977ade0e0fe06d93af7449de5d00e910591ea54af,n/a,evidence inventory and disposition mapping,custom:one donor to complete surface accountability,reference-only,"Every supplied regular file and repository symlink was hashed or target-recorded, classified, and linked; material semantics receive narrower child records.",n/a,n/a,No donor surface or symlink is silently omitted.,File counts and donor packaging are not treated as semantic adoption.,n/a,n/a,n/a,MIT donor; deprecated UWP controls used only as product-flow inspiration.,low,n/a,high,reviewed
D98-STATUS-MODULE,D98-SURFACE-ACCOUNTABILITY,CG-W6-STATUS-MODULE,D98,Terminal workspace,"Workspace, hostname, cwd, and time status module",mechanism or evidence cluster,configuration template,context-dependent,plugin/bar/config.lua,86e9c9e3b70d34d877c941c0314444742eb878b7f963ec7e6fd2eff5de34b63f,n/a,target-native synthesis and hardening,many-to-many,adapted,"Workspace, hostname, cwd, and time status module was selected from bar.wezterm and fitted to WinCare policy, typed actions, bounded state, preview, journaling, and recovery; donor packaging and alternate authority paths were not imported.",WezTerm status generator,src/WinCare/Providers/107-WorkspaceStudio.ps1#New-WinCareWezTermStatusBarPlan,Generated Lua is local-only and performs no network installation.,"Donor code, background services, shell extensions, drivers, or alternate mutation paths are not imported unless explicitly stated.",tests/Wave6.WorkspaceStudio.Tests.ps1#publishes every Workspace Studio headless route,"Workspace Studio TUI, headless JSON, preview receipts, and transaction journal",additive WinCare 4.5 capability; existing action and state owners remain authoritative,MIT donor; local status-module behavior independently generated.,low,n/a,high,statically-validated
D98-SURFACE-ACCOUNTABILITY,n/a,CG-W6-D98-ACCOUNTABILITY,D98,Donor accountability,Complete regular-file and symlink accountability for bar.wezterm,repository/archive surface,accountability evidence,standalone,README.md,94272b51aa4b7f28e4625a17450930c1cf853fe551861a7e99f3ea11abac310f,n/a,evidence inventory and disposition mapping,custom:one donor to complete surface accountability,reference-only,"Every supplied regular file and repository symlink was hashed or target-recorded, classified, and linked; material semantics receive narrower child records.",n/a,n/a,No donor surface or symlink is silently omitted.,File counts and donor packaging are not treated as semantic adoption.,n/a,n/a,n/a,MIT donor; local status-module behavior independently generated.,low,n/a,high,reviewed
D99-SURFACE-ACCOUNTABILITY,n/a,CG-W6-D99-ACCOUNTABILITY,D99,Donor accountability,Complete regular-file and symlink accountability for SyncTrayzor,repository/archive surface,accountability evidence,standalone,README.md,77ff944866a07dc1c0b7277f933b635c867bf4293661266af1b40d5b03472812,n/a,evidence inventory and disposition mapping,custom:one donor to complete surface accountability,reference-only,"Every supplied regular file and repository symlink was hashed or target-recorded, classified, and linked; material semantics receive narrower child records.",n/a,n/a,No donor surface or symlink is silently omitted.,File counts and donor packaging are not treated as semantic adoption.,n/a,n/a,n/a,MIT donor; local Syncthing state inspection adapted with secret redaction.,low,n/a,high,reviewed
D99-SYNCTHING-STATE,D99-SURFACE-ACCOUNTABILITY,CG-W6-SYNCTHING-STATE,D99,Synchronization operations,"Syncthing process, folder, device, and warning state",mechanism or evidence cluster,operator workflow,context-dependent,src/SyncTrayzor/NotifyIcon/NotifyIconViewModel.cs,a75dddc62048ad980ae99dfa15b73ed1933ddac8fe23dd9e211a9b30aa15d9d8,n/a,target-native synthesis and hardening,many-to-many,adapted,"Syncthing process, folder, device, and warning state was selected from SyncTrayzor and fitted to WinCare policy, typed actions, bounded state, preview, journaling, and recovery; donor packaging and alternate authority paths were not imported.",Syncthing local state inspection,src/WinCare/Providers/107-WorkspaceStudio.ps1#Get-WinCareSyncthingState,API keys remain redacted and configuration is not modified.,"Donor code, background services, shell extensions, drivers, or alternate mutation paths are not imported unless explicitly stated.",tests/Wave6.WorkspaceStudio.Tests.ps1#publishes every Workspace Studio headless route,"Workspace Studio TUI, headless JSON, preview receipts, and transaction journal",additive WinCare 4.5 capability; existing action and state owners remain authoritative,MIT donor; local Syncthing state inspection adapted with secret redaction.,medium,n/a,high,statically-validated
D100-FLOAT-AUTOALIGN,D100-SURFACE-ACCOUNTABILITY,CG-W6-FLOAT-AUTOALIGN,D100,Window management,Movable floating-window and auto-align workflow,mechanism or evidence cluster,concept,context-dependent,README.md,fa519a8bf653384f2da6f1397617f49f10e7e43893c11440630c9c7ecc93a208,n/a,target-native synthesis and hardening,many-to-many,inspired-native,"Movable floating-window and auto-align workflow was selected from FloatWindowUtils and fitted to WinCare policy, typed actions, bounded state, preview, journaling, and recovery; donor packaging and alternate authority paths were not imported.",Docked and main-stack presets,src/WinCare/Providers/107-WorkspaceStudio.ps1#Get-WinCareWorkspaceStudioProfile,No Android overlay permission or donor runtime is imported.,"Donor code, background services, shell extensions, drivers, or alternate mutation paths are not imported unless explicitly stated.",tests/Wave6.WorkspaceStudio.Tests.ps1#publishes every Workspace Studio headless route,"Workspace Studio TUI, headless JSON, preview receipts, and transaction journal",additive WinCare 4.5 capability; existing action and state owners remain authoritative,License unclear in supplied archive; floating/auto-align idea adapted to target-native window layouts.,low,n/a,high,statically-validated
D100-SURFACE-ACCOUNTABILITY,n/a,CG-W6-D100-ACCOUNTABILITY,D100,Donor accountability,Complete regular-file and symlink accountability for FloatWindowUtils,repository/archive surface,accountability evidence,standalone,README.md,fa519a8bf653384f2da6f1397617f49f10e7e43893c11440630c9c7ecc93a208,n/a,evidence inventory and disposition mapping,custom:one donor to complete surface accountability,reference-only,"Every supplied regular file and repository symlink was hashed or target-recorded, classified, and linked; material semantics receive narrower child records.",n/a,n/a,No donor surface or symlink is silently omitted.,File counts and donor packaging are not treated as semantic adoption.,n/a,n/a,n/a,License unclear in supplied archive; floating/auto-align idea adapted to target-native window layouts.,low,n/a,high,reviewed
D101-SURFACE-ACCOUNTABILITY,n/a,CG-W6-D101-ACCOUNTABILITY,D101,Donor accountability,Complete regular-file and symlink accountability for Notion,repository/archive surface,accountability evidence,standalone,README.md,0142a7fad44c5e68dedbd2b35d78973c20b3c0c299728bcb479c53fb705841f1,n/a,evidence inventory and disposition mapping,custom:one donor to complete surface accountability,reference-only,"Every supplied regular file and repository symlink was hashed or target-recorded, classified, and linked; material semantics receive narrower child records.",n/a,n/a,No donor surface or symlink is silently omitted.,File counts and donor packaging are not treated as semantic adoption.,n/a,n/a,n/a,GPL donor; tiling concepts independently rederived; three repository symlinks explicitly accounted.,low,n/a,high,reviewed
D101-TILING-LAYOUTS,D101-SURFACE-ACCOUNTABILITY,CG-W6-TILING-LAYOUTS,D101,Window management,"Columns, rows, and main-stack tiling layouts",mechanism or evidence cluster,layout preset,context-dependent,etc/cfg_layouts.lua,51d1fde8e50be4ee4e3c67339635aedd282c532da1bbc00edf1487816cbac1e0,n/a,target-native synthesis and hardening,many-to-many,inspired-native,"Columns, rows, and main-stack tiling layouts was selected from Notion and fitted to WinCare policy, typed actions, bounded state, preview, journaling, and recovery; donor packaging and alternate authority paths were not imported.",Workspace layout profiles,src/WinCare/Providers/107-WorkspaceStudio.ps1#Get-WinCareWorkspaceStudioProfile,Layouts use existing WinCare exact-window identity and rollback contracts.,"Donor code, background services, shell extensions, drivers, or alternate mutation paths are not imported unless explicitly stated.",tests/Wave6.WorkspaceStudio.Tests.ps1#publishes every Workspace Studio headless route,"Workspace Studio TUI, headless JSON, preview receipts, and transaction journal",additive WinCare 4.5 capability; existing action and state owners remain authoritative,GPL donor; tiling concepts independently rederived; three repository symlinks explicitly accounted.,medium,n/a,high,statically-validated
D102-SURFACE-ACCOUNTABILITY,n/a,CG-W6-D102-ACCOUNTABILITY,D102,Donor accountability,Complete regular-file and symlink accountability for Xbox Full Screen Experience Tool,repository/archive surface,accountability evidence,standalone,README.md,2f074cff3d5255e52f85dcba46cee39e3dd6c92c5f2d441c6a3e184a422b0982,n/a,evidence inventory and disposition mapping,custom:one donor to complete surface accountability,reference-only,"Every supplied regular file and repository symlink was hashed or target-recorded, classified, and linked; material semantics receive narrower child records.",n/a,n/a,No donor surface or symlink is silently omitted.,File counts and donor packaging are not treated as semantic adoption.,n/a,n/a,n/a,GPL-3.0 donor; exact feature IDs and registry semantics independently modeled; donor driver/service not bundled.,low,n/a,high,reviewed
D102-XBOX-FSE-DEVICEFORM,D102-SURFACE-ACCOUNTABILITY,CG-W6-XBOX-FSE-DEVICEFORM,D102,Windows hidden features,DeviceForm DWORD 0x2E mutation and restoration,mechanism or evidence cluster,unsafe registry behavior,context-dependent,PhysPanelCPP/PanelManager.cpp,64e77116dd5c69e37f756e2207de0937d15d96c61d43d4dd3b495f50a605e686,n/a,target-native synthesis and hardening,many-to-many,hardened,"DeviceForm DWORD 0x2E mutation and restoration was selected from Xbox Full Screen Experience Tool and fitted to WinCare policy, typed actions, bounded state, preview, journaling, and recovery; donor packaging and alternate authority paths were not imported.",Critical Xbox DeviceForm mutation,src/WinCare/Providers/107-WorkspaceStudio.ps1#New-WinCareXboxFullscreenExperiencePlan,The prior DeviceForm value is captured and restored through the typed registry contract.,"Donor code, background services, shell extensions, drivers, or alternate mutation paths are not imported unless explicitly stated.",tests/Wave6.WorkspaceStudio.Tests.ps1#includes the requested unsafe Xbox one-click mutation with exact evidence values,"Workspace Studio TUI, headless JSON, preview receipts, and transaction journal",additive WinCare 4.5 capability; existing action and state owners remain authoritative,GPL-3.0 donor; exact feature IDs and registry semantics independently modeled; donor driver/service not bundled.,critical,n/a,high,statically-validated
D102-XBOX-FSE-FEATURES,D102-SURFACE-ACCOUNTABILITY,CG-W6-XBOX-FSE-FEATURES,D102,Windows hidden features,One-click enable or disable of exact Xbox FSE feature IDs,mechanism or evidence cluster,unsafe executable behavior,context-dependent,XboxFullScreenExperienceTool/MainForm.cs,10766c2e7880b92a182e9cb74a922a08c7538920a595c91194a8a11b4253dbf9,n/a,target-native synthesis and hardening,many-to-many,hardened,"One-click enable or disable of exact Xbox FSE feature IDs was selected from Xbox Full Screen Experience Tool and fitted to WinCare policy, typed actions, bounded state, preview, journaling, and recovery; donor packaging and alternate authority paths were not imported.",Critical Xbox FSE mutation,src/WinCare/Providers/107-WorkspaceStudio.ps1#New-WinCareXboxFullscreenExperiencePlan,Only exact allowed feature IDs reach exact-hash ViVeTool bytes after policy and typed acknowledgement.,"Donor code, background services, shell extensions, drivers, or alternate mutation paths are not imported unless explicitly stated.",tests/Wave6.WorkspaceStudio.Tests.ps1#includes the requested unsafe Xbox one-click mutation with exact evidence values,"Workspace Studio TUI, headless JSON, preview receipts, and transaction journal",additive WinCare 4.5 capability; existing action and state owners remain authoritative,GPL-3.0 donor; exact feature IDs and registry semantics independently modeled; donor driver/service not bundled.,critical,n/a,high,statically-validated
D103-PACKAGE-METADATA,D103-SURFACE-ACCOUNTABILITY,CG-W6-PACKAGE-METADATA,D103,Package inspection,"APK, IPA, AppX, and MSIX metadata inspection",mechanism or evidence cluster,metadata parser,context-dependent,ApkShellext2/AppPackageReader.cs,cfea6dbb0a787ce6f74208e0111c5c29a719a0979d3f6ca812fb97620d5fc554,n/a,target-native synthesis and hardening,many-to-many,recomposed,"APK, IPA, AppX, and MSIX metadata inspection was selected from ApkShellExt2 and fitted to WinCare policy, typed actions, bounded state, preview, journaling, and recovery; donor packaging and alternate authority paths were not imported.",Package archive metadata,src/WinCare/Providers/107-WorkspaceStudio.ps1#Get-WinCarePackageArchiveMetadata,"Packages are never installed, registered, extracted, or executed.","Donor code, background services, shell extensions, drivers, or alternate mutation paths are not imported unless explicitly stated.",tests/Wave6.WorkspaceStudio.Tests.ps1#admits archives without extracting or executing them,"Workspace Studio TUI, headless JSON, preview receipts, and transaction journal",additive WinCare 4.5 capability; existing action and state owners remain authoritative,License supplied; package metadata behavior independently implemented without shell extension installation.,high,n/a,high,statically-validated
D103-SURFACE-ACCOUNTABILITY,n/a,CG-W6-D103-ACCOUNTABILITY,D103,Donor accountability,Complete regular-file and symlink accountability for ApkShellExt2,repository/archive surface,accountability evidence,standalone,README.md,ac19a45f30d1b35bfda31a61e509d7405839f8125eae42a0a182ee0798097cc5,n/a,evidence inventory and disposition mapping,custom:one donor to complete surface accountability,reference-only,"Every supplied regular file and repository symlink was hashed or target-recorded, classified, and linked; material semantics receive narrower child records.",n/a,n/a,No donor surface or symlink is silently omitted.,File counts and donor packaging are not treated as semantic adoption.,n/a,n/a,n/a,License supplied; package metadata behavior independently implemented without shell extension installation.,low,n/a,high,reviewed
D104-FILE-WORKSPACE,D104-SURFACE-ACCOUNTABILITY,CG-W6-FILE-WORKSPACE,D104,File management,"Portable tab roots, bookmarks, and search roots",mechanism or evidence cluster,product workflow,context-dependent,FileExplorer/Core/PackageManager.cs,d5f79f1f849af6a559fd967d24988c12a5f9a17556a16e46982e7108c590ebdf,n/a,target-native synthesis and hardening,many-to-many,recomposed,"Portable tab roots, bookmarks, and search roots was selected from FileExplorer and fitted to WinCare policy, typed actions, bounded state, preview, journaling, and recovery; donor packaging and alternate authority paths were not imported.",File workspace catalog,src/WinCare/Providers/107-WorkspaceStudio.ps1#New-WinCareFileWorkspacePlan,File workspace records do not perform file mutations.,"Donor code, background services, shell extensions, drivers, or alternate mutation paths are not imported unless explicitly stated.",tests/Wave6.WorkspaceStudio.Tests.ps1#publishes every Workspace Studio headless route,"Workspace Studio TUI, headless JSON, preview receipts, and transaction journal",additive WinCare 4.5 capability; existing action and state owners remain authoritative,MIT donor; file workspace and preview-admission concepts independently implemented.,low,n/a,high,statically-validated
D104-PREVIEW-ADMISSION,D104-SURFACE-ACCOUNTABILITY,CG-W6-PREVIEW-ADMISSION,D104,File inspection,Preview-extension boundary and bounded metadata surfaces,mechanism or evidence cluster,interface contract,context-dependent,FileExplorer.Extension/IPreviewExtension.cs,b5abd12ff148343ad99ffb9a7ce81a80d6c21fd2806b15e851a4efbffa77f863,n/a,target-native synthesis and hardening,many-to-many,guardrail-derived,"Preview-extension boundary and bounded metadata surfaces was selected from FileExplorer and fitted to WinCare policy, typed actions, bounded state, preview, journaling, and recovery; donor packaging and alternate authority paths were not imported.",Package archive admission,src/WinCare/Providers/107-WorkspaceStudio.ps1#Get-WinCarePackageArchiveMetadata,No untrusted preview extension is loaded in-process.,"Donor code, background services, shell extensions, drivers, or alternate mutation paths are not imported unless explicitly stated.",tests/Wave6.WorkspaceStudio.Tests.ps1#admits archives without extracting or executing them,"Workspace Studio TUI, headless JSON, preview receipts, and transaction journal",additive WinCare 4.5 capability; existing action and state owners remain authoritative,MIT donor; file workspace and preview-admission concepts independently implemented.,high,n/a,high,statically-validated
D104-SURFACE-ACCOUNTABILITY,n/a,CG-W6-D104-ACCOUNTABILITY,D104,Donor accountability,Complete regular-file and symlink accountability for FileExplorer,repository/archive surface,accountability evidence,standalone,README.md,f04dcad2e6d3f839bd3ab1ac81cc0f9b67689f6e5876caa74262940d1b4e9107,n/a,evidence inventory and disposition mapping,custom:one donor to complete surface accountability,reference-only,"Every supplied regular file and repository symlink was hashed or target-recorded, classified, and linked; material semantics receive narrower child records.",n/a,n/a,No donor surface or symlink is silently omitted.,File counts and donor packaging are not treated as semantic adoption.,n/a,n/a,n/a,MIT donor; file workspace and preview-admission concepts independently implemented.,low,n/a,high,reviewed
D105-ACTION-GRAPH,D105-SURFACE-ACCOUNTABILITY,CG-W6-ACTION-GRAPH,D105,Workflow visualization,Flowchart representation of sequential actions and rollback edges,mechanism or evidence cluster,visual interaction concept,context-dependent,src/ui-flowchart.js,3aa63bdd25afe5902adc57832fbb1979c16d8d8f7fea6a0fe82f4d99cdc0df79,n/a,target-native synthesis and hardening,many-to-many,inspired-native,"Flowchart representation of sequential actions and rollback edges was selected from Flogo and fitted to WinCare policy, typed actions, bounded state, preview, journaling, and recovery; donor packaging and alternate authority paths were not imported.",Read-only playbook graph,src/WinCare/Providers/107-WorkspaceStudio.ps1#Get-WinCarePlaybookGraph,Graph nodes cannot execute or mutate plans; authority remains in the transaction engine.,"Donor code, background services, shell extensions, drivers, or alternate mutation paths are not imported unless explicitly stated.",tests/Wave6.WorkspaceStudio.Tests.ps1#publishes every Workspace Studio headless route,"Workspace Studio TUI, headless JSON, preview receipts, and transaction journal",additive WinCare 4.5 capability; existing action and state owners remain authoritative,License supplied; flow visualization used as inspiration for a read-only plan graph.,low,n/a,high,statically-validated
D105-SURFACE-ACCOUNTABILITY,n/a,CG-W6-D105-ACCOUNTABILITY,D105,Donor accountability,Complete regular-file and symlink accountability for Flogo,repository/archive surface,accountability evidence,standalone,README.md,eaeb09a37fa3d632e902856eb6f7c07dc8b85fbd7db6a20afad15ee8a4019ab9,n/a,evidence inventory and disposition mapping,custom:one donor to complete surface accountability,reference-only,"Every supplied regular file and repository symlink was hashed or target-recorded, classified, and linked; material semantics receive narrower child records.",n/a,n/a,No donor surface or symlink is silently omitted.,File counts and donor packaging are not treated as semantic adoption.,n/a,n/a,n/a,License supplied; flow visualization used as inspiration for a read-only plan graph.,low,n/a,high,reviewed
D106-EXPLORER-NAVIGATION,D106-SURFACE-ACCOUNTABILITY,CG-W7-EXPLORER-NAVIGATION,D106,Explorer preferences,This PC versus Home launch preference,"mechanism, preset, workflow, or negative evidence",product behavior,context-dependent,InstantExplorer.ahk,2da764d82d2465328610c7c5e9f8bb173aa1ff17c7902d46c4cd3e2782723870,n/a,"target-native synthesis, adaptation, hardening, or guardrail derivation",many-to-many,inspired-native,"This PC versus Home launch preference was evaluated against WinCare typed actions, policy, preview, journaling, bounded paths, and recovery. Donor packaging and unbounded mutation paths were not imported.",Explorer quick settings,src/WinCare/Providers/108-CleanupMods.ps1#New-WinCareExplorerQuickPlan,Navigation preference is target-native and reversible.,Donor dialog interception and keystroke injection are not imported.,tests/Wave7.CleanupMods.Tests.ps1,"Peer Utilities TUI, headless JSON, preview receipts, and transaction journal",additive WinCare 4.6 capability; existing transaction and policy owners remain authoritative,GPL-3.0 donor; behavior independently reimplemented; no donor source is bundled.,medium,n/a,high,statically-validated
D106-EXPLORER-VISIBILITY,D106-SURFACE-ACCOUNTABILITY,CG-W7-EXPLORER-VISIBILITY,D106,Explorer preferences,File-extension and hidden-file toggles,"mechanism, preset, workflow, or negative evidence",product behavior,context-dependent,windowsmods.ahk,e69d391266a41632ec2f8ee079e4b8aad33225fe72e790987e55ffb520f36d53,n/a,"target-native synthesis, adaptation, hardening, or guardrail derivation",many-to-many,adapted,"File-extension and hidden-file toggles was evaluated against WinCare typed actions, policy, preview, journaling, bounded paths, and recovery. Donor packaging and unbounded mutation paths were not imported.",Explorer quick settings,src/WinCare/Providers/108-CleanupMods.ps1#New-WinCareExplorerQuickPlan,"Explorer preferences are explicit reversible Registry actions, not global hooks.",Global input hooks are not installed or started.,tests/Wave7.CleanupMods.Tests.ps1,"Peer Utilities TUI, headless JSON, preview receipts, and transaction journal",additive WinCare 4.6 capability; existing transaction and policy owners remain authoritative,GPL-3.0 donor; behavior independently reimplemented; no donor source is bundled.,high,n/a,high,statically-validated
D106-GLOBAL-HOTKEY-GUARDRAIL,D106-SURFACE-ACCOUNTABILITY,CG-W7-GLOBAL-HOTKEY-GUARDRAIL,D106,Input safety,Global Explorer undo interception as a negative guardrail,"mechanism, preset, workflow, or negative evidence",negative lesson,context-dependent,CTRLZ.ahk,5282cd5b4adbe3993480766e12e80d99119500ca8ef95e03ccce44da704c58d9,n/a,"target-native synthesis, adaptation, hardening, or guardrail derivation",many-to-many,guardrail-derived,"Global Explorer undo interception as a negative guardrail was evaluated against WinCare typed actions, policy, preview, journaling, bounded paths, and recovery. Donor packaging and unbounded mutation paths were not imported.",Input-hook exclusion,src/WinCare/Providers/108-CleanupMods.ps1#New-WinCareExplorerQuickPlan,WinCare changes preferences without suppressing Ctrl+Z or installing hooks.,No global input interception is admitted.,tests/Wave7.CleanupMods.Tests.ps1,"Peer Utilities TUI, headless JSON, preview receipts, and transaction journal",additive WinCare 4.6 capability; existing transaction and policy owners remain authoritative,GPL-3.0 donor; behavior independently reimplemented; no donor source is bundled.,high,n/a,high,statically-validated
D106-MEDIA-AUTOMATION,D106-SURFACE-ACCOUNTABILITY,CG-W7-MEDIA-AUTOMATION,D106,Media workflow,FFmpeg and backup helper scripts,"mechanism, preset, workflow, or negative evidence",operational reference,context-dependent,FFMPEG Scripts.txt,d09b7de2cdd332235e1fca1325eb99d36cc0edacfde7a14b374fe7ae84ccb100,n/a,"target-native synthesis, adaptation, hardening, or guardrail derivation",many-to-many,reference-only,"FFmpeg and backup helper scripts was evaluated against WinCare typed actions, policy, preview, journaling, bounded paths, and recovery. Donor packaging and unbounded mutation paths were not imported.",n/a,n/a,Donor media workflows remain available as evidence.,WinCare does not absorb unrelated hard-coded media paths.,n/a,n/a,n/a,GPL-3.0 donor; behavior independently reimplemented; no donor source is bundled.,low,n/a,high,reviewed
D106-SURFACE-ACCOUNTABILITY,n/a,CG-W7-D106-ACCOUNTABILITY,D106,Donor accountability,Complete file accountability for WindowsMods,repository/archive surface,accountability evidence,standalone,README.md,806a965043643189b7980f27d768f329a06b54f6f1e3b50494255b0a7e26baa7,n/a,evidence inventory and disposition mapping,custom:one donor to complete surface accountability,reference-only,"Every supplied regular file was hashed, classified, and linked; material semantics receive narrower child records.",n/a,n/a,No donor surface is silently omitted.,File counts are not treated as semantic adoption.,n/a,n/a,n/a,GPL-3.0 donor; behavior independently reimplemented; no donor source is bundled.,low,n/a,high,reviewed
D107-BOUNDED-DEEP-CLEAN,D107-SURFACE-ACCOUNTABILITY,CG-W7-BOUNDED-DEEP-CLEAN,D107,Cleanup,Aggressive cleanup decomposed into bounded canonical targets,"mechanism, preset, workflow, or negative evidence",executable behavior,context-dependent,WindowsCleanerUtility.bat,d983ebe81894d362e59592448e44d839f8a5f407a746ff75a6dd7334d9b6143b,n/a,"target-native synthesis, adaptation, hardening, or guardrail derivation",many-to-many,hardened,"Aggressive cleanup decomposed into bounded canonical targets was evaluated against WinCare typed actions, policy, preview, journaling, bounded paths, and recovery. Donor packaging and unbounded mutation paths were not imported.",Deep cleanup profiles,src/WinCare/Providers/108-CleanupMods.ps1#New-WinCareDeepCleanupPlan;src/WinCare/Providers/20-Cleanup.ps1#Get-WinCareCleanupTarget,Every deletion resolves to a visible canonical target and excludes reparse points.,No drive-root wildcard deletion is performed.,tests/Wave7.CleanupMods.Tests.ps1,"Peer Utilities TUI, headless JSON, preview receipts, and transaction journal",additive WinCare 4.6 capability; existing transaction and policy owners remain authoritative,GPL-3.0 donor; cleanup intent independently reimplemented through bounded typed actions.,critical,n/a,high,statically-validated
D107-COMPONENT-CLEANUP,D107-SURFACE-ACCOUNTABILITY,CG-W7-COMPONENT-CLEANUP,D107,Servicing,Supported component-store cleanup without ResetBase,"mechanism, preset, workflow, or negative evidence",servicing mechanism,context-dependent,WindowsCleanerUtility.bat,d983ebe81894d362e59592448e44d839f8a5f407a746ff75a6dd7334d9b6143b,n/a,"target-native synthesis, adaptation, hardening, or guardrail derivation",many-to-many,adapted,"Supported component-store cleanup without ResetBase was evaluated against WinCare typed actions, policy, preview, journaling, bounded paths, and recovery. Donor packaging and unbounded mutation paths were not imported.",Online component cleanup,src/WinCare/Providers/108-CleanupMods.ps1#Invoke-WinCareStartComponentCleanupAction,Supported servicing APIs run without ResetBase.,Installed-update removability is not intentionally destroyed.,tests/Wave7.CleanupMods.Tests.ps1,"Peer Utilities TUI, headless JSON, preview receipts, and transaction journal",additive WinCare 4.6 capability; existing transaction and policy owners remain authoritative,GPL-3.0 donor; cleanup intent independently reimplemented through bounded typed actions.,high,n/a,high,statically-validated
D107-HEALTH-REPAIR,D107-SURFACE-ACCOUNTABILITY,CG-W7-HEALTH-REPAIR,D107,System health,SFC and DISM repair sequence,"mechanism, preset, workflow, or negative evidence",workflow reference,context-dependent,WindowsCleanerUtility.bat,d983ebe81894d362e59592448e44d839f8a5f407a746ff75a6dd7334d9b6143b,n/a,"target-native synthesis, adaptation, hardening, or guardrail derivation",many-to-many,reference-only,"SFC and DISM repair sequence was evaluated against WinCare typed actions, policy, preview, journaling, bounded paths, and recovery. Donor packaging and unbounded mutation paths were not imported.",n/a,n/a,The existing Windows health provider already owns supported health repair.,Cleanup convergence does not duplicate the health authority path.,n/a,n/a,n/a,GPL-3.0 donor; cleanup intent independently reimplemented through bounded typed actions.,low,n/a,high,reviewed
D107-ROOT-SWEEP-GUARDRAIL,D107-SURFACE-ACCOUNTABILITY,CG-W7-ROOT-SWEEP-GUARDRAIL,D107,Cleanup safety,"Drive-root, event-log, Prefetch, Defender-history, and blanket log sweeps","mechanism, preset, workflow, or negative evidence",negative lesson,context-dependent,WindowsCleanerUtility.bat,d983ebe81894d362e59592448e44d839f8a5f407a746ff75a6dd7334d9b6143b,n/a,"target-native synthesis, adaptation, hardening, or guardrail derivation",many-to-many,guardrail-derived,"Drive-root, event-log, Prefetch, Defender-history, and blanket log sweeps was evaluated against WinCare typed actions, policy, preview, journaling, bounded paths, and recovery. Donor packaging and unbounded mutation paths were not imported.",Cleanup exclusion guardrails,src/WinCare/Providers/108-CleanupMods.ps1#Get-WinCareDeepCleanupProfile,Unsafe donor sweeps are explicitly documented and excluded.,Generic action types cannot disguise event-log or Prefetch purges.,tests/Wave7.CleanupMods.Tests.ps1,"Peer Utilities TUI, headless JSON, preview receipts, and transaction journal",additive WinCare 4.6 capability; existing transaction and policy owners remain authoritative,GPL-3.0 donor; cleanup intent independently reimplemented through bounded typed actions.,critical,n/a,high,statically-validated
D107-SURFACE-ACCOUNTABILITY,n/a,CG-W7-D107-ACCOUNTABILITY,D107,Donor accountability,Complete file accountability for WindowsCleanerUtility,repository/archive surface,accountability evidence,standalone,README.md,a1136443ea46c2060f68563a73f1549d4a61e8b66f91dd66fcb73bc102130aac,n/a,evidence inventory and disposition mapping,custom:one donor to complete surface accountability,reference-only,"Every supplied regular file was hashed, classified, and linked; material semantics receive narrower child records.",n/a,n/a,No donor surface is silently omitted.,File counts are not treated as semantic adoption.,n/a,n/a,n/a,GPL-3.0 donor; cleanup intent independently reimplemented through bounded typed actions.,low,n/a,high,reviewed
D107-UPDATE-CACHE-COORDINATION,D107-SURFACE-ACCOUNTABILITY,CG-W7-UPDATE-CACHE-COORDINATION,D107,Cleanup,Windows Update cache service coordination,"mechanism, preset, workflow, or negative evidence",recovery mechanism,context-dependent,WindowsCleanerUtility.bat,d983ebe81894d362e59592448e44d839f8a5f407a746ff75a6dd7334d9b6143b,n/a,"target-native synthesis, adaptation, hardening, or guardrail derivation",many-to-many,hardened,"Windows Update cache service coordination was evaluated against WinCare typed actions, policy, preview, journaling, bounded paths, and recovery. Donor packaging and unbounded mutation paths were not imported.",Windows Update cache cleanup,src/WinCare/Providers/108-CleanupMods.ps1#Invoke-WinCareClearWindowsUpdateDownloadCacheAction,BITS and Windows Update service states are captured and restored after bounded deletion.,Services are not left stopped merely because cleanup fails.,tests/Wave7.CleanupMods.Tests.ps1,"Peer Utilities TUI, headless JSON, preview receipts, and transaction journal",additive WinCare 4.6 capability; existing transaction and policy owners remain authoritative,GPL-3.0 donor; cleanup intent independently reimplemented through bounded typed actions.,high,n/a,high,statically-validated
D108-ALL-USERS-PROVISIONED,D108-SURFACE-ACCOUNTABILITY,CG-W7-ALL-USERS-PROVISIONED,D108,Application removal,"Current-user, all-user, and provisioned package scopes","mechanism, preset, workflow, or negative evidence",scope model,context-dependent,Remove-MS-Store-Apps.ps1,87f0b51f2441cdb0f4be6d9652b946c2f51f81afd7294069ccb937705661c8de,n/a,"target-native synthesis, adaptation, hardening, or guardrail derivation",many-to-many,hardened,"Current-user, all-user, and provisioned package scopes was evaluated against WinCare typed actions, policy, preview, journaling, bounded paths, and recovery. Donor packaging and unbounded mutation paths were not imported.",Typed AppX removal scopes,src/WinCare/Providers/108-CleanupMods.ps1#Invoke-WinCareRemoveAppxPackageAllUsersAction;src/WinCare/Providers/108-CleanupMods.ps1#New-WinCareAppxSelectionPlan,All-user and provisioning mutations require administrator actions and exact package identities.,Package wildcards never reach mutation cmdlets directly.,tests/Wave7.CleanupMods.Tests.ps1,"Peer Utilities TUI, headless JSON, preview receipts, and transaction journal",additive WinCare 4.6 capability; existing transaction and policy owners remain authoritative,MIT donor; list and allowlist semantics adapted to WinCare typed actions.,critical,n/a,high,statically-validated
D108-ALLOWLIST-REMOVE,D108-SURFACE-ACCOUNTABILITY,CG-W7-ALLOWLIST-REMOVE,D108,Application removal,Keep-list mode that removes nonmatching removable packages,"mechanism, preset, workflow, or negative evidence",selection mechanism,context-dependent,Remove-MS-Store-Apps.ps1,87f0b51f2441cdb0f4be6d9652b946c2f51f81afd7294069ccb937705661c8de,n/a,"target-native synthesis, adaptation, hardening, or guardrail derivation",many-to-many,hardened,"Keep-list mode that removes nonmatching removable packages was evaluated against WinCare typed actions, policy, preview, journaling, bounded paths, and recovery. Donor packaging and unbounded mutation paths were not imported.",AppX allowlist removal,src/WinCare/Providers/108-CleanupMods.ps1#New-WinCareAppxSelectionPlan,"Allowlist mode excludes frameworks, resources, and explicitly non-removable packages.",UI state or unvalidated text cannot authorize removal.,tests/Wave7.CleanupMods.Tests.ps1,"Peer Utilities TUI, headless JSON, preview receipts, and transaction journal",additive WinCare 4.6 capability; existing transaction and policy owners remain authoritative,MIT donor; list and allowlist semantics adapted to WinCare typed actions.,critical,n/a,high,statically-validated
D108-LIST-REMOVE,D108-SURFACE-ACCOUNTABILITY,CG-W7-LIST-REMOVE,D108,Application removal,Bounded list-based AppX selection,"mechanism, preset, workflow, or negative evidence",selection mechanism,context-dependent,Remove-MS-Store-Apps.ps1,87f0b51f2441cdb0f4be6d9652b946c2f51f81afd7294069ccb937705661c8de,n/a,"target-native synthesis, adaptation, hardening, or guardrail derivation",many-to-many,adapted,"Bounded list-based AppX selection was evaluated against WinCare typed actions, policy, preview, journaling, bounded paths, and recovery. Donor packaging and unbounded mutation paths were not imported.",AppX selection profiles,src/WinCare/Providers/108-CleanupMods.ps1#Get-WinCareAppxSelectionAssessment,Only bounded validated wildcard patterns select packages.,No regex or donor script evaluation occurs.,tests/Wave7.CleanupMods.Tests.ps1,"Peer Utilities TUI, headless JSON, preview receipts, and transaction journal",additive WinCare 4.6 capability; existing transaction and policy owners remain authoritative,MIT donor; list and allowlist semantics adapted to WinCare typed actions.,high,n/a,high,statically-validated
D108-OFFLINE-MOUNTED-IMAGE,D108-SURFACE-ACCOUNTABILITY,CG-W7-OFFLINE-MOUNTED-IMAGE,D108,Offline servicing,Offline provisioned-package selection,"mechanism, preset, workflow, or negative evidence",offline workflow,context-dependent,Remove-MS-Store-Apps.ps1,87f0b51f2441cdb0f4be6d9652b946c2f51f81afd7294069ccb937705661c8de,n/a,"target-native synthesis, adaptation, hardening, or guardrail derivation",many-to-many,recomposed,"Offline provisioned-package selection was evaluated against WinCare typed actions, policy, preview, journaling, bounded paths, and recovery. Donor packaging and unbounded mutation paths were not imported.",Mounted-image AppX selection,src/WinCare/Providers/108-CleanupMods.ps1#New-WinCareOfflineAppxSelectionPlan,WinCare operates only on an already mounted read-write image through existing offline policy.,"No implicit WIM mount, commit, or path guessing occurs.",tests/Wave7.CleanupMods.Tests.ps1,"Peer Utilities TUI, headless JSON, preview receipts, and transaction journal",additive WinCare 4.6 capability; existing transaction and policy owners remain authoritative,MIT donor; list and allowlist semantics adapted to WinCare typed actions.,critical,n/a,high,statically-validated
D108-SURFACE-ACCOUNTABILITY,n/a,CG-W7-D108-ACCOUNTABILITY,D108,Donor accountability,Complete file accountability for Remove-MS-Store-Apps,repository/archive surface,accountability evidence,standalone,README.md,aab987ba02fc2e81aa6e0690448447b1eff05b93756278c7fb448da11170e529,n/a,evidence inventory and disposition mapping,custom:one donor to complete surface accountability,reference-only,"Every supplied regular file was hashed, classified, and linked; material semantics receive narrower child records.",n/a,n/a,No donor surface is silently omitted.,File counts are not treated as semantic adoption.,n/a,n/a,n/a,MIT donor; list and allowlist semantics adapted to WinCare typed actions.,low,n/a,high,reviewed
D108-W10-PRESET,D108-SURFACE-ACCOUNTABILITY,CG-W7-W10-PRESET,D108,Application removal,Windows 10 curated package list,"mechanism, preset, workflow, or negative evidence",data preset,context-dependent,w10-21H2-apps-provisioned.txt,bf6d093d580af194c97a874d8a502aaade62e03210628b997119a70311b88831,n/a,"target-native synthesis, adaptation, hardening, or guardrail derivation",many-to-many,adapted,"Windows 10 curated package list was evaluated against WinCare typed actions, policy, preview, journaling, bounded paths, and recovery. Donor packaging and unbounded mutation paths were not imported.",Windows 10 AppX selection preset,src/WinCare/Providers/108-CleanupMods.ps1#Get-WinCareAppxSelectionProfile,The preset is represented as validated exact patterns.,The donor list is not executed as code.,tests/Wave7.CleanupMods.Tests.ps1,"Peer Utilities TUI, headless JSON, preview receipts, and transaction journal",additive WinCare 4.6 capability; existing transaction and policy owners remain authoritative,MIT donor; list and allowlist semantics adapted to WinCare typed actions.,medium,n/a,high,statically-validated
D108-W11-PRESET,D108-SURFACE-ACCOUNTABILITY,CG-W7-W11-PRESET,D108,Application removal,Windows 11 curated package list,"mechanism, preset, workflow, or negative evidence",data preset,context-dependent,w11-22H2-apps-provisioned.txt,4ef85a22c15bddebe5eee5320351ef6354ab061b8609d1e9a1f0beeb1a86f8b4,n/a,"target-native synthesis, adaptation, hardening, or guardrail derivation",many-to-many,adapted,"Windows 11 curated package list was evaluated against WinCare typed actions, policy, preview, journaling, bounded paths, and recovery. Donor packaging and unbounded mutation paths were not imported.",Windows 11 AppX selection preset,src/WinCare/Providers/108-CleanupMods.ps1#Get-WinCareAppxSelectionProfile,UTF-16 donor data was normalized into a validated target-native preset.,Encoding artifacts cannot become package patterns.,tests/Wave7.CleanupMods.Tests.ps1,"Peer Utilities TUI, headless JSON, preview receipts, and transaction journal",additive WinCare 4.6 capability; existing transaction and policy owners remain authoritative,MIT donor; list and allowlist semantics adapted to WinCare typed actions.,medium,n/a,high,statically-validated
D109-APPX-CAPABILITY-REDUCTION,D109-SURFACE-ACCOUNTABILITY,CG-W7-APPX-CAPABILITY-REDUCTION,D109,System reduction,"All-removable AppX, optional feature, and capability removal","mechanism, preset, workflow, or negative evidence",mutation set,context-dependent,windows_10/old/remove-apps.ps1,fccbc1e54311505cd93cf39d88500fef625edbfe03842f060bf25f8f2ab30023,n/a,"target-native synthesis, adaptation, hardening, or guardrail derivation",many-to-many,recomposed,"All-removable AppX, optional feature, and capability removal was evaluated against WinCare typed actions, policy, preview, journaling, bounded paths, and recovery. Donor packaging and unbounded mutation paths were not imported.",AppX and component reduction,src/WinCare/Providers/106-PeerUtilities.ps1#New-WinCareLegacyUnsafeProfilePlan;src/WinCare/Providers/108-CleanupMods.ps1#New-WinCareAppxSelectionPlan,Exact installed identities are resolved before typed mutations.,Wildcards do not reach servicing removal commands.,tests/Wave7.CleanupMods.Tests.ps1,"Peer Utilities TUI, headless JSON, preview receipts, and transaction journal",additive WinCare 4.6 capability; existing transaction and policy owners remain authoritative,"No license detected in supplied archive; only independently implemented ideas, data points, and guardrails are used.",critical,n/a,high,statically-validated
D109-COPILOT-REMOVAL,D109-SURFACE-ACCOUNTABILITY,CG-W7-COPILOT-REMOVAL,D109,Application removal,Copilot package removal pattern,"mechanism, preset, workflow, or negative evidence",package selection data,context-dependent,windows_10/remove-copilot.ps1,bdeb905eb3259f347a6971c8846f0db1a9ad69236597c76120f6eb6b87e3b3cf,n/a,"target-native synthesis, adaptation, hardening, or guardrail derivation",many-to-many,adapted,"Copilot package removal pattern was evaluated against WinCare typed actions, policy, preview, journaling, bounded paths, and recovery. Donor packaging and unbounded mutation paths were not imported.",Copilot AppX profile,src/WinCare/Providers/108-CleanupMods.ps1#Get-WinCareAppxSelectionProfile,Copilot removal uses resolved package identities.,No package name is passed from untrusted shell text.,tests/Wave7.CleanupMods.Tests.ps1,"Peer Utilities TUI, headless JSON, preview receipts, and transaction journal",additive WinCare 4.6 capability; existing transaction and policy owners remain authoritative,"No license detected in supplied archive; only independently implemented ideas, data points, and guardrails are used.",high,n/a,high,statically-validated
D109-FIREWALL-HOSTS,D109-SURFACE-ACCOUNTABILITY,CG-W7-FIREWALL-HOSTS,D109,Network policy,Telemetry host blocking references,"mechanism, preset, workflow, or negative evidence",network policy reference,context-dependent,windows_10/firewall/hosts-blocklist.ps1,b4df6a98a07d27f4643f57844879489ec2f97d2b10cbe51973f8b466759a1122,n/a,"target-native synthesis, adaptation, hardening, or guardrail derivation",many-to-many,hardened,"Telemetry host blocking references was evaluated against WinCare typed actions, policy, preview, journaling, bounded paths, and recovery. Donor packaging and unbounded mutation paths were not imported.",Managed hosts block,src/WinCare/Providers/106-PeerUtilities.ps1#New-WinCareLegacyUnsafeProfilePlan,Host entries are validated and confined to a managed WinCare block.,Arbitrary remote downloads or unmanaged hosts rewrites are not used.,tests/Wave7.CleanupMods.Tests.ps1,"Peer Utilities TUI, headless JSON, preview receipts, and transaction journal",additive WinCare 4.6 capability; existing transaction and policy owners remain authoritative,"No license detected in supplied archive; only independently implemented ideas, data points, and guardrails are used.",high,n/a,high,statically-validated
D109-NETWORK-TWEAK,D109-SURFACE-ACCOUNTABILITY,CG-W7-NETWORK-TWEAK,D109,Network tuning,Static per-adapter TcpAckFrequency and TCPNoDelay mutations,"mechanism, preset, workflow, or negative evidence",experimental reference,context-dependent,tweaks/net_tweaks.cmd,393104dc378203808722eb5ad967d179ae2a7b4e7399c1cedb110a041f5b3556,n/a,"target-native synthesis, adaptation, hardening, or guardrail derivation",many-to-many,reference-only,"Static per-adapter TcpAckFrequency and TCPNoDelay mutations was evaluated against WinCare typed actions, policy, preview, journaling, bounded paths, and recovery. Donor packaging and unbounded mutation paths were not imported.",n/a,n/a,Network tweaks remain reference-only pending measured experiment support.,No unmeasured global network mutation is added to a one-click profile.,n/a,n/a,n/a,"No license detected in supplied archive; only independently implemented ideas, data points, and guardrails are used.",high,n/a,high,reviewed
D109-OBSOLETE-KB-REMOVAL,D109-SURFACE-ACCOUNTABILITY,CG-W7-OBSOLETE-KB-REMOVAL,D109,Update safety,Static removal of historical telemetry KBs,"mechanism, preset, workflow, or negative evidence",negative lesson,context-dependent,tweaks/rem_spy_updates.cmd,05ce77eeaa1741afbc1a8334c7d9ceacdc89d9d872209874d9d4d09cf6291129,n/a,"target-native synthesis, adaptation, hardening, or guardrail derivation",many-to-many,rejected-with-reason,"Static removal of historical telemetry KBs was evaluated against WinCare typed actions, policy, preview, journaling, bounded paths, and recovery. Donor packaging and unbounded mutation paths were not imported.",n/a,n/a,Static KB removal is rejected as stale and build-unsafe.,No historical KB is uninstalled without live Windows Update identity and compatibility evidence.,tests/Wave7.CleanupMods.Tests.ps1,n/a,additive WinCare 4.6 capability; existing transaction and policy owners remain authoritative,"No license detected in supplied archive; only independently implemented ideas, data points, and guardrails are used.",critical,n/a,high,statically-validated
D109-OPTIONAL-FEATURES,D109-SURFACE-ACCOUNTABILITY,CG-W7-OPTIONAL-FEATURES,D109,System reduction,Legacy optional-feature disable list,"mechanism, preset, workflow, or negative evidence",configuration data,context-dependent,windows_10/old/disable-optional.ps1,a7c4422c9b0429b536fd6a5674bfc26c6abc28128bbe720e9774d3cdfef9ec1c,n/a,"target-native synthesis, adaptation, hardening, or guardrail derivation",many-to-many,adapted,"Legacy optional-feature disable list was evaluated against WinCare typed actions, policy, preview, journaling, bounded paths, and recovery. Donor packaging and unbounded mutation paths were not imported.",Optional feature reduction,src/WinCare/Providers/106-PeerUtilities.ps1#New-WinCareLegacyUnsafeProfilePlan,Only currently enabled exact features create reversible actions.,ResetBase and unsupported component deletion are not admitted.,tests/Wave7.CleanupMods.Tests.ps1,"Peer Utilities TUI, headless JSON, preview receipts, and transaction journal",additive WinCare 4.6 capability; existing transaction and policy owners remain authoritative,"No license detected in supplied archive; only independently implemented ideas, data points, and guardrails are used.",high,n/a,high,statically-validated
D109-SERVICES-TASKS,D109-SURFACE-ACCOUNTABILITY,CG-W7-SERVICES-TASKS,D109,Legacy unsafe,Telemetry and background service/task suppression lists,"mechanism, preset, workflow, or negative evidence",configuration data,context-dependent,windows_10/disable-services.ps1,be7cd7de74c041a1c4acebd7d37612332251193e2bc46c8d9e7812fc485302ae,n/a,"target-native synthesis, adaptation, hardening, or guardrail derivation",many-to-many,adapted,"Telemetry and background service/task suppression lists was evaluated against WinCare typed actions, policy, preview, journaling, bounded paths, and recovery. Donor packaging and unbounded mutation paths were not imported.",Service and task reduction,src/WinCare/Providers/106-PeerUtilities.ps1#Get-WinCareLegacyUnsafeProfile,Only discovered exact services and tasks produce actions with compensators.,Absent or renamed system items are not fabricated.,tests/Wave7.CleanupMods.Tests.ps1,"Peer Utilities TUI, headless JSON, preview receipts, and transaction journal",additive WinCare 4.6 capability; existing transaction and policy owners remain authoritative,"No license detected in supplied archive; only independently implemented ideas, data points, and guardrails are used.",high,n/a,high,statically-validated
D109-STARTUP-AUDIT,D109-SURFACE-ACCOUNTABILITY,CG-W7-STARTUP-AUDIT,D109,Startup inspection,Startup Registry audit,"mechanism, preset, workflow, or negative evidence",inspection reference,context-dependent,powershell/check-startup.ps1,676278b0c2ad5899995f73e473bbebc4397e074c8107fd360e3d352786c1dae9,n/a,"target-native synthesis, adaptation, hardening, or guardrail derivation",many-to-many,superseded,"Startup Registry audit was evaluated against WinCare typed actions, policy, preview, journaling, bounded paths, and recovery. Donor packaging and unbounded mutation paths were not imported.",Existing startup inventory,src/WinCare/Providers/40-Startup.ps1#Get-WinCareStartupItem,The existing WinCare startup provider remains authoritative.,A second startup inventory is not introduced.,tests/Wave7.CleanupMods.Tests.ps1,"Peer Utilities TUI, headless JSON, preview receipts, and transaction journal",additive WinCare 4.6 capability; existing transaction and policy owners remain authoritative,"No license detected in supplied archive; only independently implemented ideas, data points, and guardrails are used.",low,n/a,high,statically-validated
D109-SURFACE-ACCOUNTABILITY,n/a,CG-W7-D109-ACCOUNTABILITY,D109,Donor accountability,Complete file accountability for windows,repository/archive surface,accountability evidence,standalone,README.md,10b0c5afab2c24b43c67c5218596d79760c89861537a7f5d7bd2a90688eda7d4,n/a,evidence inventory and disposition mapping,custom:one donor to complete surface accountability,reference-only,"Every supplied regular file was hashed, classified, and linked; material semantics receive narrower child records.",n/a,n/a,No donor surface is silently omitted.,File counts are not treated as semantic adoption.,n/a,n/a,n/a,"No license detected in supplied archive; only independently implemented ideas, data points, and guardrails are used.",low,n/a,high,reviewed
D109-TELEMETRY-POLICY,D109-SURFACE-ACCOUNTABILITY,CG-W7-TELEMETRY-POLICY,D109,Privacy policy,"AllowTelemetry, DisableUAR, AITEnable, and CEIP policy values","mechanism, preset, workflow, or negative evidence",policy data,context-dependent,windows_10/disable-telemetry.ps1,1e9edbf3b6a6266a0f25f4ee777ba84064eea1de96656d73c1d8432c2bdd40a7,n/a,"target-native synthesis, adaptation, hardening, or guardrail derivation",many-to-many,adapted,"AllowTelemetry, DisableUAR, AITEnable, and CEIP policy values was evaluated against WinCare typed actions, policy, preview, journaling, bounded paths, and recovery. Donor packaging and unbounded mutation paths were not imported.",Diagnostic policy catalog,src/WinCare/Data/Catalog/rules.json#privacy.telemetry-security-level,"Each policy value is explicit, previewed, and reversible.",Edition-dependent behavior is not claimed as universally effective.,tests/Wave7.CleanupMods.Tests.ps1,"Peer Utilities TUI, headless JSON, preview receipts, and transaction journal",additive WinCare 4.6 capability; existing transaction and policy owners remain authoritative,"No license detected in supplied archive; only independently implemented ideas, data points, and guardrails are used.",high,n/a,high,statically-validated
D109-WINDOWS-REPO-NUCLEAR,D109-SURFACE-ACCOUNTABILITY,CG-W7-WINDOWS-REPO-NUCLEAR,D109,Legacy unsafe,Composite destructive Windows reduction workflow,"mechanism, preset, workflow, or negative evidence",workflow synthesis,context-dependent,windows_10/cleanup-windows.ps1,3ba02a74a2d4fbf1fa1075fe22990c46d5cdedc1494bb582257c0bf0765b30a1,n/a,"target-native synthesis, adaptation, hardening, or guardrail derivation",many-to-many,synthesized,"Composite destructive Windows reduction workflow was evaluated against WinCare typed actions, policy, preview, journaling, bounded paths, and recovery. Donor packaging and unbounded mutation paths were not imported.",Windows repository nuclear profile,src/WinCare/Providers/106-PeerUtilities.ps1#New-WinCareLegacyUnsafeProfilePlan,One authoritative typed plan composes selected donor mutations.,Raw scripts and alternate mutation paths are not executed.,tests/Wave7.CleanupMods.Tests.ps1,"Peer Utilities TUI, headless JSON, preview receipts, and transaction journal",additive WinCare 4.6 capability; existing transaction and policy owners remain authoritative,"No license detected in supplied archive; only independently implemented ideas, data points, and guardrails are used.",critical,n/a,high,statically-validated
D110-MSI-READONLY,D110-SURFACE-ACCOUNTABILITY,CG-W8-MSI-READONLY,D110,Package inspection,Read-only MSI property inspection,"mechanism, preset, workflow, data, or negative evidence",inspection mechanism,context-dependent,src/Commands/Installer/GetMsiPropertiesCommand.cs,27455e086f3314d71fb8b2730f88d1c4005d7c62205b8a3b2e0d26087cab00fc,n/a,"target-native adaptation, hardening, recomposition, supersession, or guardrail derivation",many-to-many,hardened,"Read-only MSI property inspection was compared against WinCare authority, policy, preview, journal, bounded-resource, and recovery models. Donor packaging was not imported.",MSI metadata inspection,src/WinCare/Providers/105-SystemToolkit.ps1#Get-WinCareMsiMetadata,MSI databases are opened read-only with bounded output.,"Inspection cannot install, repair, or transform packages.",tests/Wave8.SystemToolkit.Tests.ps1,"System toolkit and Peer Utilities TUI, headless JSON, preview receipts, and transaction journal",additive WinCare 4.7 capability; existing authority and persistence owners remain authoritative,Donor license files were preserved as evidence; no donor source is bundled and behavior is independently implemented.,medium,n/a,high,statically-validated
D110-SURFACE-ACCOUNTABILITY,n/a,CG-W8-D110-ACCOUNTABILITY,D110,Donor accountability,Complete file accountability for WindowsUtils,repository/archive surface,accountability evidence,standalone,README.md,015c14eda3aba941383a4e64e82b5e145ecdf9a2502026f48a34b7692f1a7c37,n/a,evidence inventory and disposition mapping,custom:one donor to complete surface accountability,reference-only,"Every supplied regular file was hashed, classified, and linked; material semantics receive narrower child records.",n/a,n/a,No donor surface is silently omitted.,File counts are not treated as semantic adoption.,n/a,n/a,n/a,Donor license files were preserved as evidence; no donor source is bundled and behavior is independently implemented.,low,n/a,high,reviewed
D110-WIN32-ERROR-LOOKUP,D110-SURFACE-ACCOUNTABILITY,CG-W8-WIN32-ERROR-LOOKUP,D110,Diagnostics,Win32 error-code resolution,"mechanism, preset, workflow, data, or negative evidence",defensive primitive,context-dependent,src/Commands/Utilities/GetErrorStringCommand.cs,5ffb9e56453702f6892ccead722bee8ab6004bb8b838bee314722f28051d4ac2,n/a,"target-native adaptation, hardening, recomposition, supersession, or guardrail derivation",many-to-many,adapted,"Win32 error-code resolution was compared against WinCare authority, policy, preview, journal, bounded-resource, and recovery models. Donor packaging was not imported.",Windows diagnostic toolkit,src/WinCare/Providers/105-SystemToolkit.ps1#Get-WinCareWin32ErrorMessage,Numeric error codes resolve without executing donor binaries.,No donor assembly receives authority.,tests/Wave8.SystemToolkit.Tests.ps1,"System toolkit and Peer Utilities TUI, headless JSON, preview receipts, and transaction journal",additive WinCare 4.7 capability; existing authority and persistence owners remain authoritative,Donor license files were preserved as evidence; no donor source is bundled and behavior is independently implemented.,low,n/a,high,statically-validated
D111-DIAGNOSTIC-DASHBOARD,D111-SURFACE-ACCOUNTABILITY,CG-W8-DIAGNOSTIC-DASHBOARD,D111,Diagnostics,Maintenance-oriented device and health snapshot,"mechanism, preset, workflow, data, or negative evidence",operator workflow,context-dependent,WMT-GUI.ps1,39e8c06cee2902eb7d24a75451d5486edc33724f29e1306778f24386fee7ac07,n/a,"target-native adaptation, hardening, recomposition, supersession, or guardrail derivation",many-to-many,recomposed,"Maintenance-oriented device and health snapshot was compared against WinCare authority, policy, preview, journal, bounded-resource, and recovery models. Donor packaging was not imported.",Windows diagnostic toolkit,src/WinCare/Providers/105-SystemToolkit.ps1#Get-WinCareSystemToolkitDiagnostic,Diagnostics remain read-only and bounded.,The dashboard cannot mutate state while collecting evidence.,tests/Wave8.SystemToolkit.Tests.ps1,"System toolkit and Peer Utilities TUI, headless JSON, preview receipts, and transaction journal",additive WinCare 4.7 capability; existing authority and persistence owners remain authoritative,Donor license files were preserved as evidence; no donor source is bundled and behavior is independently implemented.,medium,n/a,high,statically-validated
D111-MAINTENANCE-WORKFLOW,D111-SURFACE-ACCOUNTABILITY,CG-W8-MAINTENANCE-WORKFLOW,D111,Maintenance,Health and cleanup maintenance workflow,"mechanism, preset, workflow, data, or negative evidence",workflow,context-dependent,WMT-GUI.ps1,39e8c06cee2902eb7d24a75451d5486edc33724f29e1306778f24386fee7ac07,n/a,"target-native adaptation, hardening, recomposition, supersession, or guardrail derivation",many-to-many,adapted,"Health and cleanup maintenance workflow was compared against WinCare authority, policy, preview, journal, bounded-resource, and recovery models. Donor packaging was not imported.",Maintenance templates,src/WinCare/Providers/105-SystemToolkit.ps1#Get-WinCareMaintenanceTemplate,Maintenance work is represented by revisioned lifecycle records.,A GUI button does not bypass plan authorization.,tests/Wave8.SystemToolkit.Tests.ps1,"System toolkit and Peer Utilities TUI, headless JSON, preview receipts, and transaction journal",additive WinCare 4.7 capability; existing authority and persistence owners remain authoritative,Donor license files were preserved as evidence; no donor source is bundled and behavior is independently implemented.,medium,n/a,high,statically-validated
D111-SURFACE-ACCOUNTABILITY,n/a,CG-W8-D111-ACCOUNTABILITY,D111,Donor accountability,Complete file accountability for Windows Maintenance Tool,repository/archive surface,accountability evidence,standalone,README.md,48ef10b1a0a500c42021311336d40b0bfba33a721a62063b865a822f75057837,n/a,evidence inventory and disposition mapping,custom:one donor to complete surface accountability,reference-only,"Every supplied regular file was hashed, classified, and linked; material semantics receive narrower child records.",n/a,n/a,No donor surface is silently omitted.,File counts are not treated as semantic adoption.,n/a,n/a,n/a,Donor license files were preserved as evidence; no donor source is bundled and behavior is independently implemented.,low,n/a,high,reviewed
D111-V5-HEALTH-DASHBOARD,D111-DIAGNOSTIC-DASHBOARD,CG-V5-HEALTH-DASHBOARD,D111,Diagnostics,Dense system-health overview with recommended next actions,operator workflow and product surface,desktop GUI workflow,context-dependent,WMT-GUI.ps1,39e8c06cee2902eb7d24a75451d5486edc33724f29e1306778f24386fee7ac07,n/a,target-native adaptation and recomposition,many-to-many,recomposed,The donor maintenance dashboard exposed the value of one-glance health context; V5 recomposes that outcome over WinCare read-only providers and policy state rather than importing donor GUI code.,Graphical health dashboard,src/WinCare/UI/Gui/10-GuiRuntime.ps1#Update-WinCareGuiDashboard;src/WinCare/Data/Gui/WinCare.MainWindow.xaml#DashboardPanel,"Dashboard collection is read-only, bounded, and cannot authorize mutations.","Health cards never execute cleanup, repair, or security changes.",tests/V5.Gui.Tests.ps1#loads a secure componentized WPF shell with required named surfaces,WinCare V5 Overview dashboard,"additive WinCare 5.0 GUI; existing terminal, headless, policy, transaction, and recovery owners remain authoritative",Donor license files were preserved as evidence; no donor source is bundled and behavior is independently implemented.,medium,n/a,high,statically-validated
D112-HARDENING-SCRIPT,D112-SURFACE-ACCOUNTABILITY,CG-W8-HARDENING-SCRIPT,D112,Security hardening,Registry and audit-policy hardening intent,"mechanism, preset, workflow, data, or negative evidence",policy mechanism,context-dependent,Harden_PS.ps1,a71cd5c3992cd4c40b149df03130fdedc35c38ca0cf3ce8237d9b63b13c5a0f1,n/a,"target-native adaptation, hardening, recomposition, supersession, or guardrail derivation",many-to-many,hardened,"Registry and audit-policy hardening intent was compared against WinCare authority, policy, preview, journal, bounded-resource, and recovery models. Donor packaging was not imported.",Hardening profiles,src/WinCare/Providers/105-SystemToolkit.ps1#New-WinCareHardeningProfilePlan,Each supported hardening value becomes a typed reversible action.,Raw scripts and blanket command execution are not imported.,tests/Wave8.SystemToolkit.Tests.ps1,"System toolkit and Peer Utilities TUI, headless JSON, preview receipts, and transaction journal",additive WinCare 4.7 capability; existing authority and persistence owners remain authoritative,"No license detected in the supplied surface; only independently implemented concepts, facts, and guardrails are used.",critical,n/a,high,statically-validated
D112-SURFACE-ACCOUNTABILITY,n/a,CG-W8-D112-ACCOUNTABILITY,D112,Donor accountability,Complete file accountability for WindowsHardeningScript,repository/archive surface,accountability evidence,standalone,README.md,c5b1c026f015a9546e7a99b600618bfb93f38d29731137c3d31bf4373a656cc4,n/a,evidence inventory and disposition mapping,custom:one donor to complete surface accountability,reference-only,"Every supplied regular file was hashed, classified, and linked; material semantics receive narrower child records.",n/a,n/a,No donor surface is silently omitted.,File counts are not treated as semantic adoption.,n/a,n/a,n/a,"No license detected in the supplied surface; only independently implemented concepts, facts, and guardrails are used.",low,n/a,high,reviewed
D113-MAINTENANCE-LIFECYCLE,D113-SURFACE-ACCOUNTABILITY,CG-W8-MAINTENANCE-LIFECYCLE,D113,Maintenance,Scheduled maintenance lifecycle and notice semantics,"mechanism, preset, workflow, data, or negative evidence",state-machine pattern,context-dependent,src/ScheduledMaintenance.php,b1bb679145169e9467cf0f8e8156dc98839403ecc5663c412abc5735fa21727d,n/a,"target-native adaptation, hardening, recomposition, supersession, or guardrail derivation",many-to-many,recomposed,"Scheduled maintenance lifecycle and notice semantics was compared against WinCare authority, policy, preview, journal, bounded-resource, and recovery models. Donor packaging was not imported.",Maintenance templates,src/WinCare/Providers/105-SystemToolkit.ps1#New-WinCareMaintenanceTemplatePlan,Templates create records in the existing closed WinCare maintenance state machine.,A second maintenance source of truth is not introduced.,tests/Wave8.SystemToolkit.Tests.ps1,"System toolkit and Peer Utilities TUI, headless JSON, preview receipts, and transaction journal",additive WinCare 4.7 capability; existing authority and persistence owners remain authoritative,Donor license files were preserved as evidence; no donor source is bundled and behavior is independently implemented.,medium,n/a,high,statically-validated
D113-SURFACE-ACCOUNTABILITY,n/a,CG-W8-D113-ACCOUNTABILITY,D113,Donor accountability,Complete file accountability for Laravel Scheduled Maintenance,repository/archive surface,accountability evidence,standalone,README.md,c72beabdd2ffccc269889750cd0892f1f619697898b581888cc0a757a3db32bd,n/a,evidence inventory and disposition mapping,custom:one donor to complete surface accountability,reference-only,"Every supplied regular file was hashed, classified, and linked; material semantics receive narrower child records.",n/a,n/a,No donor surface is silently omitted.,File counts are not treated as semantic adoption.,n/a,n/a,n/a,Donor license files were preserved as evidence; no donor source is bundled and behavior is independently implemented.,low,n/a,high,reviewed
D114-OPTIMIZER-PRESETS,D114-SURFACE-ACCOUNTABILITY,CG-W8-OPTIMIZER-PRESETS,D114,Optimization,Optimization and restore preset composition,"mechanism, preset, workflow, data, or negative evidence",product workflow,context-dependent,optimizerDuck/Services/Optimization/OptimizationService.cs,98750008acba5b0c1833f94e8e7473f1596dd25f5445d3084685f03ee7a1f535,n/a,"target-native adaptation, hardening, recomposition, supersession, or guardrail derivation",many-to-many,recomposed,"Optimization and restore preset composition was compared against WinCare authority, policy, preview, journal, bounded-resource, and recovery models. Donor packaging was not imported.",Legacy unsafe profiles,src/WinCare/Providers/106-PeerUtilities.ps1#Get-WinCareLegacyUnsafeProfile,Aggressive presets compose existing typed actions and compensators.,Donor executables and opaque step runners are not imported.,tests/Wave8.SystemToolkit.Tests.ps1,"System toolkit and Peer Utilities TUI, headless JSON, preview receipts, and transaction journal",additive WinCare 4.7 capability; existing authority and persistence owners remain authoritative,Donor license files were preserved as evidence; no donor source is bundled and behavior is independently implemented.,critical,n/a,high,statically-validated
D114-SURFACE-ACCOUNTABILITY,n/a,CG-W8-D114-ACCOUNTABILITY,D114,Donor accountability,Complete file accountability for optimizerDuck,repository/archive surface,accountability evidence,standalone,README.md,335121a1ee71349dc9d5373d48acc3cc3eab5baac36bf7c23b4304f868ebec90,n/a,evidence inventory and disposition mapping,custom:one donor to complete surface accountability,reference-only,"Every supplied regular file was hashed, classified, and linked; material semantics receive narrower child records.",n/a,n/a,No donor surface is silently omitted.,File counts are not treated as semantic adoption.,n/a,n/a,n/a,Donor license files were preserved as evidence; no donor source is bundled and behavior is independently implemented.,low,n/a,high,reviewed
D115-HARDENING-CATALOG,D115-SURFACE-ACCOUNTABILITY,CG-W8-HARDENING-CATALOG,D115,Security hardening,Machine-readable hardening finding catalogs,"mechanism, preset, workflow, data, or negative evidence",policy catalog,context-dependent,HardeningKitty.psm1,fd47c8edb13b7b9fe3206e5302637e71eef57fcca2b1e12d5de749504fd862d1,n/a,"target-native adaptation, hardening, recomposition, supersession, or guardrail derivation",many-to-many,extracted,"Machine-readable hardening finding catalogs was compared against WinCare authority, policy, preview, journal, bounded-resource, and recovery models. Donor packaging was not imported.",Hardening profiles,src/WinCare/Providers/105-SystemToolkit.ps1#Get-WinCareHardeningProfile,"Selected controls are explicit, versioned, and independently implemented.",Benchmark breadth is not misrepresented as complete implementation.,tests/Wave8.SystemToolkit.Tests.ps1,"System toolkit and Peer Utilities TUI, headless JSON, preview receipts, and transaction journal",additive WinCare 4.7 capability; existing authority and persistence owners remain authoritative,Donor license files were preserved as evidence; no donor source is bundled and behavior is independently implemented.,critical,n/a,high,statically-validated
D115-SURFACE-ACCOUNTABILITY,n/a,CG-W8-D115-ACCOUNTABILITY,D115,Donor accountability,Complete file accountability for HardeningKitty,repository/archive surface,accountability evidence,standalone,README.md,37a3eae05ca733f1eb6a08815c22fbd5eb192155f7088f7b7c70c33dec8ca1a6,n/a,evidence inventory and disposition mapping,custom:one donor to complete surface accountability,reference-only,"Every supplied regular file was hashed, classified, and linked; material semantics receive narrower child records.",n/a,n/a,No donor surface is silently omitted.,File counts are not treated as semantic adoption.,n/a,n/a,n/a,Donor license files were preserved as evidence; no donor source is bundled and behavior is independently implemented.,low,n/a,high,reviewed
D116-POWER-STATE,D116-SURFACE-ACCOUNTABILITY,CG-W8-POWER-STATE,D116,Power management,Power and battery status affordances,"mechanism, preset, workflow, data, or negative evidence",operator affordance,context-dependent,core.py,dfdb016092fc0f4a8a0e2daeed77f0c7944a6978aaf78ec205ad572a6f3d3083,n/a,"target-native adaptation, hardening, recomposition, supersession, or guardrail derivation",many-to-many,superseded,"Power and battery status affordances was compared against WinCare authority, policy, preview, journal, bounded-resource, and recovery models. Donor packaging was not imported.",Windows diagnostic toolkit,src/WinCare/Providers/105-SystemToolkit.ps1#Get-WinCareSystemToolkitDiagnostic,Existing WinCare power ownership remains authoritative.,No Python tray runtime is introduced.,tests/Wave8.SystemToolkit.Tests.ps1,"System toolkit and Peer Utilities TUI, headless JSON, preview receipts, and transaction journal",additive WinCare 4.7 capability; existing authority and persistence owners remain authoritative,Donor license files were preserved as evidence; no donor source is bundled and behavior is independently implemented.,low,n/a,high,statically-validated
D116-SURFACE-ACCOUNTABILITY,n/a,CG-W8-D116-ACCOUNTABILITY,D116,Donor accountability,Complete file accountability for winpower,repository/archive surface,accountability evidence,standalone,README.md,7f8a3cef57f4ab70cf3d94a27beac8cdbb314487ad56bf260d3abb56c1e05d88,n/a,evidence inventory and disposition mapping,custom:one donor to complete surface accountability,reference-only,"Every supplied regular file was hashed, classified, and linked; material semantics receive narrower child records.",n/a,n/a,No donor surface is silently omitted.,File counts are not treated as semantic adoption.,n/a,n/a,n/a,Donor license files were preserved as evidence; no donor source is bundled and behavior is independently implemented.,low,n/a,high,reviewed
D117-APPX-RECIPES,D117-SURFACE-ACCOUNTABILITY,CG-W8-APPX-RECIPES,D117,App management,Store application remove and restore recipes,"mechanism, preset, workflow, data, or negative evidence",workflow reference,context-dependent,Personalization(1).txt,5f05b25e12a2787390b5363774bc654c3e0c93c622dbe97d3ddf5a7a72eda9d2,n/a,"target-native adaptation, hardening, recomposition, supersession, or guardrail derivation",many-to-many,superseded,"Store application remove and restore recipes was compared against WinCare authority, policy, preview, journal, bounded-resource, and recovery models. Donor packaging was not imported.",Existing AppX selection engine,src/WinCare/Providers/108-CleanupMods.ps1#New-WinCareAppxSelectionPlan,Exact installed identities are resolved before mutation.,Unbounded package pipelines are not imported.,tests/Wave8.SystemToolkit.Tests.ps1,"System toolkit and Peer Utilities TUI, headless JSON, preview receipts, and transaction journal",additive WinCare 4.7 capability; existing authority and persistence owners remain authoritative,"No license detected in the supplied surface; only independently implemented concepts, facts, and guardrails are used.",critical,n/a,high,statically-validated
D117-DEFENDER-UPDATE-REDUCTION,D117-SURFACE-ACCOUNTABILITY,CG-W8-DEFENDER-UPDATE-REDUCTION,D117,Legacy unsafe,Persistent Defender and Windows Update reduction recipes,"mechanism, preset, workflow, data, or negative evidence",unsafe mutation reference,context-dependent,Personalization(1).txt,5f05b25e12a2787390b5363774bc654c3e0c93c622dbe97d3ddf5a7a72eda9d2,n/a,"target-native adaptation, hardening, recomposition, supersession, or guardrail derivation",many-to-many,recomposed,"Persistent Defender and Windows Update reduction recipes was compared against WinCare authority, policy, preview, journal, bounded-resource, and recovery models. Donor packaging was not imported.",Legacy unsafe profiles,src/WinCare/Providers/106-PeerUtilities.ps1#Get-WinCareLegacyUnsafeProfile,Permanent reductions require exact Critical acknowledgement.,Security reductions cannot run through normal catalog actions.,tests/Wave8.SystemToolkit.Tests.ps1,"System toolkit and Peer Utilities TUI, headless JSON, preview receipts, and transaction journal",additive WinCare 4.7 capability; existing authority and persistence owners remain authoritative,"No license detected in the supplied surface; only independently implemented concepts, facts, and guardrails are used.",critical,n/a,high,statically-validated
D117-PERSONALIZATION-POLICIES,D117-SURFACE-ACCOUNTABILITY,CG-W8-PERSONALIZATION-POLICIES,D117,Personalization,"Dark theme, Spotlight, taskbar, and Settings policy recipes","mechanism, preset, workflow, data, or negative evidence",configuration reference,context-dependent,Personalization(1).txt,5f05b25e12a2787390b5363774bc654c3e0c93c622dbe97d3ddf5a7a72eda9d2,n/a,"target-native adaptation, hardening, recomposition, supersession, or guardrail derivation",many-to-many,adapted,"Dark theme, Spotlight, taskbar, and Settings policy recipes was compared against WinCare authority, policy, preview, journal, bounded-resource, and recovery models. Donor packaging was not imported.",Catalog rules,src/WinCare/Data/Catalog/rules.json#appearance.dark-mode;src/WinCare/Data/Catalog/rules.json#appearance.disable-spotlight,Every adopted registry value is previewed and reversible.,Copy-pasted shell commands are not executed.,tests/Wave8.SystemToolkit.Tests.ps1,"System toolkit and Peer Utilities TUI, headless JSON, preview receipts, and transaction journal",additive WinCare 4.7 capability; existing authority and persistence owners remain authoritative,"No license detected in the supplied surface; only independently implemented concepts, facts, and guardrails are used.",high,n/a,high,statically-validated
D117-SURFACE-ACCOUNTABILITY,n/a,CG-W8-D117-ACCOUNTABILITY,D117,Donor accountability,Complete file accountability for Personalization reference,repository/archive surface,accountability evidence,standalone,Personalization(1).txt,5f05b25e12a2787390b5363774bc654c3e0c93c622dbe97d3ddf5a7a72eda9d2,n/a,evidence inventory and disposition mapping,custom:one donor to complete surface accountability,reference-only,"Every supplied regular file was hashed, classified, and linked; material semantics receive narrower child records.",n/a,n/a,No donor surface is silently omitted.,File counts are not treated as semantic adoption.,n/a,n/a,n/a,"No license detected in the supplied surface; only independently implemented concepts, facts, and guardrails are used.",low,n/a,high,reviewed
D118-BACKUP-LIFECYCLE,D118-SURFACE-ACCOUNTABILITY,CG-W8-BACKUP-LIFECYCLE,D118,Backup,"Backup, retention, check, and scheduled execution workflow","mechanism, preset, workflow, data, or negative evidence",operational workflow,context-dependent,backup.ps1,b905e87f89cff5778e3eb39618172a607b95ecb85f6eefd50f362400ce7418f4,n/a,"target-native adaptation, hardening, recomposition, supersession, or guardrail derivation",many-to-many,adapted,"Backup, retention, check, and scheduled execution workflow was compared against WinCare authority, policy, preview, journal, bounded-resource, and recovery models. Donor packaging was not imported.",Maintenance templates,src/WinCare/Providers/105-SystemToolkit.ps1#Get-WinCareMaintenanceTemplate,Backup verification is represented as a scheduled maintenance window.,WinCare does not claim to implement Duplicacy itself.,tests/Wave8.SystemToolkit.Tests.ps1,"System toolkit and Peer Utilities TUI, headless JSON, preview receipts, and transaction journal",additive WinCare 4.7 capability; existing authority and persistence owners remain authoritative,"No license detected in the supplied surface; only independently implemented concepts, facts, and guardrails are used.",medium,n/a,high,statically-validated
D118-SURFACE-ACCOUNTABILITY,n/a,CG-W8-D118-ACCOUNTABILITY,D118,Donor accountability,Complete file accountability for duplicacy-utils,repository/archive surface,accountability evidence,standalone,.gitignore,ad0452dc743c6fe9cbf2177bb2e9dcd46be3f7aea085ec8fb0270a848abf8208,n/a,evidence inventory and disposition mapping,custom:one donor to complete surface accountability,reference-only,"Every supplied regular file was hashed, classified, and linked; material semantics receive narrower child records.",n/a,n/a,No donor surface is silently omitted.,File counts are not treated as semantic adoption.,n/a,n/a,n/a,"No license detected in the supplied surface; only independently implemented concepts, facts, and guardrails are used.",low,n/a,high,reviewed
D119-SURFACE-ACCOUNTABILITY,n/a,CG-W8-D119-ACCOUNTABILITY,D119,Donor accountability,Complete file accountability for AppWindowUtility,repository/archive surface,accountability evidence,standalone,README.md,e545d9117766acbf04a0cd36774166d4a8e5c2ad9d64f3594875ef34514db297,n/a,evidence inventory and disposition mapping,custom:one donor to complete surface accountability,reference-only,"Every supplied regular file was hashed, classified, and linked; material semantics receive narrower child records.",n/a,n/a,No donor surface is silently omitted.,File counts are not treated as semantic adoption.,n/a,n/a,n/a,Donor license files were preserved as evidence; no donor source is bundled and behavior is independently implemented.,low,n/a,high,reviewed
D119-WINDOW-BEHAVIOR,D119-SURFACE-ACCOUNTABILITY,CG-W8-WINDOW-BEHAVIOR,D119,Window management,"Borderless, topmost, position, and activation behaviors","mechanism, preset, workflow, data, or negative evidence",window primitive,context-dependent,Runtime/AppWindowUtility.cs,78b9ee81dce238c845f6106a2fab3adeb2ccd784b3175366dd14b09292d6a617,n/a,"target-native adaptation, hardening, recomposition, supersession, or guardrail derivation",many-to-many,superseded,"Borderless, topmost, position, and activation behaviors was compared against WinCare authority, policy, preview, journal, bounded-resource, and recovery models. Donor packaging was not imported.",Existing window workspace,src/WinCare/Providers/95-WindowWorkspace.ps1#New-WinCareWindowTopmostPlan,Existing WinCare window plans remain the sole mutation owner.,Unity-specific runtime code is not imported.,tests/Wave8.SystemToolkit.Tests.ps1,"System toolkit and Peer Utilities TUI, headless JSON, preview receipts, and transaction journal",additive WinCare 4.7 capability; existing authority and persistence owners remain authoritative,Donor license files were preserved as evidence; no donor source is bundled and behavior is independently implemented.,medium,n/a,high,statically-validated
D120-SURFACE-ACCOUNTABILITY,n/a,CG-W8-D120-ACCOUNTABILITY,D120,Donor accountability,Complete file accountability for Windows Super God Mode,repository/archive surface,accountability evidence,standalone,README.md,02e2c6f97a692fd0145918f0dfe947eb9d776e718eb05980b73bbf6ed57b727f,n/a,evidence inventory and disposition mapping,custom:one donor to complete surface accountability,reference-only,"Every supplied regular file was hashed, classified, and linked; material semantics receive narrower child records.",n/a,n/a,No donor surface is silently omitted.,File counts are not treated as semantic adoption.,n/a,n/a,n/a,Donor license files were preserved as evidence; no donor source is bundled and behavior is independently implemented.,low,n/a,high,reviewed
D120-SYSTEM-SHORTCUT-CATALOG,D120-SURFACE-ACCOUNTABILITY,CG-W8-SYSTEM-SHORTCUT-CATALOG,D120,System navigation,"ms-settings, shell, CLSID, and AppX protocol discovery","mechanism, preset, workflow, data, or negative evidence",catalog workflow,context-dependent,Super_God_Mode.ps1,cb19951730bb78f9db493e6548c2de069c2f542d4682ad4bc6b866339afda189,n/a,"target-native adaptation, hardening, recomposition, supersession, or guardrail derivation",many-to-many,hardened,"ms-settings, shell, CLSID, and AppX protocol discovery was compared against WinCare authority, policy, preview, journal, bounded-resource, and recovery models. Donor packaging was not imported.",System shortcut catalog,src/WinCare/Providers/105-SystemToolkit.ps1#Get-WinCareSystemShortcutCatalog,Enumeration is bounded and export remains under WinCare state.,"Discovered targets are data, not automatically executed commands.",tests/Wave8.SystemToolkit.Tests.ps1,"System toolkit and Peer Utilities TUI, headless JSON, preview receipts, and transaction journal",additive WinCare 4.7 capability; existing authority and persistence owners remain authoritative,Donor license files were preserved as evidence; no donor source is bundled and behavior is independently implemented.,medium,n/a,high,statically-validated
D121-SURFACE-ACCOUNTABILITY,n/a,CG-W8-D121-ACCOUNTABILITY,D121,Donor accountability,Complete file accountability for Windows Update Utility,repository/archive surface,accountability evidence,standalone,README.md,7120abf8ad155df55add7b525f9851892130212bffa5adb5042ae04d080d8c7c,n/a,evidence inventory and disposition mapping,custom:one donor to complete surface accountability,reference-only,"Every supplied regular file was hashed, classified, and linked; material semantics receive narrower child records.",n/a,n/a,No donor surface is silently omitted.,File counts are not treated as semantic adoption.,n/a,n/a,n/a,"No license detected in the supplied surface; only independently implemented concepts, facts, and guardrails are used.",low,n/a,high,reviewed
D121-WUA-WORKFLOW,D121-SURFACE-ACCOUNTABILITY,CG-W8-WUA-WORKFLOW,D121,Windows Update,"Search, download, and install update workflow","mechanism, preset, workflow, data, or negative evidence",workflow,context-dependent,WUU.ps1,772a7572c4f30e2170c699aa042278c1d6cea43106c7b5b0148c74d3527e1cfd,n/a,"target-native adaptation, hardening, recomposition, supersession, or guardrail derivation",many-to-many,superseded,"Search, download, and install update workflow was compared against WinCare authority, policy, preview, journal, bounded-resource, and recovery models. Donor packaging was not imported.",Existing WUA provider,src/WinCare/Providers/65-WindowsUpdateAgent.ps1#Get-WinCareWuaUpdate,The existing COM-backed typed WUA provider remains authoritative.,A second update installer is not introduced.,tests/Wave8.SystemToolkit.Tests.ps1,"System toolkit and Peer Utilities TUI, headless JSON, preview receipts, and transaction journal",additive WinCare 4.7 capability; existing authority and persistence owners remain authoritative,"No license detected in the supplied surface; only independently implemented concepts, facts, and guardrails are used.",high,n/a,high,statically-validated
D122-MAINTENANCE-DIAGNOSTICS,D122-SURFACE-ACCOUNTABILITY,CG-W8-MAINTENANCE-DIAGNOSTICS,D122,Maintenance,Menu-driven maintenance diagnostics,"mechanism, preset, workflow, data, or negative evidence",operator workflow,context-dependent,DracUtility79.bat,7642c00d534beb2e6425d906470a25bf43504d52808af148bc1406aea540c29b,n/a,"target-native adaptation, hardening, recomposition, supersession, or guardrail derivation",many-to-many,adapted,"Menu-driven maintenance diagnostics was compared against WinCare authority, policy, preview, journal, bounded-resource, and recovery models. Donor packaging was not imported.",Windows diagnostic toolkit,src/WinCare/Providers/105-SystemToolkit.ps1#Get-WinCareSystemToolkitDiagnostic,Useful diagnostics are exposed without shell-string execution.,Batch-menu mutation paths are not imported.,tests/Wave8.SystemToolkit.Tests.ps1,"System toolkit and Peer Utilities TUI, headless JSON, preview receipts, and transaction journal",additive WinCare 4.7 capability; existing authority and persistence owners remain authoritative,"No license detected in the supplied surface; only independently implemented concepts, facts, and guardrails are used.",medium,n/a,high,statically-validated
D122-SURFACE-ACCOUNTABILITY,n/a,CG-W8-D122-ACCOUNTABILITY,D122,Donor accountability,Complete file accountability for Drac Maintenance Tool,repository/archive surface,accountability evidence,standalone,README.md,e61a6df2da67ea028b9ed21bcada36cf5c06709d2dc000b57761913606abab97,n/a,evidence inventory and disposition mapping,custom:one donor to complete surface accountability,reference-only,"Every supplied regular file was hashed, classified, and linked; material semantics receive narrower child records.",n/a,n/a,No donor surface is silently omitted.,File counts are not treated as semantic adoption.,n/a,n/a,n/a,"No license detected in the supplied surface; only independently implemented concepts, facts, and guardrails are used.",low,n/a,high,reviewed
D123-SURFACE-ACCOUNTABILITY,n/a,CG-W8-D123-ACCOUNTABILITY,D123,Donor accountability,Complete file accountability for winapi-util,repository/archive surface,accountability evidence,standalone,README.md,a7f54a0abf91365baa51097afe72f4ed0156ef2152cf22800c280af24357dd9a,n/a,evidence inventory and disposition mapping,custom:one donor to complete surface accountability,reference-only,"Every supplied regular file was hashed, classified, and linked; material semantics receive narrower child records.",n/a,n/a,No donor surface is silently omitted.,File counts are not treated as semantic adoption.,n/a,n/a,n/a,Donor license files were preserved as evidence; no donor source is bundled and behavior is independently implemented.,low,n/a,high,reviewed
D123-WINAPI-ERRORS,D123-SURFACE-ACCOUNTABILITY,CG-W8-WINAPI-ERRORS,D123,Native utilities,Windows API error and console primitives,"mechanism, preset, workflow, data, or negative evidence",native primitive,context-dependent,src/win.rs,7ac48f929bc41f17d2de5c68666640060ca56a2ab1db45bf1267d7059eb4207b,n/a,"target-native adaptation, hardening, recomposition, supersession, or guardrail derivation",many-to-many,adapted,"Windows API error and console primitives was compared against WinCare authority, policy, preview, journal, bounded-resource, and recovery models. Donor packaging was not imported.",Windows diagnostic toolkit,src/WinCare/Providers/105-SystemToolkit.ps1#Get-WinCareWin32ErrorMessage,Only platform-native safe lookup semantics are retained.,A Rust boundary is not added without a target need.,tests/Wave8.SystemToolkit.Tests.ps1,"System toolkit and Peer Utilities TUI, headless JSON, preview receipts, and transaction journal",additive WinCare 4.7 capability; existing authority and persistence owners remain authoritative,Donor license files were preserved as evidence; no donor source is bundled and behavior is independently implemented.,low,n/a,high,statically-validated
D124-ELEVATION-BROKER,D124-SURFACE-ACCOUNTABILITY,CG-W8-ELEVATION-BROKER,D124,Elevation,Cached elevation and broker security model,"mechanism, preset, workflow, data, or negative evidence",architecture pattern,context-dependent,README.md,282724b282f581aa23f0089ec5f3ae401487c0e609444dbf9d3f974b6e0e4cc7,n/a,"target-native adaptation, hardening, recomposition, supersession, or guardrail derivation",many-to-many,superseded,"Cached elevation and broker security model was compared against WinCare authority, policy, preview, journal, bounded-resource, and recovery models. Donor packaging was not imported.",Existing authenticated elevation host,src/WinCare/Core/03-Process.ps1#Invoke-WinCareElevatedAction,"WinCare retains HMAC, expiry, contract, policy, and exact-action validation.",gsudo binaries and broad cached elevation are not bundled or invoked.,tests/Wave8.SystemToolkit.Tests.ps1,"System toolkit and Peer Utilities TUI, headless JSON, preview receipts, and transaction journal",additive WinCare 4.7 capability; existing authority and persistence owners remain authoritative,Donor license files were preserved as evidence; no donor source is bundled and behavior is independently implemented.,critical,n/a,high,statically-validated
D124-SURFACE-ACCOUNTABILITY,n/a,CG-W8-D124-ACCOUNTABILITY,D124,Donor accountability,Complete file accountability for gsudo,repository/archive surface,accountability evidence,standalone,README.md,282724b282f581aa23f0089ec5f3ae401487c0e609444dbf9d3f974b6e0e4cc7,n/a,evidence inventory and disposition mapping,custom:one donor to complete surface accountability,reference-only,"Every supplied regular file was hashed, classified, and linked; material semantics receive narrower child records.",n/a,n/a,No donor surface is silently omitted.,File counts are not treated as semantic adoption.,n/a,n/a,n/a,Donor license files were preserved as evidence; no donor source is bundled and behavior is independently implemented.,low,n/a,high,reviewed
D125-HARDENING-POLICIES,D125-SURFACE-ACCOUNTABILITY,CG-W8-HARDENING-POLICIES,D125,Security hardening,"Optimize, debloat, policy, and update reduction presets","mechanism, preset, workflow, data, or negative evidence",preset collection,context-dependent,sos-optimize-windows.ps1,6d454caaaf69dca63445e6147050ca81b85bdf2287cae87978e8c67ea927b8d9,n/a,"target-native adaptation, hardening, recomposition, supersession, or guardrail derivation",many-to-many,recomposed,"Optimize, debloat, policy, and update reduction presets was compared against WinCare authority, policy, preview, journal, bounded-resource, and recovery models. Donor packaging was not imported.",Hardening and unsafe profiles,src/WinCare/Providers/105-SystemToolkit.ps1#Get-WinCareHardeningProfile;src/WinCare/Providers/106-PeerUtilities.ps1#Get-WinCareLegacyUnsafeProfile,Selected semantics are decomposed into target-native actions.,Vendored PSWindowsUpdate and raw optimizer scripts are not imported.,tests/Wave8.SystemToolkit.Tests.ps1,"System toolkit and Peer Utilities TUI, headless JSON, preview receipts, and transaction journal",additive WinCare 4.7 capability; existing authority and persistence owners remain authoritative,Donor license files were preserved as evidence; no donor source is bundled and behavior is independently implemented.,critical,n/a,high,statically-validated
D125-SURFACE-ACCOUNTABILITY,n/a,CG-W8-D125-ACCOUNTABILITY,D125,Donor accountability,Complete file accountability for Windows Optimize Debloat,repository/archive surface,accountability evidence,standalone,README.md,fd05e6ddd36dff4bc89edd479b3444656e1a2e22f111372c88b6c5b73428f444,n/a,evidence inventory and disposition mapping,custom:one donor to complete surface accountability,reference-only,"Every supplied regular file was hashed, classified, and linked; material semantics receive narrower child records.",n/a,n/a,No donor surface is silently omitted.,File counts are not treated as semantic adoption.,n/a,n/a,n/a,Donor license files were preserved as evidence; no donor source is bundled and behavior is independently implemented.,low,n/a,high,reviewed
D126-CONTEXT-MENU-PRESETS,D126-SURFACE-ACCOUNTABILITY,CG-W8-CONTEXT-MENU-PRESETS,D126,Shell integration,Context-menu customization presets,"mechanism, preset, workflow, data, or negative evidence",preset collection,context-dependent,_ImportMyCustomizations.ps1,ac3b11fd50575cf680506fbb1992cfe66a3f9d83a94a721a996b3e8f08bf09fe,n/a,"target-native adaptation, hardening, recomposition, supersession, or guardrail derivation",many-to-many,superseded,"Context-menu customization presets was compared against WinCare authority, policy, preview, journal, bounded-resource, and recovery models. Donor packaging was not imported.",Existing context-menu catalog,src/WinCare/Providers/79-Shell.ps1#New-WinCareContextMenuPlan,Existing exact registry-tree snapshots remain authoritative.,Bulk .reg import is not used as an unreviewed execution path.,tests/Wave8.SystemToolkit.Tests.ps1,"System toolkit and Peer Utilities TUI, headless JSON, preview receipts, and transaction journal",additive WinCare 4.7 capability; existing authority and persistence owners remain authoritative,"No license detected in the supplied surface; only independently implemented concepts, facts, and guardrails are used.",high,n/a,high,statically-validated
D126-SURFACE-ACCOUNTABILITY,n/a,CG-W8-D126-ACCOUNTABILITY,D126,Donor accountability,Complete file accountability for Windows Context Menu Customizations,repository/archive surface,accountability evidence,standalone,README.md,cda9e75a4f5e2468657dcae8c15afc13454c9d35933e74e11b2d8ffcfb810954,n/a,evidence inventory and disposition mapping,custom:one donor to complete surface accountability,reference-only,"Every supplied regular file was hashed, classified, and linked; material semantics receive narrower child records.",n/a,n/a,No donor surface is silently omitted.,File counts are not treated as semantic adoption.,n/a,n/a,n/a,"No license detected in the supplied surface; only independently implemented concepts, facts, and guardrails are used.",low,n/a,high,reviewed
D127-HARDENING-PRESETS,D127-SURFACE-ACCOUNTABILITY,CG-W8-HARDENING-PRESETS,D127,System utility,"Typed application, tweak, update, and hardening presets","mechanism, preset, workflow, data, or negative evidence",configuration catalog,context-dependent,config/tweaks.json,8b963f3b182749455b0d7ef17b3367aa9cd574475b5575b096237c6a6824f0b6,n/a,"target-native adaptation, hardening, recomposition, supersession, or guardrail derivation",many-to-many,recomposed,"Typed application, tweak, update, and hardening presets was compared against WinCare authority, policy, preview, journal, bounded-resource, and recovery models. Donor packaging was not imported.",Hardening and unsafe profiles,src/WinCare/Providers/105-SystemToolkit.ps1#Get-WinCareHardeningProfile;src/WinCare/Providers/106-PeerUtilities.ps1#Get-WinCareLegacyUnsafeProfile,Selected presets map to existing target ownership and policy gates.,The donor runspace engine is not embedded.,tests/Wave8.SystemToolkit.Tests.ps1,"System toolkit and Peer Utilities TUI, headless JSON, preview receipts, and transaction journal",additive WinCare 4.7 capability; existing authority and persistence owners remain authoritative,Donor license files were preserved as evidence; no donor source is bundled and behavior is independently implemented.,critical,n/a,high,statically-validated
D127-SURFACE-ACCOUNTABILITY,n/a,CG-W8-D127-ACCOUNTABILITY,D127,Donor accountability,Complete file accountability for winutil,repository/archive surface,accountability evidence,standalone,README.md,2bbddf2111e02d003ccd32a552d7ffa73ccd680c28fb336d38120fa57937c945,n/a,evidence inventory and disposition mapping,custom:one donor to complete surface accountability,reference-only,"Every supplied regular file was hashed, classified, and linked; material semantics receive narrower child records.",n/a,n/a,No donor surface is silently omitted.,File counts are not treated as semantic adoption.,n/a,n/a,n/a,Donor license files were preserved as evidence; no donor source is bundled and behavior is independently implemented.,low,n/a,high,reviewed
D127-UPDATE-WORKFLOW,D127-SURFACE-ACCOUNTABILITY,CG-W8-UPDATE-WORKFLOW,D127,Windows Update,Update selection and servicing workflow,"mechanism, preset, workflow, data, or negative evidence",workflow,context-dependent,functions/public/Invoke-WPFUpdatesdefault.ps1,9ea344252f7a15a1aadeb01ef84775b281abbe23dc3e8638691615e51c1f82bf,n/a,"target-native adaptation, hardening, recomposition, supersession, or guardrail derivation",many-to-many,superseded,"Update selection and servicing workflow was compared against WinCare authority, policy, preview, journal, bounded-resource, and recovery models. Donor packaging was not imported.",Existing WUA provider,src/WinCare/Providers/65-WindowsUpdateAgent.ps1#Get-WinCareWuaUpdate,Existing update contracts remain authoritative.,No duplicate updater state machine is introduced.,tests/Wave8.SystemToolkit.Tests.ps1,"System toolkit and Peer Utilities TUI, headless JSON, preview receipts, and transaction journal",additive WinCare 4.7 capability; existing authority and persistence owners remain authoritative,Donor license files were preserved as evidence; no donor source is bundled and behavior is independently implemented.,high,n/a,high,statically-validated
D127-V5-COMMAND-WORKBENCH,D127-HARDENING-PRESETS,CG-V5-COMMAND-WORKBENCH,D127,System utility,Searchable universal command workbench over all typed headless capabilities,operator workflow and product surface,desktop GUI control plane,context-dependent,config/tweaks.json,8b963f3b182749455b0d7ef17b3367aa9cd574475b5575b096237c6a6824f0b6,n/a,target-native synthesis and supersession,many-to-many,synthesized,"The donor preset catalog demonstrated broad discoverability, but its direct WPF mutation paths were superseded. V5 generates complete GUI coverage from WinCare headless command contracts and keeps one authority path.",Universal graphical command workbench,src/WinCare/UI/Gui/00-GuiCatalog.ps1#Get-WinCareGuiActionCatalog;src/WinCare/UI/Gui/10-GuiRuntime.ps1#Start-WinCareGuiCommandProcess;src/WinCare/Data/Gui/actions.json,Every headless command is discoverable and execution is delegated to the existing headless dispatcher.,The GUI never invokes internal action handlers or transaction executors directly.,tests/V5.Gui.Tests.ps1#exposes every headless command through curated or generated catalog coverage,WinCare V5 Action catalog,"additive WinCare 5.0 GUI; existing terminal, headless, policy, transaction, and recovery owners remain authoritative",Donor license files were preserved as evidence; no donor source is bundled and behavior is independently implemented.,high,n/a,high,statically-validated
D127-V5-RISK-COMMUNICATION,D127-HARDENING-PRESETS,CG-V5-RISK-COMMUNICATION,D127,System utility,"Visible risk, blast-radius, exact acknowledgement, preview, and recovery communication",operator workflow and product surface,risk-confirmation workflow,context-dependent,config/tweaks.json,8b963f3b182749455b0d7ef17b3367aa9cd574475b5575b096237c6a6824f0b6,n/a,hardening and guardrail derivation,many-to-many,guardrail-derived,"Donor one-click tweak affordances made destructive work easy but obscured authority and recovery. V5 retains convenience while adding risk badges, policy state, exact acknowledgement, and exact-plan re-preview through the existing engine.",Graphical critical-action governance,src/WinCare/UI/Gui/10-GuiRuntime.ps1#Show-WinCareGuiConfirmation;src/WinCare/UI/Gui/10-GuiRuntime.ps1#Invoke-WinCareGuiConfirmedApply;src/WinCare/Data/Gui/WinCare.MainWindow.xaml#ConfirmOverlay,Critical operations remain default-deny and require the exact acknowledgement plus policy authorization.,"A button click cannot bypass preview, policy, typed contracts, journal, or recovery disclosure.",tests/V5.Gui.Tests.ps1#keeps critical acknowledgement and policy gates visible in the GUI,WinCare V5 critical confirmation overlay,"additive WinCare 5.0 GUI; existing terminal, headless, policy, transaction, and recovery owners remain authoritative",Donor license files were preserved as evidence; no donor source is bundled and behavior is independently implemented.,critical,n/a,high,statically-validated
D128-DOWNLOAD-BATCH,D128-SURFACE-ACCOUNTABILITY,CG-W8-DOWNLOAD-BATCH,D128,Downloads,Batch download admission and multi-item workflow,"mechanism, preset, workflow, data, or negative evidence",product workflow,context-dependent,desktop/app/src/main/kotlin/com/abdownloadmanager/desktop/pages/batchdownload/DesktopBatchDownloadComponent.kt,dfed731439e68d66af22c0f53ceb01a6659b3f0364cac2dac7985be6c95a91ab,n/a,"target-native adaptation, hardening, recomposition, supersession, or guardrail derivation",many-to-many,recomposed,"Batch download admission and multi-item workflow was compared against WinCare authority, policy, preview, journal, bounded-resource, and recovery models. Donor packaging was not imported.",Batch download admission,src/WinCare/Providers/105-SystemToolkit.ps1#Import-WinCareDownloadBatchDefinition,"Batches are bounded, schema-checked, and converted to verified BITS job records.",Donor network engines and browser hooks are not imported.,tests/Wave8.SystemToolkit.Tests.ps1,"System toolkit and Peer Utilities TUI, headless JSON, preview receipts, and transaction journal",additive WinCare 4.7 capability; existing authority and persistence owners remain authoritative,Donor license files were preserved as evidence; no donor source is bundled and behavior is independently implemented.,high,n/a,high,statically-validated
D128-QUEUE-SCHEDULING,D128-SURFACE-ACCOUNTABILITY,CG-W8-QUEUE-SCHEDULING,D128,Downloads,"Queue, scheduling, mirrors, checksum, and retry semantics","mechanism, preset, workflow, data, or negative evidence",capability reference,context-dependent,README.md,3064b6585dc49445a8e731b1157b3ee013b903d89e2b8a116e3fba7f20e0e138,n/a,"target-native adaptation, hardening, recomposition, supersession, or guardrail derivation",many-to-many,superseded,"Queue, scheduling, mirrors, checksum, and retry semantics was compared against WinCare authority, policy, preview, journal, bounded-resource, and recovery models. Donor packaging was not imported.",Existing download queue,src/WinCare/Providers/100-Downloads.ps1#New-WinCareDownloadJobRecord,"Existing target queue, hashes, retries, schedules, and BITS reconciliation remain authoritative.",Parallel downloader implementation is not duplicated.,tests/Wave8.SystemToolkit.Tests.ps1,"System toolkit and Peer Utilities TUI, headless JSON, preview receipts, and transaction journal",additive WinCare 4.7 capability; existing authority and persistence owners remain authoritative,Donor license files were preserved as evidence; no donor source is bundled and behavior is independently implemented.,medium,n/a,high,statically-validated
D128-SURFACE-ACCOUNTABILITY,n/a,CG-W8-D128-ACCOUNTABILITY,D128,Donor accountability,Complete file accountability for AB Download Manager,repository/archive surface,accountability evidence,standalone,README.md,3064b6585dc49445a8e731b1157b3ee013b903d89e2b8a116e3fba7f20e0e138,n/a,evidence inventory and disposition mapping,custom:one donor to complete surface accountability,reference-only,"Every supplied regular file was hashed, classified, and linked; material semantics receive narrower child records.",n/a,n/a,No donor surface is silently omitted.,File counts are not treated as semantic adoption.,n/a,n/a,n/a,Donor license files were preserved as evidence; no donor source is bundled and behavior is independently implemented.,low,n/a,high,reviewed
D129-NETWORK-ENGINE-GUARDRAIL,D129-SURFACE-ACCOUNTABILITY,CG-W8-NETWORK-ENGINE-GUARDRAIL,D129,Network safety,"Legacy peer discovery, blocklist, freerider, and streaming engine","mechanism, preset, workflow, data, or negative evidence",negative lesson,context-dependent,lib/peer-discovery.js,c84e1593a3d3692762708f5e5faa99463e2a05f046e1cfad51044a057c7fe121,n/a,"target-native adaptation, hardening, recomposition, supersession, or guardrail derivation",many-to-many,rejected-with-reason,"Legacy peer discovery, blocklist, freerider, and streaming engine was compared against WinCare authority, policy, preview, journal, bounded-resource, and recovery models. Donor packaging was not imported.",n/a,n/a,The stale vendored network runtime is rejected.,WinCare does not execute torrent networking or anti-monitoring behavior.,tests/Wave8.SystemToolkit.Tests.ps1,n/a,n/a,Donor license files were preserved as evidence; no donor source is bundled and behavior is independently implemented.,critical,n/a,high,statically-validated
D129-SURFACE-ACCOUNTABILITY,n/a,CG-W8-D129-ACCOUNTABILITY,D129,Donor accountability,Complete file accountability for torrent-live,repository/archive surface,accountability evidence,standalone,README.md,f55ebe6bbb67a74072f47b171c325f63a25d35c72e0794aeb7292b56147dc468,n/a,evidence inventory and disposition mapping,custom:one donor to complete surface accountability,reference-only,"Every supplied regular file was hashed, classified, and linked; material semantics receive narrower child records.",n/a,n/a,No donor surface is silently omitted.,File counts are not treated as semantic adoption.,n/a,n/a,n/a,Donor license files were preserved as evidence; no donor source is bundled and behavior is independently implemented.,low,n/a,high,reviewed
D129-TORRENT-METADATA,D129-SURFACE-ACCOUNTABILITY,CG-W8-TORRENT-METADATA,D129,Package inspection,Local torrent metadata and file inventory,"mechanism, preset, workflow, data, or negative evidence",data parser reference,context-dependent,index.js,a832889c3319b7239e964cefd24ba420a779043bd809b63c832f7914b4fe3788,n/a,"target-native adaptation, hardening, recomposition, supersession, or guardrail derivation",many-to-many,hardened,"Local torrent metadata and file inventory was compared against WinCare authority, policy, preview, journal, bounded-resource, and recovery models. Donor packaging was not imported.",Torrent metadata inspection,src/WinCare/Providers/105-SystemToolkit.ps1#Get-WinCareTorrentMetadata,Only bounded local bencode parsing is implemented.,"No trackers, peers, DHT, blocklists, or streaming are contacted.",tests/Wave8.SystemToolkit.Tests.ps1,"System toolkit and Peer Utilities TUI, headless JSON, preview receipts, and transaction journal",additive WinCare 4.7 capability; existing authority and persistence owners remain authoritative,Donor license files were preserved as evidence; no donor source is bundled and behavior is independently implemented.,high,n/a,high,statically-validated
D130-PALETTE-WORKFLOW,D130-SURFACE-ACCOUNTABILITY,CG-W9-PALETTE-WORKFLOW,D130,Visual assets,Indexed palette extraction and manifest representation,"mechanism, workflow, product pattern, or negative evidence",palette/product workflow,context-dependent,data/extensions/adigunpolack-palettes/package.json,a7b309a827ca3685590bfb3e1b2ad81cb1024746569e329a3256d691bd584d4f,n/a,"target-native adaptation, hardening, recomposition, inspiration, supersession, or guardrail derivation",many-to-many,inspired-native,"Indexed palette extraction and manifest representation was compared against WinCare authority, state, policy, preview, journaling, bounded-resource, and recovery models. Donor packaging was not imported.",Visual asset inspection,src/WinCare/Providers/109-ExperienceStudio.ps1#Get-WinCareVisualAssetInfo,Palette output is bounded to 256 unique entries.,Palette packages do not become executable extensions.,tests/Wave9.ExperienceStudio.Tests.ps1,"Experience Studio TUI, headless JSON, preview receipts, and transaction journal",additive WinCare 4.8 capability; existing authority and persistence owners remain authoritative,Aseprite EULA is restrictive; no donor source is copied or bundled. Only independently implemented concepts and file-format observations are used.,low,n/a,high,statically-validated
D130-SPRITE-METADATA,D130-SURFACE-ACCOUNTABILITY,CG-W9-SPRITE-METADATA,D130,Visual assets,Bounded image and animation metadata,"mechanism, workflow, product pattern, or negative evidence",format and workflow reference,context-dependent,docs/ase-file-specs.md,31a6a80526c24209361fc35f9431bd8909603bb106bb6c3ed866f9af28976ae3,n/a,"target-native adaptation, hardening, recomposition, inspiration, supersession, or guardrail derivation",many-to-many,inspired-native,"Bounded image and animation metadata was compared against WinCare authority, state, policy, preview, journaling, bounded-resource, and recovery models. Donor packaging was not imported.",Visual asset inspection,src/WinCare/Providers/109-ExperienceStudio.ps1#Get-WinCareVisualAssetInfo,Only regular allowlisted image files are inspected without execution.,No Aseprite source or restricted implementation is copied.,tests/Wave9.ExperienceStudio.Tests.ps1,"Experience Studio TUI, headless JSON, preview receipts, and transaction journal",additive WinCare 4.8 capability; existing authority and persistence owners remain authoritative,Aseprite EULA is restrictive; no donor source is copied or bundled. Only independently implemented concepts and file-format observations are used.,medium,n/a,high,statically-validated
D130-SPRITE-SHEET-LAYOUT,D130-SURFACE-ACCOUNTABILITY,CG-W9-SPRITE-SHEET-LAYOUT,D130,Visual assets,Deterministic sprite-sheet frame map,"mechanism, workflow, product pattern, or negative evidence",workflow concept,context-dependent,README.md,c7c8684e06bb02ad659d19e6ba777e7418686f5c6af2a89ac5c8a4dd39f98cde,n/a,"target-native adaptation, hardening, recomposition, inspiration, supersession, or guardrail derivation",many-to-many,inspired-native,"Deterministic sprite-sheet frame map was compared against WinCare authority, state, policy, preview, journaling, bounded-resource, and recovery models. Donor packaging was not imported.",Sprite layout manifests,src/WinCare/Providers/109-ExperienceStudio.ps1#Get-WinCareSpriteSheetLayout;src/WinCare/Providers/109-ExperienceStudio.ps1#New-WinCareVisualAssetManifestPlan,"Frame rectangles are integer-bounded and capped at 4,096.",The source asset is never modified.,tests/Wave9.ExperienceStudio.Tests.ps1,"Experience Studio TUI, headless JSON, preview receipts, and transaction journal",additive WinCare 4.8 capability; existing authority and persistence owners remain authoritative,Aseprite EULA is restrictive; no donor source is copied or bundled. Only independently implemented concepts and file-format observations are used.,medium,n/a,high,statically-validated
D130-SURFACE-ACCOUNTABILITY,n/a,CG-W9-D130-ACCOUNTABILITY,D130,Donor accountability,Complete file accountability for Aseprite,repository/archive surface,accountability evidence,standalone,README.md,c7c8684e06bb02ad659d19e6ba777e7418686f5c6af2a89ac5c8a4dd39f98cde,n/a,evidence inventory and disposition mapping,custom:one donor to complete surface accountability,reference-only,"Every supplied regular file was hashed, classified, and linked; material semantics receive narrower child records.",n/a,n/a,No submitted donor surface is silently omitted.,Duplicate bytes and file counts are not treated as new semantic adoption.,n/a,n/a,n/a,Aseprite EULA is restrictive; no donor source is copied or bundled. Only independently implemented concepts and file-format observations are used.,low,n/a,high,reviewed
D131-DUPLICATE-SUBMISSION,D131-SURFACE-ACCOUNTABILITY,CG-W9-DUPLICATE-D36,D131,Provenance,Byte-identical repeat submission of D36,complete archive,duplicate provenance,standalone,README.md,c850d0fc5e1bfc6063755e09cf36e6d2669132420823611251204cd6132cc380,n/a,deduplication and prior-decision reuse,custom:duplicate evidence to prior donor baseline,reference-only,The archive hash matches D36; its prior semantic ledger and implementation decisions remain authoritative.,Existing prior donor capabilities,n/a,Duplicate input does not create parallel ownership or inflated implementation claims.,No new target feature is attributed solely to duplicate bytes.,n/a,n/a,none,"Exact duplicate submission of D36; prior licensing and decisions remain controlling, and no new implementation is claimed.",low,n/a,high,verified
D131-SURFACE-ACCOUNTABILITY,n/a,CG-W9-D131-ACCOUNTABILITY,D131,Donor accountability,Complete file accountability for Enhance,repository/archive surface,accountability evidence,standalone,README.md,c850d0fc5e1bfc6063755e09cf36e6d2669132420823611251204cd6132cc380,n/a,evidence inventory and disposition mapping,custom:one donor to complete surface accountability,reference-only,"Every supplied regular file was hashed, classified, and linked; material semantics receive narrower child records.",n/a,n/a,No submitted donor surface is silently omitted.,Duplicate bytes and file counts are not treated as new semantic adoption.,n/a,n/a,n/a,"Exact duplicate submission of D36; prior licensing and decisions remain controlling, and no new implementation is claimed.",low,n/a,high,reviewed
D132-DUPLICATE-SUBMISSION,D132-SURFACE-ACCOUNTABILITY,CG-W9-DUPLICATE-D91,D132,Provenance,Byte-identical repeat submission of D91,complete archive,duplicate provenance,standalone,README.md,aefde7b74921a46c37821ad5863d5ef46c63b0580dddc64c9302bc7c72596908,n/a,deduplication and prior-decision reuse,custom:duplicate evidence to prior donor baseline,reference-only,The archive hash matches D91; its prior semantic ledger and implementation decisions remain authoritative.,Existing prior donor capabilities,n/a,Duplicate input does not create parallel ownership or inflated implementation claims.,No new target feature is attributed solely to duplicate bytes.,n/a,n/a,none,"Exact duplicate submission of D91; prior licensing and decisions remain controlling, and no new implementation is claimed.",low,n/a,high,verified
D132-SURFACE-ACCOUNTABILITY,n/a,CG-W9-D132-ACCOUNTABILITY,D132,Donor accountability,Complete file accountability for Twinkle Tray duplicate submission,repository/archive surface,accountability evidence,standalone,README.md,aefde7b74921a46c37821ad5863d5ef46c63b0580dddc64c9302bc7c72596908,n/a,evidence inventory and disposition mapping,custom:one donor to complete surface accountability,reference-only,"Every supplied regular file was hashed, classified, and linked; material semantics receive narrower child records.",n/a,n/a,No submitted donor surface is silently omitted.,Duplicate bytes and file counts are not treated as new semantic adoption.,n/a,n/a,n/a,"Exact duplicate submission of D91; prior licensing and decisions remain controlling, and no new implementation is claimed.",low,n/a,high,reviewed
D133-RYTUNEX-FEATURE-CATALOG,D133-SURFACE-ACCOUNTABILITY,CG-W9-RYTUNEX-FEATURE-CATALOG,D133,Optimization,Searchable feature and optimization capability catalog,"mechanism, workflow, product pattern, or negative evidence",product workflow,context-dependent,Helpers/AppSearchService.cs,21c308c0132ab1767a7209b095e8c54640e81bbbbd0a844eb89e373003c3b324,n/a,"target-native adaptation, hardening, recomposition, inspiration, supersession, or guardrail derivation",many-to-many,recomposed,"Searchable feature and optimization capability catalog was compared against WinCare authority, state, policy, preview, journaling, bounded-resource, and recovery models. Donor packaging was not imported.",Experience capability cards and privacy profiles,src/WinCare/Providers/109-ExperienceStudio.ps1#Get-WinCareExperienceCapabilityCard;src/WinCare/Providers/109-ExperienceStudio.ps1#Get-WinCarePrivacyProfile,Capabilities resolve to existing typed WinCare owners.,A second optimizer runtime is not introduced.,tests/Wave9.ExperienceStudio.Tests.ps1,"Experience Studio TUI, headless JSON, preview receipts, and transaction journal",additive WinCare 4.8 capability; existing authority and persistence owners remain authoritative,Donor license files are preserved as evidence; no donor source is bundled and behavior is independently implemented.,high,n/a,high,statically-validated
D133-RYTUNEX-LOG-CANCEL,D133-SURFACE-ACCOUNTABILITY,CG-W9-RYTUNEX-LOG-CANCEL,D133,Operations,"Logging, status, and cancellation affordances","mechanism, workflow, product pattern, or negative evidence",operator pattern,context-dependent,Helpers/LogHelper.cs,06e4cbc821e1fb7eda6ba8881ed347b2ca924dc95173d301c142d4c2a5c4ba9c,n/a,"target-native adaptation, hardening, recomposition, inspiration, supersession, or guardrail derivation",many-to-many,superseded,"Logging, status, and cancellation affordances was compared against WinCare authority, state, policy, preview, journaling, bounded-resource, and recovery models. Donor packaging was not imported.",Existing transaction journal and cancellation,src/WinCare/Core/09-Transactions.ps1#Invoke-WinCarePlan;src/WinCare/Core/09-Transactions.ps1#Request-WinCareOperationCancellation,Existing receipts and cancellation remain authoritative.,Donor logs are not represented as equivalent implementation.,tests/Wave9.ExperienceStudio.Tests.ps1,"Experience Studio TUI, headless JSON, preview receipts, and transaction journal",additive WinCare 4.8 capability; existing authority and persistence owners remain authoritative,Donor license files are preserved as evidence; no donor source is bundled and behavior is independently implemented.,medium,n/a,high,statically-validated
D133-RYTUNEX-UNSAFE-PRESET,D133-SURFACE-ACCOUNTABILITY,CG-W9-RYTUNEX-UNSAFE-PRESET,D133,Legacy unsafe,Maximum optimizer and debloat composition,"mechanism, workflow, product pattern, or negative evidence",preset model,context-dependent,Helpers/OptimizationOptions.cs,e23c16ba4295e6b6818fa2ba3fd5fd241b0514819b28564c5feb44af50879d6c,n/a,"target-native adaptation, hardening, recomposition, inspiration, supersession, or guardrail derivation",many-to-many,recomposed,"Maximum optimizer and debloat composition was compared against WinCare authority, state, policy, preview, journaling, bounded-resource, and recovery models. Donor packaging was not imported.",Legacy unsafe profiles,src/WinCare/Providers/106-PeerUtilities.ps1#Get-WinCareLegacyUnsafeProfile,"Every mutation is typed, previewed, policy-gated, and journaled.",No donor script or opaque command runner is executed.,tests/Wave9.ExperienceStudio.Tests.ps1,"Experience Studio TUI, headless JSON, preview receipts, and transaction journal",additive WinCare 4.8 capability; existing authority and persistence owners remain authoritative,Donor license files are preserved as evidence; no donor source is bundled and behavior is independently implemented.,critical,n/a,high,statically-validated
D133-SURFACE-ACCOUNTABILITY,n/a,CG-W9-D133-ACCOUNTABILITY,D133,Donor accountability,Complete file accountability for RyTuneX,repository/archive surface,accountability evidence,standalone,README.md,3cdd4e1410b80db7d07552f186d280f62a8f741a76518a4ab12ca7cf4304b513,n/a,evidence inventory and disposition mapping,custom:one donor to complete surface accountability,reference-only,"Every supplied regular file was hashed, classified, and linked; material semantics receive narrower child records.",n/a,n/a,No submitted donor surface is silently omitted.,Duplicate bytes and file counts are not treated as new semantic adoption.,n/a,n/a,n/a,Donor license files are preserved as evidence; no donor source is bundled and behavior is independently implemented.,low,n/a,high,reviewed
D134-DUPLICATE-SUBMISSION,D134-SURFACE-ACCOUNTABILITY,CG-W9-DUPLICATE-D29,D134,Provenance,Byte-identical repeat submission of D29,complete archive,duplicate provenance,standalone,README.md,531a49a18925ea2182363dc00c5c418bef2533b53e95b47da1bc98e51cbf4245,n/a,deduplication and prior-decision reuse,custom:duplicate evidence to prior donor baseline,reference-only,The archive hash matches D29; its prior semantic ledger and implementation decisions remain authoritative.,Existing prior donor capabilities,n/a,Duplicate input does not create parallel ownership or inflated implementation claims.,No new target feature is attributed solely to duplicate bytes.,n/a,n/a,none,"Exact duplicate submission of D29; prior licensing and decisions remain controlling, and no new implementation is claimed.",low,n/a,high,verified
D134-SURFACE-ACCOUNTABILITY,n/a,CG-W9-D134-ACCOUNTABILITY,D134,Donor accountability,Complete file accountability for ContextMenuForWindows11,repository/archive surface,accountability evidence,standalone,README.md,531a49a18925ea2182363dc00c5c418bef2533b53e95b47da1bc98e51cbf4245,n/a,evidence inventory and disposition mapping,custom:one donor to complete surface accountability,reference-only,"Every supplied regular file was hashed, classified, and linked; material semantics receive narrower child records.",n/a,n/a,No submitted donor surface is silently omitted.,Duplicate bytes and file counts are not treated as new semantic adoption.,n/a,n/a,n/a,"Exact duplicate submission of D29; prior licensing and decisions remain controlling, and no new implementation is claimed.",low,n/a,high,reviewed
D135-CAPABILITY-PRESENTATION,D135-SURFACE-ACCOUNTABILITY,CG-W9-CAPABILITY-PRESENTATION,D135,Product experience,Searchable capability-card presentation model,"mechanism, workflow, product pattern, or negative evidence",product pattern,context-dependent,ReadMe.md,8cf466e414347a35482c7be8e1c8743ba7fe69cea2cdd8202c3bf08ed6eb00d6,n/a,"target-native adaptation, hardening, recomposition, inspiration, supersession, or guardrail derivation",many-to-many,inspired-native,"Searchable capability-card presentation model was compared against WinCare authority, state, policy, preview, journaling, bounded-resource, and recovery models. Donor packaging was not imported.",Experience capability cards,src/WinCare/Providers/109-ExperienceStudio.ps1#Get-WinCareExperienceCapabilityCard,Cards are non-authoritative views over target capabilities.,UI state cannot grant mutation authority.,tests/Wave9.ExperienceStudio.Tests.ps1,"Experience Studio TUI, headless JSON, preview receipts, and transaction journal",additive WinCare 4.8 capability; existing authority and persistence owners remain authoritative,Donor license files are preserved as evidence; no donor source is bundled and behavior is independently implemented.,low,n/a,high,statically-validated
D135-SURFACE-ACCOUNTABILITY,n/a,CG-W9-D135-ACCOUNTABILITY,D135,Donor accountability,Complete file accountability for Windows,repository/archive surface,accountability evidence,standalone,ReadMe.md,8cf466e414347a35482c7be8e1c8743ba7fe69cea2cdd8202c3bf08ed6eb00d6,n/a,evidence inventory and disposition mapping,custom:one donor to complete surface accountability,reference-only,"Every supplied regular file was hashed, classified, and linked; material semantics receive narrower child records.",n/a,n/a,No submitted donor surface is silently omitted.,Duplicate bytes and file counts are not treated as new semantic adoption.,n/a,n/a,n/a,Donor license files are preserved as evidence; no donor source is bundled and behavior is independently implemented.,low,n/a,high,reviewed
D135-TOOLKIT-ARCHITECTURE-GUARDRAIL,D135-SURFACE-ACCOUNTABILITY,CG-W9-TOOLKIT-ARCHITECTURE-GUARDRAIL,D135,Architecture,Modern Windows toolkit component architecture,"mechanism, workflow, product pattern, or negative evidence",architecture reference,context-dependent,components/Behaviors/src/ReadMe.md,b486d5d218d1fa91eab229a072717b2dcf468c14771e3476d08facb8568b0e5d,n/a,"target-native adaptation, hardening, recomposition, inspiration, supersession, or guardrail derivation",many-to-many,reference-only,"Modern Windows toolkit component architecture was compared against WinCare authority, state, policy, preview, journaling, bounded-resource, and recovery models. Donor packaging was not imported.",n/a,n/a,Target-native PowerShell ownership remains unchanged.,WinUI libraries are not bundled into the TUI.,n/a,n/a,n/a,Donor license files are preserved as evidence; no donor source is bundled and behavior is independently implemented.,low,n/a,high,reviewed
D136-CREDENTIAL-JOBS-GUARDRAIL,D136-SURFACE-ACCOUNTABILITY,CG-W9-CREDENTIAL-JOBS-GUARDRAIL,D136,Remote access,Password randomization and KMS job rejection,"mechanism, workflow, product pattern, or negative evidence",negative lesson,context-dependent,README.md,20c0444ced207410d90a02cdc996efafbe65297799dabdd0df7eecb04ce7cddc,n/a,"target-native adaptation, hardening, recomposition, inspiration, supersession, or guardrail derivation",many-to-many,rejected-with-reason,"Password randomization and KMS job rejection was compared against WinCare authority, state, policy, preview, journaling, bounded-resource, and recovery models. Donor packaging was not imported.",n/a,n/a,Credential and activation mutation remain outside this convergence wave.,WinCare will not import password rotation or KMS authority from this donor.,tests/Wave9.ExperienceStudio.Tests.ps1,n/a,n/a,Donor license files are preserved as evidence; no donor source is bundled and behavior is independently implemented.,critical,n/a,high,statically-validated
D136-OPENSSH-ENABLE-DISABLE,D136-SURFACE-ACCOUNTABILITY,CG-W9-OPENSSH-ENABLE-DISABLE,D136,Remote access,"OpenSSH capability, service, and firewall lifecycle","mechanism, workflow, product pattern, or negative evidence",operational workflow,context-dependent,jobs/enable_ssh/templates/pre-start.ps1,66bc0ce662d5b2d0222b2dd7c2340798e24cde944700c6aaa05e64604706df5b,n/a,"target-native adaptation, hardening, recomposition, inspiration, supersession, or guardrail derivation",many-to-many,hardened,"OpenSSH capability, service, and firewall lifecycle was compared against WinCare authority, state, policy, preview, journaling, bounded-resource, and recovery models. Donor packaging was not imported.",Remote access plans,src/WinCare/Providers/109-ExperienceStudio.ps1#New-WinCareRemoteAccessPlan;src/WinCare/Core/11-ActionContracts.ps1#SetServiceRuntimeState;src/WinCare/Providers/25-SystemPolicy.ps1#Invoke-WinCareServiceRuntimeStateAction,Only the supported OpenSSH capability and exact rule names are admitted.,No remote credentials or arbitrary sshd configuration is generated.,tests/Wave9.ExperienceStudio.Tests.ps1,"Experience Studio TUI, headless JSON, preview receipts, and transaction journal",additive WinCare 4.8 capability; existing authority and persistence owners remain authoritative,Donor license files are preserved as evidence; no donor source is bundled and behavior is independently implemented.,critical,n/a,high,statically-validated
D136-RDP-ENABLE-DISABLE,D136-SURFACE-ACCOUNTABILITY,CG-W9-RDP-ENABLE-DISABLE,D136,Remote access,"RDP listener, service, firewall, and redirection lifecycle","mechanism, workflow, product pattern, or negative evidence",operational workflow,context-dependent,jobs/enable_rdp/templates/pre-start.ps1,03b90c8cc7c2ab9faad7c59d4323ad19c8bb93ea99d60f3ac5534d35e85f9147,n/a,"target-native adaptation, hardening, recomposition, inspiration, supersession, or guardrail derivation",many-to-many,hardened,"RDP listener, service, firewall, and redirection lifecycle was compared against WinCare authority, state, policy, preview, journaling, bounded-resource, and recovery models. Donor packaging was not imported.",Remote access plans,src/WinCare/Providers/109-ExperienceStudio.ps1#Get-WinCareRemoteAccessState;src/WinCare/Providers/109-ExperienceStudio.ps1#New-WinCareRemoteAccessPlan;src/WinCare/Core/11-ActionContracts.ps1#SetServiceRuntimeState;src/WinCare/Providers/25-SystemPolicy.ps1#Invoke-WinCareServiceRuntimeStateAction,"Exact prior Registry, service, and firewall states are compensatable.",Password jobs and broad policy import are excluded.,tests/Wave9.ExperienceStudio.Tests.ps1,"Experience Studio TUI, headless JSON, preview receipts, and transaction journal",additive WinCare 4.8 capability; existing authority and persistence owners remain authoritative,Donor license files are preserved as evidence; no donor source is bundled and behavior is independently implemented.,critical,n/a,high,statically-validated
D136-SURFACE-ACCOUNTABILITY,n/a,CG-W9-D136-ACCOUNTABILITY,D136,Donor accountability,Complete file accountability for Windows Utilities Release,repository/archive surface,accountability evidence,standalone,README.md,20c0444ced207410d90a02cdc996efafbe65297799dabdd0df7eecb04ce7cddc,n/a,evidence inventory and disposition mapping,custom:one donor to complete surface accountability,reference-only,"Every supplied regular file was hashed, classified, and linked; material semantics receive narrower child records.",n/a,n/a,No submitted donor surface is silently omitted.,Duplicate bytes and file counts are not treated as new semantic adoption.,n/a,n/a,n/a,Donor license files are preserved as evidence; no donor source is bundled and behavior is independently implemented.,low,n/a,high,reviewed
D137-LOCATION-PERMISSION-MODEL,D137-SURFACE-ACCOUNTABILITY,CG-W9-LOCATION-PERMISSION-MODEL,D137,Privacy,"Allow, deny, and system-managed location permission states","mechanism, workflow, product pattern, or negative evidence",permission state model,context-dependent,docs/features/permissions.mdx,4f371e15388fe0c1a724287661c384816579b2aa4c9e673905690ab4f4d91135,n/a,"target-native adaptation, hardening, recomposition, inspiration, supersession, or guardrail derivation",many-to-many,adapted,"Allow, deny, and system-managed location permission states was compared against WinCare authority, state, policy, preview, journaling, bounded-resource, and recovery models. Donor packaging was not imported.",Location privacy plans,src/WinCare/Providers/109-ExperienceStudio.ps1#Get-WinCareLocationPrivacyState;src/WinCare/Providers/109-ExperienceStudio.ps1#New-WinCareLocationPrivacyPlan,Machine policy and user consent are explicit and reversible.,Per-application consent is not broadened implicitly.,tests/Wave9.ExperienceStudio.Tests.ps1,"Experience Studio TUI, headless JSON, preview receipts, and transaction journal",additive WinCare 4.8 capability; existing authority and persistence owners remain authoritative,Donor license files are preserved as evidence; no donor source is bundled and behavior is independently implemented.,high,n/a,high,statically-validated
D137-SERVICE-STATUS-SEPARATION,D137-SURFACE-ACCOUNTABILITY,CG-W9-SERVICE-STATUS-SEPARATION,D137,Privacy,Separation of permission and service availability,"mechanism, workflow, product pattern, or negative evidence",state-model constraint,context-dependent,docs/features/services.mdx,5ddb043ea64b9d5823d17baafaa0f2c25a4049e675f805636d73d077c8b930ba,n/a,"target-native adaptation, hardening, recomposition, inspiration, supersession, or guardrail derivation",many-to-many,guardrail-derived,"Separation of permission and service availability was compared against WinCare authority, state, policy, preview, journaling, bounded-resource, and recovery models. Donor packaging was not imported.",Location privacy plans,src/WinCare/Providers/109-ExperienceStudio.ps1#New-WinCareLocationPrivacyPlan,Changing privacy preference does not disable the location service.,Service availability is not conflated with permission.,tests/Wave9.ExperienceStudio.Tests.ps1,"Experience Studio TUI, headless JSON, preview receipts, and transaction journal",additive WinCare 4.8 capability; existing authority and persistence owners remain authoritative,Donor license files are preserved as evidence; no donor source is bundled and behavior is independently implemented.,medium,n/a,high,statically-validated
D137-SURFACE-ACCOUNTABILITY,n/a,CG-W9-D137-ACCOUNTABILITY,D137,Donor accountability,Complete file accountability for Flutter Location,repository/archive surface,accountability evidence,standalone,README.md,86b81de89239eb98ab5898401b09cb553ae8f2ad2136abe8d541b25c1d761d5f,n/a,evidence inventory and disposition mapping,custom:one donor to complete surface accountability,reference-only,"Every supplied regular file was hashed, classified, and linked; material semantics receive narrower child records.",n/a,n/a,No submitted donor surface is silently omitted.,Duplicate bytes and file counts are not treated as new semantic adoption.,n/a,n/a,n/a,Donor license files are preserved as evidence; no donor source is bundled and behavior is independently implemented.,low,n/a,high,reviewed
D138-DUPLICATE-SUBMISSION,D138-SURFACE-ACCOUNTABILITY,CG-W9-DUPLICATE-D33,D138,Provenance,Byte-identical repeat submission of D33,complete archive,duplicate provenance,standalone,README.md,cc0ba3237236b37d08f4a357a42ab6003b741f8a6ad9a9230fad6f3346b1418d,n/a,deduplication and prior-decision reuse,custom:duplicate evidence to prior donor baseline,reference-only,The archive hash matches D33; its prior semantic ledger and implementation decisions remain authoritative.,Existing prior donor capabilities,n/a,Duplicate input does not create parallel ownership or inflated implementation claims.,No new target feature is attributed solely to duplicate bytes.,n/a,n/a,none,"Exact duplicate submission of D33; prior licensing and decisions remain controlling, and no new implementation is claimed.",low,n/a,high,verified
D138-SURFACE-ACCOUNTABILITY,n/a,CG-W9-D138-ACCOUNTABILITY,D138,Donor accountability,Complete file accountability for Rainmeter,repository/archive surface,accountability evidence,standalone,README.md,cc0ba3237236b37d08f4a357a42ab6003b741f8a6ad9a9230fad6f3346b1418d,n/a,evidence inventory and disposition mapping,custom:one donor to complete surface accountability,reference-only,"Every supplied regular file was hashed, classified, and linked; material semantics receive narrower child records.",n/a,n/a,No submitted donor surface is silently omitted.,Duplicate bytes and file counts are not treated as new semantic adoption.,n/a,n/a,n/a,"Exact duplicate submission of D33; prior licensing and decisions remain controlling, and no new implementation is claimed.",low,n/a,high,reviewed
D139-DAEMON-GUARDRAIL,D139-SURFACE-ACCOUNTABILITY,CG-W9-DAEMON-GUARDRAIL,D139,Network safety,Remote HTTP daemon and token surface,"mechanism, workflow, product pattern, or negative evidence",negative lesson,context-dependent,cmd/http_api.go,2a8dbd1ef8fbbc3396173b1f7406da00acedda9c2cc88c8f35728e8520816211,n/a,"target-native adaptation, hardening, recomposition, inspiration, supersession, or guardrail derivation",many-to-many,rejected-with-reason,"Remote HTTP daemon and token surface was compared against WinCare authority, state, policy, preview, journaling, bounded-resource, and recovery models. Donor packaging was not imported.",n/a,n/a,Download management remains local and authenticated through existing interfaces.,No listen-all daemon or remote API is admitted.,tests/Wave9.ExperienceStudio.Tests.ps1,n/a,n/a,Donor license files are preserved as evidence; no donor source is bundled and behavior is independently implemented.,critical,n/a,high,statically-validated
D139-DOWNLOAD-ENGINE-SUPERSEDED,D139-SURFACE-ACCOUNTABILITY,CG-W9-DOWNLOAD-ENGINE-SUPERSEDED,D139,Downloads,Concurrent and single-source downloader engines,"mechanism, workflow, product pattern, or negative evidence",runtime engine,context-dependent,internal/strategy/concurrent/downloader.go,14ca154d24b2918e0d78b8ff23e412cad0968e9368034ea45b86895c72bb2287,n/a,"target-native adaptation, hardening, recomposition, inspiration, supersession, or guardrail derivation",many-to-many,superseded,"Concurrent and single-source downloader engines was compared against WinCare authority, state, policy, preview, journaling, bounded-resource, and recovery models. Donor packaging was not imported.",Existing download queue,src/WinCare/Providers/100-Downloads.ps1#New-WinCareDownloadJobRecord,BITS remains the sole transfer authority.,A second transfer state machine is not introduced.,tests/Wave9.ExperienceStudio.Tests.ps1,"Experience Studio TUI, headless JSON, preview receipts, and transaction journal",additive WinCare 4.8 capability; existing authority and persistence owners remain authoritative,Donor license files are preserved as evidence; no donor source is bundled and behavior is independently implemented.,high,n/a,high,statically-validated
D139-MIRROR-STRATEGY,D139-SURFACE-ACCOUNTABILITY,CG-W9-MIRROR-STRATEGY,D139,Downloads,"Mirror failover, retry, and scheduling affordances","mechanism, workflow, product pattern, or negative evidence",download strategy,context-dependent,docs/SETTINGS.md,1885dabc92173d8fc3005dc67d46ed5470037b62d3ee931c9382c00068edd8f9,n/a,"target-native adaptation, hardening, recomposition, inspiration, supersession, or guardrail derivation",many-to-many,adapted,"Mirror failover, retry, and scheduling affordances was compared against WinCare authority, state, policy, preview, journaling, bounded-resource, and recovery models. Donor packaging was not imported.",Download strategy inspection,src/WinCare/Providers/109-ExperienceStudio.ps1#Get-WinCareDownloadStrategy,"Existing BITS jobs retain bounded mirrors, retries, schedules, and hashes.",No parallel chunk engine is claimed or imported.,tests/Wave9.ExperienceStudio.Tests.ps1,"Experience Studio TUI, headless JSON, preview receipts, and transaction journal",additive WinCare 4.8 capability; existing authority and persistence owners remain authoritative,Donor license files are preserved as evidence; no donor source is bundled and behavior is independently implemented.,medium,n/a,high,statically-validated
D139-SURFACE-ACCOUNTABILITY,n/a,CG-W9-D139-ACCOUNTABILITY,D139,Donor accountability,Complete file accountability for Surge,repository/archive surface,accountability evidence,standalone,README.md,f411e626c2f643c5e87db9e10d371be8b3c2dfa4cca65a956f8248faf28b19cc,n/a,evidence inventory and disposition mapping,custom:one donor to complete surface accountability,reference-only,"Every supplied regular file was hashed, classified, and linked; material semantics receive narrower child records.",n/a,n/a,No submitted donor surface is silently omitted.,Duplicate bytes and file counts are not treated as new semantic adoption.,n/a,n/a,n/a,Donor license files are preserved as evidence; no donor source is bundled and behavior is independently implemented.,low,n/a,high,reviewed
D140-CONDITION-SCHEDULER,D140-SURFACE-ACCOUNTABILITY,CG-W9-CONDITION-SCHEDULER,D140,Power,Condition-driven power and brightness selection,"mechanism, workflow, product pattern, or negative evidence",state and scheduling model,context-dependent,Scheduler/Scheduling.Conditions.pas,8eabca9a34d405be1a0a1cda075e3beeb09c2e36b3c80cbf2e64f9056ec96bf6,n/a,"target-native adaptation, hardening, recomposition, inspiration, supersession, or guardrail derivation",many-to-many,adapted,"Condition-driven power and brightness selection was compared against WinCare authority, state, policy, preview, journaling, bounded-resource, and recovery models. Donor packaging was not imported.",Power condition profiles,src/WinCare/Providers/109-ExperienceStudio.ps1#Get-WinCarePowerConditionAssessment;src/WinCare/Providers/109-ExperienceStudio.ps1#Get-WinCarePowerConditionProfile,Battery and AC state only produce bounded recommendations or explicit plans.,No background scheduler is silently installed.,tests/Wave9.ExperienceStudio.Tests.ps1,"Experience Studio TUI, headless JSON, preview receipts, and transaction journal",additive WinCare 4.8 capability; existing authority and persistence owners remain authoritative,BatteryMode has a custom license; implementation is independent and limited to generic power-state concepts.,medium,n/a,high,statically-validated
D140-GLOBAL-HOOK-PIPE-GUARDRAIL,D140-SURFACE-ACCOUNTABILITY,CG-W9-GLOBAL-HOOK-PIPE-GUARDRAIL,D140,Power,Global hotkey and pipe API rejection,"mechanism, workflow, product pattern, or negative evidence",negative lesson,context-dependent,Api/Api.Pipe.Server.pas,7d61511c65e11fa7321ca1b01daa282415e6561839827ff40ffac9349f4b9d28,n/a,"target-native adaptation, hardening, recomposition, inspiration, supersession, or guardrail derivation",many-to-many,rejected-with-reason,"Global hotkey and pipe API rejection was compared against WinCare authority, state, policy, preview, journaling, bounded-resource, and recovery models. Donor packaging was not imported.",n/a,n/a,No always-on IPC or global input hook is required.,The donor command server is not exposed.,tests/Wave9.ExperienceStudio.Tests.ps1,n/a,n/a,BatteryMode has a custom license; implementation is independent and limited to generic power-state concepts.,high,n/a,high,statically-validated
D140-POWER-BRIGHTNESS,D140-SURFACE-ACCOUNTABILITY,CG-W9-POWER-BRIGHTNESS,D140,Power,Power scheme plus internal display brightness action,"mechanism, workflow, product pattern, or negative evidence",operator workflow,context-dependent,Brightness/Brightness.Manager.pas,ff39f6ba3f9b4366b0b1c6aedc17156082e81440fddb64427d4bac2ab8b76ebc,n/a,"target-native adaptation, hardening, recomposition, inspiration, supersession, or guardrail derivation",many-to-many,recomposed,"Power scheme plus internal display brightness action was compared against WinCare authority, state, policy, preview, journaling, bounded-resource, and recovery models. Donor packaging was not imported.",Power condition plans,src/WinCare/Providers/109-ExperienceStudio.ps1#New-WinCarePowerConditionPlan,Existing SetPowerScheme and SetBrightness actions own mutation and compensation.,"Global hotkeys, pipe servers, and external monitor control are not imported.",tests/Wave9.ExperienceStudio.Tests.ps1,"Experience Studio TUI, headless JSON, preview receipts, and transaction journal",additive WinCare 4.8 capability; existing authority and persistence owners remain authoritative,BatteryMode has a custom license; implementation is independent and limited to generic power-state concepts.,high,n/a,high,statically-validated
D140-SURFACE-ACCOUNTABILITY,n/a,CG-W9-D140-ACCOUNTABILITY,D140,Donor accountability,Complete file accountability for BatteryMode,repository/archive surface,accountability evidence,standalone,README.md,2ffce0544e2e17878f88baabcd742b3deb6b1ebf8944bbf8f94368b297d19870,n/a,evidence inventory and disposition mapping,custom:one donor to complete surface accountability,reference-only,"Every supplied regular file was hashed, classified, and linked; material semantics receive narrower child records.",n/a,n/a,No submitted donor surface is silently omitted.,Duplicate bytes and file counts are not treated as new semantic adoption.,n/a,n/a,n/a,BatteryMode has a custom license; implementation is independent and limited to generic power-state concepts.,low,n/a,high,reviewed
D141-PRIVACY-COLLECTION,D141-SURFACE-ACCOUNTABILITY,CG-W9-PRIVACY-COLLECTION,D141,Privacy,Machine-readable privacy script collection and categorization,"mechanism, workflow, product pattern, or negative evidence",configuration catalog,context-dependent,src/application/collections/windows.yaml,62b862fd56ec1bcb74d8e934fed2f7648ee6720aabf28be61ff06b44808940cd,n/a,"target-native adaptation, hardening, recomposition, inspiration, supersession, or guardrail derivation",many-to-many,recomposed,"Machine-readable privacy script collection and categorization was compared against WinCare authority, state, policy, preview, journaling, bounded-resource, and recovery models. Donor packaging was not imported.",Privacy profiles,src/WinCare/Providers/109-ExperienceStudio.ps1#Get-WinCarePrivacyProfile,Selected semantics map to known WinCare catalog rules.,Raw script bodies are not executed.,tests/Wave9.ExperienceStudio.Tests.ps1,"Experience Studio TUI, headless JSON, preview receipts, and transaction journal",additive WinCare 4.8 capability; existing authority and persistence owners remain authoritative,Donor license files are preserved as evidence; no donor source is bundled and behavior is independently implemented.,critical,n/a,high,statically-validated
D141-REVERSIBLE-SCRIPTS,D141-SURFACE-ACCOUNTABILITY,CG-W9-REVERSIBLE-SCRIPTS,D141,Privacy,Revert-aware script guidance,"mechanism, workflow, product pattern, or negative evidence",operational practice,context-dependent,docs/script-guidelines.md,a19666d01d9546c45c743e0e02ee563f4144b9c8b2a784477deb4f3beef93c53,n/a,"target-native adaptation, hardening, recomposition, inspiration, supersession, or guardrail derivation",many-to-many,adapted,"Revert-aware script guidance was compared against WinCare authority, state, policy, preview, journaling, bounded-resource, and recovery models. Donor packaging was not imported.",Privacy profile plans,src/WinCare/Providers/109-ExperienceStudio.ps1#New-WinCarePrivacyProfilePlan,Normal privacy profiles retain explicit compensators.,A claimed revert is not trusted without target-state capture.,tests/Wave9.ExperienceStudio.Tests.ps1,"Experience Studio TUI, headless JSON, preview receipts, and transaction journal",additive WinCare 4.8 capability; existing authority and persistence owners remain authoritative,Donor license files are preserved as evidence; no donor source is bundled and behavior is independently implemented.,high,n/a,high,statically-validated
D141-SCRIPT-GUIDELINES,D141-SURFACE-ACCOUNTABILITY,CG-W9-SCRIPT-GUIDELINES,D141,Governance,Script research and documentation discipline,"mechanism, workflow, product pattern, or negative evidence",governance pattern,context-dependent,docs/collection-files.md,5e1bd2943e4d80bee87085e7936eee093827b5a4e7c8a69096eb9b5b09431adf,n/a,"target-native adaptation, hardening, recomposition, inspiration, supersession, or guardrail derivation",many-to-many,adapted,"Script research and documentation discipline was compared against WinCare authority, state, policy, preview, journaling, bounded-resource, and recovery models. Donor packaging was not imported.",Evidence and capability cards,src/WinCare/Providers/109-ExperienceStudio.ps1#Get-WinCareExperienceCapabilityCard,Capabilities expose source records and risk boundaries.,Documentation does not grant execution authority.,tests/Wave9.ExperienceStudio.Tests.ps1,"Experience Studio TUI, headless JSON, preview receipts, and transaction journal",additive WinCare 4.8 capability; existing authority and persistence owners remain authoritative,Donor license files are preserved as evidence; no donor source is bundled and behavior is independently implemented.,low,n/a,high,statically-validated
D141-SURFACE-ACCOUNTABILITY,n/a,CG-W9-D141-ACCOUNTABILITY,D141,Donor accountability,Complete file accountability for privacy.sexy,repository/archive surface,accountability evidence,standalone,README.md,e994cbc18a1a1821e286c75eb26ac5a5226826b01ca5ccd6b8208615eafd4003,n/a,evidence inventory and disposition mapping,custom:one donor to complete surface accountability,reference-only,"Every supplied regular file was hashed, classified, and linked; material semantics receive narrower child records.",n/a,n/a,No submitted donor surface is silently omitted.,Duplicate bytes and file counts are not treated as new semantic adoption.,n/a,n/a,n/a,Donor license files are preserved as evidence; no donor source is bundled and behavior is independently implemented.,low,n/a,high,reviewed
D141-UNSAFE-SCRIPT-GUARDRAIL,D141-SURFACE-ACCOUNTABILITY,CG-W9-UNSAFE-SCRIPT-GUARDRAIL,D141,Legacy unsafe,Maximum privacy script composition without raw execution,"mechanism, workflow, product pattern, or negative evidence",unsafe mutation reference,context-dependent,src/application/collections/windows.yaml,62b862fd56ec1bcb74d8e934fed2f7648ee6720aabf28be61ff06b44808940cd,n/a,"target-native adaptation, hardening, recomposition, inspiration, supersession, or guardrail derivation",many-to-many,recomposed,"Maximum privacy script composition without raw execution was compared against WinCare authority, state, policy, preview, journaling, bounded-resource, and recovery models. Donor packaging was not imported.",Legacy unsafe profiles,src/WinCare/Providers/106-PeerUtilities.ps1#Get-WinCareLegacyUnsafeProfile,Persistent reductions require exact Critical authorization.,Generated donor shell scripts are never run directly.,tests/Wave9.ExperienceStudio.Tests.ps1,"Experience Studio TUI, headless JSON, preview receipts, and transaction journal",additive WinCare 4.8 capability; existing authority and persistence owners remain authoritative,Donor license files are preserved as evidence; no donor source is bundled and behavior is independently implemented.,critical,n/a,high,statically-validated
D142-DUPLICATE-SUBMISSION,D142-SURFACE-ACCOUNTABILITY,CG-W9-DUPLICATE-D28,D142,Provenance,Byte-identical repeat submission of D28,complete archive,duplicate provenance,standalone,README.md,e2f31658e3202ef455bec268db8a346e8560691506db3c7977e652c91c976cf5,n/a,deduplication and prior-decision reuse,custom:duplicate evidence to prior donor baseline,reference-only,The archive hash matches D28; its prior semantic ledger and implementation decisions remain authoritative.,Existing prior donor capabilities,n/a,Duplicate input does not create parallel ownership or inflated implementation claims.,No new target feature is attributed solely to duplicate bytes.,n/a,n/a,none,"Exact duplicate submission of D28; prior licensing and decisions remain controlling, and no new implementation is claimed.",low,n/a,high,verified
D142-SURFACE-ACCOUNTABILITY,n/a,CG-W9-D142-ACCOUNTABILITY,D142,Donor accountability,Complete file accountability for Windhawk,repository/archive surface,accountability evidence,standalone,README.md,e2f31658e3202ef455bec268db8a346e8560691506db3c7977e652c91c976cf5,n/a,evidence inventory and disposition mapping,custom:one donor to complete surface accountability,reference-only,"Every supplied regular file was hashed, classified, and linked; material semantics receive narrower child records.",n/a,n/a,No submitted donor surface is silently omitted.,Duplicate bytes and file counts are not treated as new semantic adoption.,n/a,n/a,n/a,"Exact duplicate submission of D28; prior licensing and decisions remain controlling, and no new implementation is claimed.",low,n/a,high,reviewed
D143-ARCHIVED-TOOLKIT-GUARDRAIL,D143-SURFACE-ACCOUNTABILITY,CG-W9-ARCHIVED-TOOLKIT-GUARDRAIL,D143,Architecture,Archived UWP toolkit architecture and gaze/input components,"mechanism, workflow, product pattern, or negative evidence",historical reference,context-dependent,ReadMe.md,6de8de15903bbad774a5a85cf45b4e09046c8701143eb435d09a52db4d065138,n/a,"target-native adaptation, hardening, recomposition, inspiration, supersession, or guardrail derivation",many-to-many,reference-only,"Archived UWP toolkit architecture and gaze/input components was compared against WinCare authority, state, policy, preview, journaling, bounded-resource, and recovery models. Donor packaging was not imported.",n/a,n/a,Only current target-compatible product ideas are retained.,Archived libraries and global gaze/input surfaces are not embedded.,n/a,n/a,n/a,Donor license files are preserved as evidence; no donor source is bundled and behavior is independently implemented.,medium,n/a,high,reviewed
D143-SAMPLE-CATALOG-UX,D143-SURFACE-ACCOUNTABILITY,CG-W9-SAMPLE-CATALOG-UX,D143,Product experience,Searchable sample catalog and capability discovery,"mechanism, workflow, product pattern, or negative evidence",product workflow,context-dependent,Microsoft.Toolkit.Uwp.SampleApp/Shell.Search.cs,2b64698f19102ad3cab7dcbbf0b39a73f8c6eaaa8aaab742679bcad3b6a02fc9,n/a,"target-native adaptation, hardening, recomposition, inspiration, supersession, or guardrail derivation",many-to-many,inspired-native,"Searchable sample catalog and capability discovery was compared against WinCare authority, state, policy, preview, journaling, bounded-resource, and recovery models. Donor packaging was not imported.",Experience capability cards,src/WinCare/Providers/109-ExperienceStudio.ps1#Get-WinCareExperienceCapabilityCard,Discovery remains a read-only view over registered capabilities.,Sample metadata cannot invoke arbitrary code.,tests/Wave9.ExperienceStudio.Tests.ps1,"Experience Studio TUI, headless JSON, preview receipts, and transaction journal",additive WinCare 4.8 capability; existing authority and persistence owners remain authoritative,Donor license files are preserved as evidence; no donor source is bundled and behavior is independently implemented.,low,n/a,high,statically-validated
D143-SURFACE-ACCOUNTABILITY,n/a,CG-W9-D143-ACCOUNTABILITY,D143,Donor accountability,Complete file accountability for Windows Community Toolkit,repository/archive surface,accountability evidence,standalone,ReadMe.md,6de8de15903bbad774a5a85cf45b4e09046c8701143eb435d09a52db4d065138,n/a,evidence inventory and disposition mapping,custom:one donor to complete surface accountability,reference-only,"Every supplied regular file was hashed, classified, and linked; material semantics receive narrower child records.",n/a,n/a,No submitted donor surface is silently omitted.,Duplicate bytes and file counts are not treated as new semantic adoption.,n/a,n/a,n/a,Donor license files are preserved as evidence; no donor source is bundled and behavior is independently implemented.,low,n/a,high,reviewed
D143-V5-CAPABILITY-NAVIGATION,D143-SAMPLE-CATALOG-UX,CG-V5-CAPABILITY-NAVIGATION,D143,Product experience,"Searchable capability navigation with category, risk, keyboard, and accessibility affordances",operator workflow and product surface,design system and navigation,context-dependent,Microsoft.Toolkit.Uwp.SampleApp/Shell.Search.cs,2b64698f19102ad3cab7dcbbf0b39a73f8c6eaaa8aaab742679bcad3b6a02fc9,n/a,independent reimplementation and adaptation,many-to-many,adapted,The Toolkit sample catalog showed the value of searchable capability discovery. V5 independently implements a desktop operations navigation system with explicit risk and accessibility semantics.,Graphical capability navigation,src/WinCare/Data/Gui/navigation.json;src/WinCare/Data/Gui/actions.json;src/WinCare/Data/Gui/WinCare.MainWindow.xaml#NavigationList;src/WinCare/UI/Gui/10-GuiRuntime.ps1#Set-WinCareGuiSection,Navigation state is non-authoritative and filters only already registered capabilities.,Search results do not grant permissions or execute actions automatically.,tests/V5.Gui.Tests.ps1#uses accessible high-contrast design tokens and keyboard affordances,"WinCare V5 sidebar, global search, filters, and keyboard navigation","additive WinCare 5.0 GUI; existing terminal, headless, policy, transaction, and recovery owners remain authoritative",Donor license files are preserved as evidence; no donor source is bundled and behavior is independently implemented.,low,n/a,high,statically-validated
D143-V5-EVIDENCE-EXPLORER,D143-SAMPLE-CATALOG-UX,CG-V5-EVIDENCE-EXPLORER,D143,Product experience,In-product convergence evidence explorer and validation posture,operator workflow and product surface,evidence visualization,context-dependent,Microsoft.Toolkit.Uwp.SampleApp/Shell.Search.cs,2b64698f19102ad3cab7dcbbf0b39a73f8c6eaaa8aaab742679bcad3b6a02fc9,n/a,target-native adaptation and synthesis,many-to-many,synthesized,"The searchable sample-catalog pattern is extended into an evidence workspace that exposes WinCare adoption decisions, risk, validation status, and cumulative coverage without making evidence authoritative for execution.",Graphical evidence explorer,src/WinCare/UI/Gui/10-GuiRuntime.ps1#Update-WinCareGuiEvidence;src/WinCare/Data/Gui/WinCare.MainWindow.xaml#EvidencePanel;tools/validate_v5.py,Evidence display is read-only and derived from canonical convergence artifacts.,Evidence confidence or donor popularity never grants action authority.,tests/V5.Gui.Tests.ps1#binds GUI synthesis to prior donor evidence without inventing new donors,WinCare V5 Evidence workspace,"additive WinCare 5.0 GUI; existing terminal, headless, policy, transaction, and recovery owners remain authoritative",Donor license files are preserved as evidence; no donor source is bundled and behavior is independently implemented.,low,n/a,high,statically-validated
D144-7PLUS-EXPLORER-TABS,D144-SURFACE-ACCOUNTABILITY,CG-W10-7PLUS-EXPLORER-TABS,D144,Explorer,Explorer tab and folder-session automation,"mechanism, workflow, product pattern, or negative evidence",operator workflow,context-dependent,Explorer/Explorer/Explorer/ReadMe.txt,fc11351b14a1cc4bebf6ae586a588792cc36ea8b97fc09f1c0d415e13c9d0986,n/a,"target-native adaptation, hardening, recomposition, inspiration, supersession, or guardrail derivation",many-to-many,recomposed,"Explorer tab and folder-session automation was compared against WinCare authority, identity, policy, preview, journaling, bounded-resource, recovery, GUI, and release models. Donor packaging was not imported.",Explorer session capture and restoration,src/WinCare/Providers/110-ShellHardwareStudio.ps1#Get-WinCareExplorerSession;src/WinCare/Providers/110-ShellHardwareStudio.ps1#New-WinCareExplorerSessionRestorePlan,Only canonical local directories with matching captured hashes are reopened.,No global shell hook or arbitrary command is admitted.,tests/Wave10.ShellHardware.Tests.ps1#restricts Explorer session restoration to canonical local directories,"Shell and Hardware Studio TUI, V5 GUI catalog, headless JSON, preview receipts, and transaction journal",additive WinCare 5.1 capability; existing authority and persistence owners remain authoritative,"Donor license files are preserved as evidence; no donor source or binary is bundled, and target behavior is independently implemented.",high,n/a,high,statically-validated
D144-AUTOHOTKEY-RUNTIME-GUARDRAIL,D144-SURFACE-ACCOUNTABILITY,CG-W10-AUTOHOTKEY-RUNTIME-GUARDRAIL,D144,Trust boundary,Global hotkey and automation runtime rejection,"mechanism, workflow, product pattern, or negative evidence",negative evidence,context-dependent,Accessor/CWindowSwitcherPlugin.ahk,10ea6f9d010dae629540c71228fce471c28a62520be6a3d0ace6aea80a25589f,n/a,"target-native adaptation, hardening, recomposition, inspiration, supersession, or guardrail derivation",many-to-many,rejected-with-reason,"Global hotkey and automation runtime rejection was compared against WinCare authority, identity, policy, preview, journaling, bounded-resource, recovery, GUI, and release models. Donor packaging was not imported.",n/a,n/a,WinCare retains its existing explicit invocation and policy authority.,Downloaded or donor-supplied AHK code is never executed as an extension.,tests/Wave10.ShellHardware.Tests.ps1#exports the target-native Shell and Hardware functions,n/a,n/a,"Donor license files are preserved as evidence; no donor source or binary is bundled, and target behavior is independently implemented.",high,n/a,high,statically-validated
D144-SURFACE-ACCOUNTABILITY,n/a,CG-W10-D144-ACCOUNTABILITY,D144,Donor accountability,Complete file and symlink accountability for 7plus,repository/archive surface,accountability evidence,standalone,README.md,5d814296cc7c111facf8a8ab55ecaa22687255c8577e9cd1062e70fba9d8c4fd,n/a,evidence inventory and disposition mapping,custom:one donor to complete surface accountability,reference-only,"Every supplied regular file and repository symlink was hashed or identity-recorded, classified, and linked; material semantics receive narrower child records.",n/a,n/a,No submitted donor surface is silently omitted.,"Duplicate bytes, vendored trees, generated output, and file counts are not treated as semantic implementation.",n/a,n/a,n/a,"Donor license files are preserved as evidence; no donor source or binary is bundled, and target behavior is independently implemented.",low,n/a,high,reviewed
D144-WINDOW-SWITCHER-PRIMITIVE,D144-SURFACE-ACCOUNTABILITY,CG-W10-WINDOW-SWITCHER-PRIMITIVE,D144,Window management,Fast open-window switching and title matching,"mechanism, workflow, product pattern, or negative evidence",interaction primitive,context-dependent,Accessor/CWindowSwitcherPlugin.ahk,10ea6f9d010dae629540c71228fce471c28a62520be6a3d0ace6aea80a25589f,n/a,"target-native adaptation, hardening, recomposition, inspiration, supersession, or guardrail derivation",many-to-many,adapted,"Fast open-window switching and title matching was compared against WinCare authority, identity, policy, preview, journaling, bounded-resource, recovery, GUI, and release models. Donor packaging was not imported.",Fuzzy window search,src/WinCare/Providers/110-ShellHardwareStudio.ps1#Get-WinCareWindowSearch,Search is read-only and bounded to currently enumerated top-level windows.,"No resident AutoHotkey hook, keystroke interception, or donor script runtime is installed.",tests/Wave10.ShellHardware.Tests.ps1#publishes every new headless route,"Shell and Hardware Studio TUI, V5 GUI catalog, headless JSON, preview receipts, and transaction journal",additive WinCare 5.1 capability; existing authority and persistence owners remain authoritative,"Donor license files are preserved as evidence; no donor source or binary is bundled, and target behavior is independently implemented.",medium,n/a,high,statically-validated
D145-DATA-DRIVEN-UI-REFERENCE,D145-SURFACE-ACCOUNTABILITY,CG-W10-DATA-DRIVEN-UI-REFERENCE,D145,Product architecture,Data-driven entity/component UI composition,"mechanism, workflow, product pattern, or negative evidence",architecture reference,context-dependent,README.md,8b6e053d5a380638272e7533aae4644f0e33b172c1bbbe49e90ef4d6609518f9,n/a,"target-native adaptation, hardening, recomposition, inspiration, supersession, or guardrail derivation",many-to-many,reference-only,"Data-driven entity/component UI composition was compared against WinCare authority, identity, policy, preview, journaling, bounded-resource, recovery, GUI, and release models. Donor packaging was not imported.",n/a,n/a,Only generic composition observations are retained as evidence.,"The game engine, rendering loop, and ECS runtime are not embedded in WinCare.",tests/Wave10.ShellHardware.Tests.ps1#exports the target-native Shell and Hardware functions,n/a,n/a,"Donor license files are preserved as evidence; no donor source or binary is bundled, and target behavior is independently implemented.",low,n/a,high,reviewed
D145-ENGINE-RUNTIME-GUARDRAIL,D145-SURFACE-ACCOUNTABILITY,CG-W10-ENGINE-RUNTIME-GUARDRAIL,D145,Architecture,Large unrelated VR/game runtime exclusion,"mechanism, workflow, product pattern, or negative evidence",scope guardrail,context-dependent,README.md,8b6e053d5a380638272e7533aae4644f0e33b172c1bbbe49e90ef4d6609518f9,n/a,"target-native adaptation, hardening, recomposition, inspiration, supersession, or guardrail derivation",many-to-many,rejected-with-reason,"Large unrelated VR/game runtime exclusion was compared against WinCare authority, identity, policy, preview, journaling, bounded-resource, recovery, GUI, and release models. Donor packaging was not imported.",n/a,n/a,WinCare remains a Windows operations product with one authority path.,"Unrelated rendering, simulation, asset, and game-state subsystems are not imported.",tests/Wave10.ShellHardware.Tests.ps1#exports the target-native Shell and Hardware functions,n/a,n/a,"Donor license files are preserved as evidence; no donor source or binary is bundled, and target behavior is independently implemented.",medium,n/a,high,statically-validated
D145-SURFACE-ACCOUNTABILITY,n/a,CG-W10-D145-ACCOUNTABILITY,D145,Donor accountability,Complete file and symlink accountability for Lullaby,repository/archive surface,accountability evidence,standalone,README.md,8b6e053d5a380638272e7533aae4644f0e33b172c1bbbe49e90ef4d6609518f9,n/a,evidence inventory and disposition mapping,custom:one donor to complete surface accountability,reference-only,"Every supplied regular file and repository symlink was hashed or identity-recorded, classified, and linked; material semantics receive narrower child records.",n/a,n/a,No submitted donor surface is silently omitted.,"Duplicate bytes, vendored trees, generated output, and file counts are not treated as semantic implementation.",n/a,n/a,n/a,"Donor license files are preserved as evidence; no donor source or binary is bundled, and target behavior is independently implemented.",low,n/a,high,reviewed
D146-MONITOR-IDENTITY-RECOVERY,D146-SURFACE-ACCOUNTABILITY,CG-W10-MONITOR-IDENTITY-RECOVERY,D146,Display hardware,Stable monitor identity and exact-value restoration,"mechanism, workflow, product pattern, or negative evidence",recovery primitive,context-dependent,Source/Monitorian.Core/Models/Monitor/DdcMonitorItem.cs,c312d77bbce3283a39f1aaa4a697d4020e999f28a9cdc286dd6fc7f71399c6b3,n/a,"target-native adaptation, hardening, recomposition, inspiration, supersession, or guardrail derivation",many-to-many,extracted,"Stable monitor identity and exact-value restoration was compared against WinCare authority, identity, policy, preview, journaling, bounded-resource, recovery, GUI, and release models. Donor packaging was not imported.",Monitor-control recovery,src/WinCare/Providers/110-ShellHardwareStudio.ps1#Invoke-WinCareSetMonitorVcpFeatureAction,Compensation restores the captured value only when monitor identity and maximum remain consistent.,Recovery never targets a different display that reused an ordinal.,tests/Wave10.ShellHardware.Tests.ps1#limits monitor mutation to brightness and contrast VCP codes with CAS recovery,"Shell and Hardware Studio TUI, V5 GUI catalog, headless JSON, preview receipts, and transaction journal",additive WinCare 5.1 capability; existing authority and persistence owners remain authoritative,"Donor license files are preserved as evidence; no donor source or binary is bundled, and target behavior is independently implemented.",high,n/a,high,statically-validated
D146-MONITORIAN-DDCCI,D146-SURFACE-ACCOUNTABILITY,CG-W10-MONITORIAN-DDCCI,D146,Display hardware,DDC/CI physical-monitor brightness and contrast control,"mechanism, workflow, product pattern, or negative evidence",hardware-control mechanism,context-dependent,Source/Monitorian.Core/Models/Monitor/DdcMonitorItem.cs,c312d77bbce3283a39f1aaa4a697d4020e999f28a9cdc286dd6fc7f71399c6b3,n/a,"target-native adaptation, hardening, recomposition, inspiration, supersession, or guardrail derivation",many-to-many,hardened,"DDC/CI physical-monitor brightness and contrast control was compared against WinCare authority, identity, policy, preview, journaling, bounded-resource, recovery, GUI, and release models. Donor packaging was not imported.",DDC/CI monitor inspection and mutation,src/WinCare/Native/WinCare.ShellHardware.cs#ShellHardware;src/WinCare/Providers/110-ShellHardwareStudio.ps1#Get-WinCareMonitorControlState;src/WinCare/Providers/110-ShellHardwareStudio.ps1#New-WinCareMonitorControlPlan,Only VCP 0x10 and 0x12 are admitted with physical-monitor identity and compare-and-swap verification.,"Unsupported VCP codes, stale monitor state, and silent best-effort writes fail closed.",tests/Wave10.ShellHardware.Tests.ps1#limits monitor mutation to brightness and contrast VCP codes with CAS recovery,"Shell and Hardware Studio TUI, V5 GUI catalog, headless JSON, preview receipts, and transaction journal",additive WinCare 5.1 capability; existing authority and persistence owners remain authoritative,"Donor license files are preserved as evidence; no donor source or binary is bundled, and target behavior is independently implemented.",high,n/a,high,statically-validated
D146-SURFACE-ACCOUNTABILITY,n/a,CG-W10-D146-ACCOUNTABILITY,D146,Donor accountability,Complete file and symlink accountability for Monitorian,repository/archive surface,accountability evidence,standalone,README.md,beb73e22c8d71e15dfd10b8d5c93e371f214f87fbade4011c5940adcebbe1d84,n/a,evidence inventory and disposition mapping,custom:one donor to complete surface accountability,reference-only,"Every supplied regular file and repository symlink was hashed or identity-recorded, classified, and linked; material semantics receive narrower child records.",n/a,n/a,No submitted donor surface is silently omitted.,"Duplicate bytes, vendored trees, generated output, and file counts are not treated as semantic implementation.",n/a,n/a,n/a,"Donor license files are preserved as evidence; no donor source or binary is bundled, and target behavior is independently implemented.",low,n/a,high,reviewed
D147-GENERATOR-RUNTIME-SUPERSEDED,D147-SURFACE-ACCOUNTABILITY,CG-W10-GENERATOR-RUNTIME-SUPERSEDED,D147,Developer tools,Broad developer utility and code-generator runtime,"mechanism, workflow, product pattern, or negative evidence",product architecture,context-dependent,README.md,f747f0d407495b8639eabd4b72aa32b7a16958d876bee76cc282bf1263308c99,n/a,"target-native adaptation, hardening, recomposition, inspiration, supersession, or guardrail derivation",many-to-many,superseded,"Broad developer utility and code-generator runtime was compared against WinCare authority, identity, policy, preview, journaling, bounded-resource, recovery, GUI, and release models. Donor packaging was not imported.",Existing WinCare validation and generation tools,tools/validate_source.py#main;tools/validate_v5.py#validate,Target validators remain deterministic and repository-owned.,No second application framework or arbitrary code-generation authority is introduced.,tests/Wave10.ShellHardware.Tests.ps1#exports the target-native Shell and Hardware functions,"Shell and Hardware Studio TUI, V5 GUI catalog, headless JSON, preview receipts, and transaction journal",additive WinCare 5.1 capability; existing authority and persistence owners remain authoritative,"Donor license files are preserved as evidence; no donor source or binary is bundled, and target behavior is independently implemented.",medium,n/a,high,statically-validated
D147-SURFACE-ACCOUNTABILITY,n/a,CG-W10-D147-ACCOUNTABILITY,D147,Donor accountability,Complete file and symlink accountability for WinDev Utility,repository/archive surface,accountability evidence,standalone,README.md,f747f0d407495b8639eabd4b72aa32b7a16958d876bee76cc282bf1263308c99,n/a,evidence inventory and disposition mapping,custom:one donor to complete surface accountability,reference-only,"Every supplied regular file and repository symlink was hashed or identity-recorded, classified, and linked; material semantics receive narrower child records.",n/a,n/a,No submitted donor surface is silently omitted.,"Duplicate bytes, vendored trees, generated output, and file counts are not treated as semantic implementation.",n/a,n/a,n/a,"Donor license files are preserved as evidence; no donor source or binary is bundled, and target behavior is independently implemented.",low,n/a,high,reviewed
D147-WINDEV-XAML-AUDIT,D147-SURFACE-ACCOUNTABILITY,CG-W10-WINDEV-XAML-AUDIT,D147,GUI quality,Unused and missing XAML resource analysis,"mechanism, workflow, product pattern, or negative evidence",static-analysis workflow,context-dependent,src/UWP/WinDevUtility/ViewModels/UnusedXamlViewModel.cs,04cfe2e3abfbfdac1223283de610932a26240d5ab8d1cde1615396937f026a96,n/a,"target-native adaptation, hardening, recomposition, inspiration, supersession, or guardrail derivation",many-to-many,adapted,"Unused and missing XAML resource analysis was compared against WinCare authority, identity, policy, preview, journaling, bounded-resource, recovery, GUI, and release models. Donor packaging was not imported.",GUI resource auditing,src/WinCare/Providers/110-ShellHardwareStudio.ps1#Get-WinCareGuiResourceAudit;tools/validate_v5.py#validate,Every StaticResource and DynamicResource reference must resolve to a declared key in scope.,GUI packaging cannot silently omit required resource keys.,tests/Wave10.ShellHardware.Tests.ps1#exports the target-native Shell and Hardware functions,"Shell and Hardware Studio TUI, V5 GUI catalog, headless JSON, preview receipts, and transaction journal",additive WinCare 5.1 capability; existing authority and persistence owners remain authoritative,"Donor license files are preserved as evidence; no donor source or binary is bundled, and target behavior is independently implemented.",medium,n/a,high,statically-validated
D148-RESIDENT-WALKER-SUPERSEDED,D148-SURFACE-ACCOUNTABILITY,CG-W10-RESIDENT-WALKER-SUPERSEDED,D148,Window management,Resident launcher and hook runtime,"mechanism, workflow, product pattern, or negative evidence",runtime architecture,context-dependent,README.md,cac0dae47b4abf4685617157812bf19264476ec0da8aa4f8510bedd8d8cf7c99,n/a,"target-native adaptation, hardening, recomposition, inspiration, supersession, or guardrail derivation",many-to-many,superseded,"Resident launcher and hook runtime was compared against WinCare authority, identity, policy, preview, journaling, bounded-resource, recovery, GUI, and release models. Donor packaging was not imported.",Existing WinCare operator surfaces,src/WinCare/UI/98-Headless.ps1#Invoke-WinCareHeadless;src/WinCare/UI/Gui/10-GuiRuntime.ps1#Start-WinCareGui,The target keeps one command catalog and one execution path.,No parallel resident launcher or global key hook is installed.,tests/Wave10.ShellHardware.Tests.ps1#exports the target-native Shell and Hardware functions,"Shell and Hardware Studio TUI, V5 GUI catalog, headless JSON, preview receipts, and transaction journal",additive WinCare 5.1 capability; existing authority and persistence owners remain authoritative,"Donor license files are preserved as evidence; no donor source or binary is bundled, and target behavior is independently implemented.",medium,n/a,high,statically-validated
D148-SURFACE-ACCOUNTABILITY,n/a,CG-W10-D148-ACCOUNTABILITY,D148,Donor accountability,Complete file and symlink accountability for Window Walker,repository/archive surface,accountability evidence,standalone,README.md,cac0dae47b4abf4685617157812bf19264476ec0da8aa4f8510bedd8d8cf7c99,n/a,evidence inventory and disposition mapping,custom:one donor to complete surface accountability,reference-only,"Every supplied regular file and repository symlink was hashed or identity-recorded, classified, and linked; material semantics receive narrower child records.",n/a,n/a,No submitted donor surface is silently omitted.,"Duplicate bytes, vendored trees, generated output, and file counts are not treated as semantic implementation.",n/a,n/a,n/a,"Donor license files are preserved as evidence; no donor source or binary is bundled, and target behavior is independently implemented.",low,n/a,high,reviewed
D148-WINDOW-WALKER-SEARCH,D148-SURFACE-ACCOUNTABILITY,CG-W10-WINDOW-WALKER-SEARCH,D148,Window management,Fuzzy matching of window title and process metadata,"mechanism, workflow, product pattern, or negative evidence",search algorithm,context-dependent,Window Walker/Window Walker/Components/FuzzyMatching.cs,5bfcdb67ad224e260a9dca6179f190f8142c0e5e47c72bcd477841ec2accc388,n/a,"target-native adaptation, hardening, recomposition, inspiration, supersession, or guardrail derivation",many-to-many,adapted,"Fuzzy matching of window title and process metadata was compared against WinCare authority, identity, policy, preview, journaling, bounded-resource, recovery, GUI, and release models. Donor packaging was not imported.",Fuzzy window search,src/WinCare/Providers/110-ShellHardwareStudio.ps1#Get-WinCareWindowSearch,"Matching is bounded, deterministic, and read-only.",Search cannot activate hidden authority or execute matched text.,tests/Wave10.ShellHardware.Tests.ps1#publishes every new headless route,"Shell and Hardware Studio TUI, V5 GUI catalog, headless JSON, preview receipts, and transaction journal",additive WinCare 5.1 capability; existing authority and persistence owners remain authoritative,"Donor license files are preserved as evidence; no donor source or binary is bundled, and target behavior is independently implemented.",medium,n/a,high,statically-validated
D149-LOW-LEVEL-PROBE-GUARDRAIL,D149-SURFACE-ACCOUNTABILITY,CG-W10-LOW-LEVEL-PROBE-GUARDRAIL,D149,Hardware diagnostics,Privileged low-level probing exclusion,"mechanism, workflow, product pattern, or negative evidence",negative evidence,context-dependent,nwinfo.c,f5ac0cfee2e8363e3a27f8cd960968ee1a6e6c7a765733319ecaae1b32d6b2ed,n/a,"target-native adaptation, hardening, recomposition, inspiration, supersession, or guardrail derivation",many-to-many,rejected-with-reason,"Privileged low-level probing exclusion was compared against WinCare authority, identity, policy, preview, journaling, bounded-resource, recovery, GUI, and release models. Donor packaging was not imported.",n/a,n/a,WinCare uses supported CIM and target-native inspection boundaries.,"Kernel drivers, raw physical-memory access, and donor native probing are not bundled.",tests/Wave10.ShellHardware.Tests.ps1#keeps hardware serials redacted by default,n/a,n/a,"Donor license files are preserved as evidence; no donor source or binary is bundled, and target behavior is independently implemented.",critical,n/a,high,statically-validated
D149-NWINFO-HARDWARE-INVENTORY,D149-SURFACE-ACCOUNTABILITY,CG-W10-NWINFO-HARDWARE-INVENTORY,D149,Hardware diagnostics,Broad bounded hardware and operating-system inventory,"mechanism, workflow, product pattern, or negative evidence",diagnostic mechanism,context-dependent,nwinfo.c,f5ac0cfee2e8363e3a27f8cd960968ee1a6e6c7a765733319ecaae1b32d6b2ed,n/a,"target-native adaptation, hardening, recomposition, inspiration, supersession, or guardrail derivation",many-to-many,adapted,"Broad bounded hardware and operating-system inventory was compared against WinCare authority, identity, policy, preview, journaling, bounded-resource, recovery, GUI, and release models. Donor packaging was not imported.",Hardware inventory and reports,src/WinCare/Providers/110-ShellHardwareStudio.ps1#Get-WinCareHardwareInventory;src/WinCare/Providers/110-ShellHardwareStudio.ps1#New-WinCareHardwareReportPlan,Collection is bounded by class and serial-like identifiers are hashed by default.,Sensitive hardware identifiers are not emitted unless explicitly requested.,tests/Wave10.ShellHardware.Tests.ps1#keeps hardware serials redacted by default,"Shell and Hardware Studio TUI, V5 GUI catalog, headless JSON, preview receipts, and transaction journal",additive WinCare 5.1 capability; existing authority and persistence owners remain authoritative,"Donor license files are preserved as evidence; no donor source or binary is bundled, and target behavior is independently implemented.",high,n/a,high,statically-validated
D149-SURFACE-ACCOUNTABILITY,n/a,CG-W10-D149-ACCOUNTABILITY,D149,Donor accountability,Complete file and symlink accountability for NWinfo,repository/archive surface,accountability evidence,standalone,README.md,b29b4ff4a8a7e7a407eb4715c6309fa428fa268ae5b697a89ba6a4fd1c300b71,n/a,evidence inventory and disposition mapping,custom:one donor to complete surface accountability,reference-only,"Every supplied regular file and repository symlink was hashed or identity-recorded, classified, and linked; material semantics receive narrower child records.",n/a,n/a,No submitted donor surface is silently omitted.,"Duplicate bytes, vendored trees, generated output, and file counts are not treated as semantic implementation.",n/a,n/a,n/a,"Donor license files are preserved as evidence; no donor source or binary is bundled, and target behavior is independently implemented.",low,n/a,high,reviewed
D150-CUSTOM-SHELL-MUTATION-GUARDRAIL,D150-SURFACE-ACCOUNTABILITY,CG-W10-CUSTOM-SHELL-MUTATION-GUARDRAIL,D150,Shell safety,Automatic shell replacement rejection,"mechanism, workflow, product pattern, or negative evidence",negative lesson,context-dependent,README.md,626abde4e48269cbfe92db1a9bbf972cea835d882c7b42267fe8fecee5bcd3ac,n/a,"target-native adaptation, hardening, recomposition, inspiration, supersession, or guardrail derivation",many-to-many,guardrail-derived,"Automatic shell replacement rejection was compared against WinCare authority, identity, policy, preview, journaling, bounded-resource, recovery, GUI, and release models. Donor packaging was not imported.",Full-screen shell assessment,src/WinCare/Providers/110-ShellHardwareStudio.ps1#Get-WinCareFullscreenShellAssessment,Assessment explains risk and preserves operator recovery.,No one-click custom shell mutation is exposed without a separately designed recovery system.,tests/Wave10.ShellHardware.Tests.ps1#exports the target-native Shell and Hardware functions,"Shell and Hardware Studio TUI, V5 GUI catalog, headless JSON, preview receipts, and transaction journal",additive WinCare 5.1 capability; existing authority and persistence owners remain authoritative,"Donor license files are preserved as evidence; no donor source or binary is bundled, and target behavior is independently implemented.",critical,n/a,high,statically-validated
D150-FULLSCREEN-SHELL-ASSESSMENT,D150-SURFACE-ACCOUNTABILITY,CG-W10-FULLSCREEN-SHELL-ASSESSMENT,D150,Shell experience,Detection of custom full-screen shell configuration,"mechanism, workflow, product pattern, or negative evidence",product workflow,context-dependent,README.md,626abde4e48269cbfe92db1a9bbf972cea835d882c7b42267fe8fecee5bcd3ac,n/a,"target-native adaptation, hardening, recomposition, inspiration, supersession, or guardrail derivation",many-to-many,adapted,"Detection of custom full-screen shell configuration was compared against WinCare authority, identity, policy, preview, journaling, bounded-resource, recovery, GUI, and release models. Donor packaging was not imported.",Full-screen shell assessment,src/WinCare/Providers/110-ShellHardwareStudio.ps1#Get-WinCareFullscreenShellAssessment,Custom shell state is assessed and disclosed without granting automatic mutation authority.,WinCare does not replace the primary Explorer recovery surface automatically.,tests/Wave10.ShellHardware.Tests.ps1#publishes every new headless route,"Shell and Hardware Studio TUI, V5 GUI catalog, headless JSON, preview receipts, and transaction journal",additive WinCare 5.1 capability; existing authority and persistence owners remain authoritative,"Donor license files are preserved as evidence; no donor source or binary is bundled, and target behavior is independently implemented.",critical,n/a,high,statically-validated
D150-SURFACE-ACCOUNTABILITY,n/a,CG-W10-D150-ACCOUNTABILITY,D150,Donor accountability,Complete file and symlink accountability for Full Screen Experience Shell,repository/archive surface,accountability evidence,standalone,README.md,626abde4e48269cbfe92db1a9bbf972cea835d882c7b42267fe8fecee5bcd3ac,n/a,evidence inventory and disposition mapping,custom:one donor to complete surface accountability,reference-only,"Every supplied regular file and repository symlink was hashed or identity-recorded, classified, and linked; material semantics receive narrower child records.",n/a,n/a,No submitted donor surface is silently omitted.,"Duplicate bytes, vendored trees, generated output, and file counts are not treated as semantic implementation.",n/a,n/a,n/a,"Donor license files are preserved as evidence; no donor source or binary is bundled, and target behavior is independently implemented.",low,n/a,high,reviewed
D151-DUPLICATE-SUBMISSION,D151-SURFACE-ACCOUNTABILITY,CG-W10-DUPLICATE-D32,D151,Provenance,Byte-identical repeat submission of D32,complete archive,duplicate provenance,standalone,README.md,a9efbaab97cf943410dee82c122f5eb4d2003e505c0a7c130194df573e22267e,n/a,deduplication and prior-decision reuse,custom:duplicate evidence to prior donor baseline,reference-only,The archive hash matches D32; its prior semantic ledger and implementation decisions remain authoritative.,Existing prior donor capabilities,n/a,Duplicate input does not create parallel ownership or inflated implementation claims.,No new target feature is attributed solely to duplicate bytes.,tests/Wave10.ShellHardware.Tests.ps1#does not import duplicate donor architectures as parallel subsystems,n/a,none,"Exact duplicate submission of D32; the prior donor license, evidence, and decisions remain controlling.",low,n/a,high,verified
D151-SURFACE-ACCOUNTABILITY,n/a,CG-W10-D151-ACCOUNTABILITY,D151,Donor accountability,Complete file and symlink accountability for ExplorerPatcher,repository/archive surface,accountability evidence,standalone,README.md,a9efbaab97cf943410dee82c122f5eb4d2003e505c0a7c130194df573e22267e,n/a,evidence inventory and disposition mapping,custom:one donor to complete surface accountability,reference-only,"Every supplied regular file and repository symlink was hashed or identity-recorded, classified, and linked; material semantics receive narrower child records.",n/a,n/a,No submitted donor surface is silently omitted.,"Duplicate bytes, vendored trees, generated output, and file counts are not treated as semantic implementation.",n/a,n/a,n/a,"Exact duplicate submission of D32; the prior donor license, evidence, and decisions remain controlling.",low,n/a,high,reviewed
D152-APPX-DEBUG-MUTATION-GUARDRAIL,D152-SURFACE-ACCOUNTABILITY,CG-W10-APPX-DEBUG-MUTATION-GUARDRAIL,D152,AppX runtime,"Suspend, terminate, debug, and remote-download samples rejected","mechanism, workflow, product pattern, or negative evidence",negative evidence,context-dependent,README.md,e2368ef163bea2d3ee2d7159812106703cc38d0f7b565b994967cb6a44ca5679,n/a,"target-native adaptation, hardening, recomposition, inspiration, supersession, or guardrail derivation",many-to-many,rejected-with-reason,"Suspend, terminate, debug, and remote-download samples rejected was compared against WinCare authority, identity, policy, preview, journaling, bounded-resource, recovery, GUI, and release models. Donor packaging was not imported.",n/a,n/a,This wave exposes inventory and exact activation only.,"Process suspension, termination, debug attachment, and remote script download are not admitted.",tests/Wave10.ShellHardware.Tests.ps1#uses supported AppX process identity and activation APIs,n/a,n/a,"No license was detected in the supplied archive; only facts, concepts, public API observations, and negative guardrails are used.",critical,n/a,high,statically-validated
D152-APPX-LAUNCH-METADATA,D152-SURFACE-ACCOUNTABILITY,CG-W10-APPX-LAUNCH-METADATA,D152,AppX runtime,Manifest-derived AUMID enumeration and exact activation,"mechanism, workflow, product pattern, or negative evidence",activation mechanism,context-dependent,LaunchAppxPackage/LaunchAppxPackage.cpp,696e4df6f5f7d4ec533dc8681fb21974c418e15d010dbc895c2bdb635b8408e8,n/a,"target-native adaptation, hardening, recomposition, inspiration, supersession, or guardrail derivation",many-to-many,hardened,"Manifest-derived AUMID enumeration and exact activation was compared against WinCare authority, identity, policy, preview, journaling, bounded-resource, recovery, GUI, and release models. Donor packaging was not imported.",AppX target discovery and activation,src/WinCare/Providers/110-ShellHardwareStudio.ps1#Get-WinCareAppxLaunchTarget;src/WinCare/Providers/110-ShellHardwareStudio.ps1#New-WinCareAppxLaunchPlan;src/WinCare/Native/WinCare.ShellHardware.cs#ActivateApplication,The package full name and manifest hash are revalidated immediately before supported activation.,"No arbitrary executable, URI, package mutation, or remote payload is accepted.",tests/Wave10.ShellHardware.Tests.ps1#uses supported AppX process identity and activation APIs,"Shell and Hardware Studio TUI, V5 GUI catalog, headless JSON, preview receipts, and transaction journal",additive WinCare 5.1 capability; existing authority and persistence owners remain authoritative,"No license was detected in the supplied archive; only facts, concepts, public API observations, and negative guardrails are used.",high,n/a,high,statically-validated
D152-APPX-PROCESS-PACKAGE-MAPPING,D152-SURFACE-ACCOUNTABILITY,CG-W10-APPX-PROCESS-PACKAGE-MAPPING,D152,AppX runtime,Map a process identifier to exact package identity,"mechanism, workflow, product pattern, or negative evidence",Win32 identity primitive,context-dependent,ProcessIdToPackageId/ProcessIdToPackageId.cpp,d52b67306b1aaebaf1c9a64dc015fbc830d419f3dbd3d0129e7c8b83b4309fee,n/a,"target-native adaptation, hardening, recomposition, inspiration, supersession, or guardrail derivation",many-to-many,hardened,"Map a process identifier to exact package identity was compared against WinCare authority, identity, policy, preview, journaling, bounded-resource, recovery, GUI, and release models. Donor packaging was not imported.",AppX runtime inventory,src/WinCare/Native/WinCare.ShellHardware.cs#GetProcessPackage;src/WinCare/Providers/110-ShellHardwareStudio.ps1#Get-WinCareAppxRuntimeInventory,Package identity is read through the supported GetPackageFullName API.,Unpackaged processes are never misrepresented as AppX packages.,tests/Wave10.ShellHardware.Tests.ps1#uses supported AppX process identity and activation APIs,"Shell and Hardware Studio TUI, V5 GUI catalog, headless JSON, preview receipts, and transaction journal",additive WinCare 5.1 capability; existing authority and persistence owners remain authoritative,"No license was detected in the supplied archive; only facts, concepts, public API observations, and negative guardrails are used.",high,n/a,high,statically-validated
D152-SURFACE-ACCOUNTABILITY,n/a,CG-W10-D152-ACCOUNTABILITY,D152,Donor accountability,Complete file and symlink accountability for AppxUtilities,repository/archive surface,accountability evidence,standalone,README.md,e2368ef163bea2d3ee2d7159812106703cc38d0f7b565b994967cb6a44ca5679,n/a,evidence inventory and disposition mapping,custom:one donor to complete surface accountability,reference-only,"Every supplied regular file and repository symlink was hashed or identity-recorded, classified, and linked; material semantics receive narrower child records.",n/a,n/a,No submitted donor surface is silently omitted.,"Duplicate bytes, vendored trees, generated output, and file counts are not treated as semantic implementation.",n/a,n/a,n/a,"No license was detected in the supplied archive; only facts, concepts, public API observations, and negative guardrails are used.",low,n/a,high,reviewed
D153-RNX-SYMLINK-GUARDRAIL,D153-SURFACE-ACCOUNTABILITY,CG-W10-RNX-SYMLINK-GUARDRAIL,D153,Supply-chain safety,Archive symlink and workspace-graph accountability,"mechanism, workflow, product pattern, or negative evidence",negative evidence,context-dependent,README.md,35ae98308a85b4968844b64c21fbb7327ed91c2bf1bf2e1899fc4d17416d5067,n/a,"target-native adaptation, hardening, recomposition, inspiration, supersession, or guardrail derivation",many-to-many,guardrail-derived,"Archive symlink and workspace-graph accountability was compared against WinCare authority, identity, policy, preview, journaling, bounded-resource, recovery, GUI, and release models. Donor packaging was not imported.",Archive safety inspection,src/WinCare/Providers/110-ShellHardwareStudio.ps1#Get-WinCareArchiveInspection;tools/generate_wave10_evidence.py#main,"Symlinks are recorded, validated, and never followed during donor extraction.",Unsafe or escaping links cannot become target files or executable dependencies.,tests/Wave10.ShellHardware.Tests.ps1#inspects archives without extraction and rejects unsafe members,"Shell and Hardware Studio TUI, V5 GUI catalog, headless JSON, preview receipts, and transaction journal",additive WinCare 5.1 capability; existing authority and persistence owners remain authoritative,"Donor license files are preserved as evidence; no donor source or binary is bundled, and target behavior is independently implemented.",critical,n/a,high,statically-validated
D153-RNX-TOOLCHAIN-SUPERSEDED,D153-SURFACE-ACCOUNTABILITY,CG-W10-RNX-TOOLCHAIN-SUPERSEDED,D153,Developer tooling,JavaScript monorepo dependency and build graph,"mechanism, workflow, product pattern, or negative evidence",toolchain architecture,context-dependent,README.md,35ae98308a85b4968844b64c21fbb7327ed91c2bf1bf2e1899fc4d17416d5067,n/a,"target-native adaptation, hardening, recomposition, inspiration, supersession, or guardrail derivation",many-to-many,superseded,"JavaScript monorepo dependency and build graph was compared against WinCare authority, identity, policy, preview, journaling, bounded-resource, recovery, GUI, and release models. Donor packaging was not imported.",Existing WinCare source and release validators,tools/validate_source.py#main;tools/build_release.py#main,PowerShell and Python remain the target-owned implementation and release toolchains.,"The React Native monorepo, package manager, and plugin ecosystem are not introduced.",tests/Wave10.ShellHardware.Tests.ps1#does not import duplicate donor architectures as parallel subsystems,"Shell and Hardware Studio TUI, V5 GUI catalog, headless JSON, preview receipts, and transaction journal",additive WinCare 5.1 capability; existing authority and persistence owners remain authoritative,"Donor license files are preserved as evidence; no donor source or binary is bundled, and target behavior is independently implemented.",medium,n/a,high,statically-validated
D153-SURFACE-ACCOUNTABILITY,n/a,CG-W10-D153-ACCOUNTABILITY,D153,Donor accountability,Complete file and symlink accountability for RNX Kit,repository/archive surface,accountability evidence,standalone,README.md,35ae98308a85b4968844b64c21fbb7327ed91c2bf1bf2e1899fc4d17416d5067,n/a,evidence inventory and disposition mapping,custom:one donor to complete surface accountability,reference-only,"Every supplied regular file and repository symlink was hashed or identity-recorded, classified, and linked; material semantics receive narrower child records.",n/a,n/a,No submitted donor surface is silently omitted.,"Duplicate bytes, vendored trees, generated output, and file counts are not treated as semantic implementation.",n/a,n/a,n/a,"Donor license files are preserved as evidence; no donor source or binary is bundled, and target behavior is independently implemented.",low,n/a,high,reviewed
D154-GUI-INSPECT-BOUNDARY,D154-SURFACE-ACCOUNTABILITY,CG-W10-GUI-INSPECT-BOUNDARY,D154,GUI diagnostics,Bounded UI Automation tree inspection,"mechanism, workflow, product pattern, or negative evidence",inspection workflow,context-dependent,README.md,167ea21bb0b80583fced8c9de16eee7bfb6654c15399ed96b5f33951356bdfc2,n/a,"target-native adaptation, hardening, recomposition, inspiration, supersession, or guardrail derivation",many-to-many,hardened,"Bounded UI Automation tree inspection was compared against WinCare authority, identity, policy, preview, journaling, bounded-resource, recovery, GUI, and release models. Donor packaging was not imported.",UI Automation snapshots,src/WinCare/Providers/110-ShellHardwareStudio.ps1#Get-WinCareUiAutomationSnapshot,"Depth, nodes, and text exposure are explicitly bounded; text is redacted by default.","The inspector cannot mutate controls, inject input, or scrape unbounded content.","tests/Wave10.ShellHardware.Tests.ps1#bounds UI Automation depth, node count, and text exposure","Shell and Hardware Studio TUI, V5 GUI catalog, headless JSON, preview receipts, and transaction journal",additive WinCare 5.1 capability; existing authority and persistence owners remain authoritative,No reliable source license was detected; opaque binaries are rejected and only independently implemented observations are retained.,high,n/a,high,statically-validated
D154-OPAQUE-BINARY-GUARDRAIL,D154-SURFACE-ACCOUNTABILITY,CG-W10-OPAQUE-BINARY-GUARDRAIL,D154,Supply-chain safety,Opaque prebuilt GUI inspection binaries rejected,"mechanism, workflow, product pattern, or negative evidence",negative evidence,context-dependent,README.md,167ea21bb0b80583fced8c9de16eee7bfb6654c15399ed96b5f33951356bdfc2,n/a,"target-native adaptation, hardening, recomposition, inspiration, supersession, or guardrail derivation",many-to-many,rejected-with-reason,"Opaque prebuilt GUI inspection binaries rejected was compared against WinCare authority, identity, policy, preview, journaling, bounded-resource, recovery, GUI, and release models. Donor packaging was not imported.",n/a,n/a,Only independently implemented inspection semantics are retained.,Unsigned or unreviewed donor binaries are not bundled or executed.,"tests/Wave10.ShellHardware.Tests.ps1#bounds UI Automation depth, node count, and text exposure",n/a,n/a,No reliable source license was detected; opaque binaries are rejected and only independently implemented observations are retained.,critical,n/a,high,statically-validated
D154-SURFACE-ACCOUNTABILITY,n/a,CG-W10-D154-ACCOUNTABILITY,D154,Donor accountability,Complete file and symlink accountability for GUI Inspect Tool,repository/archive surface,accountability evidence,standalone,README.md,167ea21bb0b80583fced8c9de16eee7bfb6654c15399ed96b5f33951356bdfc2,n/a,evidence inventory and disposition mapping,custom:one donor to complete surface accountability,reference-only,"Every supplied regular file and repository symlink was hashed or identity-recorded, classified, and linked; material semantics receive narrower child records.",n/a,n/a,No submitted donor surface is silently omitted.,"Duplicate bytes, vendored trees, generated output, and file counts are not treated as semantic implementation.",n/a,n/a,n/a,No reliable source license was detected; opaque binaries are rejected and only independently implemented observations are retained.,low,n/a,high,reviewed
D155-DUPLICATE-SUBMISSION,D155-SURFACE-ACCOUNTABILITY,CG-W10-DUPLICATE-D57,D155,Provenance,Byte-identical repeat submission of D57,complete archive,duplicate provenance,standalone,README.md,7e17c8b03771321d4783598e1456ec3a201054598324544171c0fe67d6a3df22,n/a,deduplication and prior-decision reuse,custom:duplicate evidence to prior donor baseline,reference-only,The archive hash matches D57; its prior semantic ledger and implementation decisions remain authoritative.,Existing prior donor capabilities,n/a,Duplicate input does not create parallel ownership or inflated implementation claims.,No new target feature is attributed solely to duplicate bytes.,tests/Wave10.ShellHardware.Tests.ps1#does not import duplicate donor architectures as parallel subsystems,n/a,none,"Exact duplicate submission of D57; the prior donor license, evidence, and decisions remain controlling.",low,n/a,high,verified
D155-SURFACE-ACCOUNTABILITY,n/a,CG-W10-D155-ACCOUNTABILITY,D155,Donor accountability,Complete file and symlink accountability for LiteMonitor,repository/archive surface,accountability evidence,standalone,README.md,7e17c8b03771321d4783598e1456ec3a201054598324544171c0fe67d6a3df22,n/a,evidence inventory and disposition mapping,custom:one donor to complete surface accountability,reference-only,"Every supplied regular file and repository symlink was hashed or identity-recorded, classified, and linked; material semantics receive narrower child records.",n/a,n/a,No submitted donor surface is silently omitted.,"Duplicate bytes, vendored trees, generated output, and file counts are not treated as semantic implementation.",n/a,n/a,n/a,"Exact duplicate submission of D57; the prior donor license, evidence, and decisions remain controlling.",low,n/a,high,reviewed
D156-CONEMU-PROFILE-SESSIONS,D156-SURFACE-ACCOUNTABILITY,CG-W10-CONEMU-PROFILE-SESSIONS,D156,Terminal workflows,"Terminal task, profile, and session metadata","mechanism, workflow, product pattern, or negative evidence",configuration model,context-dependent,PortableApps/App/DefaultData/settings/ConEmu.xml,40b07af98fef15e9ee79df65becfc323d10ee0f22399be32f0c8b8b329875b28,n/a,"target-native adaptation, hardening, recomposition, inspiration, supersession, or guardrail derivation",many-to-many,adapted,"Terminal task, profile, and session metadata was compared against WinCare authority, identity, policy, preview, journaling, bounded-resource, recovery, GUI, and release models. Donor packaging was not imported.",Sanitized terminal-environment inventory and export,src/WinCare/Providers/110-ShellHardwareStudio.ps1#Get-WinCareTerminalEnvironment;src/WinCare/Providers/110-ShellHardwareStudio.ps1#New-WinCareTerminalProfileExportPlan,Exports include profile metadata only and redact secrets and execution state.,"No terminal command, credential, hook, or startup task is executed.",tests/Wave10.ShellHardware.Tests.ps1#publishes every new headless route,"Shell and Hardware Studio TUI, V5 GUI catalog, headless JSON, preview receipts, and transaction journal",additive WinCare 5.1 capability; existing authority and persistence owners remain authoritative,"Donor license files are preserved as evidence; no donor source or binary is bundled, and target behavior is independently implemented.",high,n/a,high,statically-validated
D156-CONEMU-RUNTIME-SUPERSEDED,D156-SURFACE-ACCOUNTABILITY,CG-W10-CONEMU-RUNTIME-SUPERSEDED,D156,Terminal workflows,"Full terminal emulator, hook, injection, and task runtime","mechanism, workflow, product pattern, or negative evidence",runtime architecture,context-dependent,src/ConEmu/SetCmdTask.cpp,ccd33e2a3e7a7822afe05d3ddc2692b7809d8c87b090476927ae8b2704564e2e,n/a,"target-native adaptation, hardening, recomposition, inspiration, supersession, or guardrail derivation",many-to-many,superseded,"Full terminal emulator, hook, injection, and task runtime was compared against WinCare authority, identity, policy, preview, journaling, bounded-resource, recovery, GUI, and release models. Donor packaging was not imported.",Existing process runner and operator surfaces,src/WinCare/Core/03-Process.ps1#Invoke-WinCareProcess;src/WinCare/UI/98-Headless.ps1#Invoke-WinCareHeadless,WinCare retains its bounded process runner and structured command catalog.,"No DLL injection, console hook, shell extension, or parallel terminal state machine is imported.",tests/Wave10.ShellHardware.Tests.ps1#exports the target-native Shell and Hardware functions,"Shell and Hardware Studio TUI, V5 GUI catalog, headless JSON, preview receipts, and transaction journal",additive WinCare 5.1 capability; existing authority and persistence owners remain authoritative,"Donor license files are preserved as evidence; no donor source or binary is bundled, and target behavior is independently implemented.",critical,n/a,high,statically-validated
D156-SURFACE-ACCOUNTABILITY,n/a,CG-W10-D156-ACCOUNTABILITY,D156,Donor accountability,Complete file and symlink accountability for ConEmu,repository/archive surface,accountability evidence,standalone,README.md,54fa092b90c3ed1056933462703f81957f4052ddead6d2d2e2d51aeaa6b53225,n/a,evidence inventory and disposition mapping,custom:one donor to complete surface accountability,reference-only,"Every supplied regular file and repository symlink was hashed or identity-recorded, classified, and linked; material semantics receive narrower child records.",n/a,n/a,No submitted donor surface is silently omitted.,"Duplicate bytes, vendored trees, generated output, and file counts are not treated as semantic implementation.",n/a,n/a,n/a,"Donor license files are preserved as evidence; no donor source or binary is bundled, and target behavior is independently implemented.",low,n/a,high,reviewed
D157-DUPLICATE-SUBMISSION,D157-SURFACE-ACCOUNTABILITY,CG-W10-DUPLICATE-D20,D157,Provenance,Byte-identical repeat submission of D20,complete archive,duplicate provenance,standalone,README.md,e42cda4f746534f2651dbc983d93dbd414de631f3f18802925fbb6846b42d98e,n/a,deduplication and prior-decision reuse,custom:duplicate evidence to prior donor baseline,reference-only,The archive hash matches D20; its prior semantic ledger and implementation decisions remain authoritative.,Existing prior donor capabilities,n/a,Duplicate input does not create parallel ownership or inflated implementation claims.,No new target feature is attributed solely to duplicate bytes.,tests/Wave10.ShellHardware.Tests.ps1#does not import duplicate donor architectures as parallel subsystems,n/a,none,"Exact duplicate submission of D20; the prior donor license, evidence, and decisions remain controlling.",low,n/a,high,verified
D157-SURFACE-ACCOUNTABILITY,n/a,CG-W10-D157-ACCOUNTABILITY,D157,Donor accountability,Complete file and symlink accountability for Windows Optimize Harden Debloat,repository/archive surface,accountability evidence,standalone,README.md,e42cda4f746534f2651dbc983d93dbd414de631f3f18802925fbb6846b42d98e,n/a,evidence inventory and disposition mapping,custom:one donor to complete surface accountability,reference-only,"Every supplied regular file and repository symlink was hashed or identity-recorded, classified, and linked; material semantics receive narrower child records.",n/a,n/a,No submitted donor surface is silently omitted.,"Duplicate bytes, vendored trees, generated output, and file counts are not treated as semantic implementation.",n/a,n/a,n/a,"Exact duplicate submission of D20; the prior donor license, evidence, and decisions remain controlling.",low,n/a,high,reviewed
D158-BATUTIL-SERVICING-MEDIA,D158-SURFACE-ACCOUNTABILITY,CG-W10-BATUTIL-SERVICING-MEDIA,D158,Servicing,"Read-only WIM, ESD, and SWM image metadata","mechanism, workflow, product pattern, or negative evidence",servicing workflow,context-dependent,ESD2WIM-WIM2ESD/README.md,72e1b6454f140777f68a493bea42382dced08408b9d24cd1037a7d096413a7f1,n/a,"target-native adaptation, hardening, recomposition, inspiration, supersession, or guardrail derivation",many-to-many,hardened,"Read-only WIM, ESD, and SWM image metadata was compared against WinCare authority, identity, policy, preview, journaling, bounded-resource, recovery, GUI, and release models. Donor packaging was not imported.",Servicing-media inspection,src/WinCare/Providers/110-ShellHardwareStudio.ps1#Get-WinCareServicingMediaInfo,Only local regular media files and DISM /Get-WimInfo are admitted.,"No mount, apply, capture, commit, conversion, or image mutation occurs.",tests/Wave10.ShellHardware.Tests.ps1#keeps servicing-media behavior read-only,"Shell and Hardware Studio TUI, V5 GUI catalog, headless JSON, preview receipts, and transaction journal",additive WinCare 5.1 capability; existing authority and persistence owners remain authoritative,"Donor license files are preserved as evidence; no donor source or binary is bundled, and target behavior is independently implemented.",high,n/a,high,statically-validated
D158-LEGACY-BATCH-GUARDRAIL,D158-SURFACE-ACCOUNTABILITY,CG-W10-LEGACY-BATCH-GUARDRAIL,D158,Servicing,Unbounded legacy batch and servicing scripts rejected,"mechanism, workflow, product pattern, or negative evidence",negative evidence,context-dependent,README.md,83ce31b5f59807eb266ce1ef622cad8e7ef85de143f09c2c37649b454a566573,n/a,"target-native adaptation, hardening, recomposition, inspiration, supersession, or guardrail derivation",many-to-many,rejected-with-reason,"Unbounded legacy batch and servicing scripts rejected was compared against WinCare authority, identity, policy, preview, journaling, bounded-resource, recovery, GUI, and release models. Donor packaging was not imported.",n/a,n/a,Only bounded read-only metadata inspection is retained.,"Office installers, update removers, activation, arbitrary registry scripts, and destructive batch flows are not imported.",tests/Wave10.ShellHardware.Tests.ps1#keeps servicing-media behavior read-only,n/a,n/a,"Donor license files are preserved as evidence; no donor source or binary is bundled, and target behavior is independently implemented.",critical,n/a,high,statically-validated
D158-SURFACE-ACCOUNTABILITY,n/a,CG-W10-D158-ACCOUNTABILITY,D158,Donor accountability,Complete file and symlink accountability for BatUtil,repository/archive surface,accountability evidence,standalone,README.md,83ce31b5f59807eb266ce1ef622cad8e7ef85de143f09c2c37649b454a566573,n/a,evidence inventory and disposition mapping,custom:one donor to complete surface accountability,reference-only,"Every supplied regular file and repository symlink was hashed or identity-recorded, classified, and linked; material semantics receive narrower child records.",n/a,n/a,No submitted donor surface is silently omitted.,"Duplicate bytes, vendored trees, generated output, and file counts are not treated as semantic implementation.",n/a,n/a,n/a,"Donor license files are preserved as evidence; no donor source or binary is bundled, and target behavior is independently implemented.",low,n/a,high,reviewed
D159-CODEC-RUNTIME-GUARDRAIL,D159-SURFACE-ACCOUNTABILITY,CG-W10-CODEC-RUNTIME-GUARDRAIL,D159,Archive safety,Broad codec and shell-extension runtime exclusion,"mechanism, workflow, product pattern, or negative evidence",scope guardrail,context-dependent,ReadMe.md,20d5cb58fa4af921b28f1ae465dd038d34fbd71244478f4505c557b9a8206e68,n/a,"target-native adaptation, hardening, recomposition, inspiration, supersession, or guardrail derivation",many-to-many,rejected-with-reason,"Broad codec and shell-extension runtime exclusion was compared against WinCare authority, identity, policy, preview, journaling, bounded-resource, recovery, GUI, and release models. Donor packaging was not imported.",n/a,n/a,WinCare uses platform ZIP inspection for admitted formats.,"Native codecs, shell extensions, preview handlers, and large vendored compression engines are not bundled.",tests/Wave10.ShellHardware.Tests.ps1#inspects archives without extraction and rejects unsafe members,n/a,n/a,"Donor license files are preserved as evidence; no donor source or binary is bundled, and target behavior is independently implemented.",high,n/a,high,statically-validated
D159-NANAZIP-ARCHIVE-SAFETY,D159-SURFACE-ACCOUNTABILITY,CG-W10-NANAZIP-ARCHIVE-SAFETY,D159,Archive safety,"ZIP-family membership, expansion, collision, and link safety model","mechanism, workflow, product pattern, or negative evidence",archive mechanism,context-dependent,ReadMe.md,20d5cb58fa4af921b28f1ae465dd038d34fbd71244478f4505c557b9a8206e68,n/a,"target-native adaptation, hardening, recomposition, inspiration, supersession, or guardrail derivation",many-to-many,inspired-native,"ZIP-family membership, expansion, collision, and link safety model was compared against WinCare authority, identity, policy, preview, journaling, bounded-resource, recovery, GUI, and release models. Donor packaging was not imported.",No-extraction archive inspection,src/WinCare/Providers/110-ShellHardwareStudio.ps1#Get-WinCareArchiveInspection,"Member paths, duplicates, case collisions, symlinks, counts, expansion, and compression ratio are bounded before extraction.",Inspection never extracts or executes archive content.,tests/Wave10.ShellHardware.Tests.ps1#inspects archives without extraction and rejects unsafe members,"Shell and Hardware Studio TUI, V5 GUI catalog, headless JSON, preview receipts, and transaction journal",additive WinCare 5.1 capability; existing authority and persistence owners remain authoritative,"Donor license files are preserved as evidence; no donor source or binary is bundled, and target behavior is independently implemented.",critical,n/a,high,statically-validated
D159-SURFACE-ACCOUNTABILITY,n/a,CG-W10-D159-ACCOUNTABILITY,D159,Donor accountability,Complete file and symlink accountability for NanaZip,repository/archive surface,accountability evidence,standalone,ReadMe.md,20d5cb58fa4af921b28f1ae465dd038d34fbd71244478f4505c557b9a8206e68,n/a,evidence inventory and disposition mapping,custom:one donor to complete surface accountability,reference-only,"Every supplied regular file and repository symlink was hashed or identity-recorded, classified, and linked; material semantics receive narrower child records.",n/a,n/a,No submitted donor surface is silently omitted.,"Duplicate bytes, vendored trees, generated output, and file counts are not treated as semantic implementation.",n/a,n/a,n/a,"Donor license files are preserved as evidence; no donor source or binary is bundled, and target behavior is independently implemented.",low,n/a,high,reviewed
D160-DUPLICATE-SUBMISSION,D160-SURFACE-ACCOUNTABILITY,CG-W10-DUPLICATE-D34,D160,Provenance,Byte-identical repeat submission of D34,complete archive,duplicate provenance,standalone,README.md,159c11da40293432992678b48f707459e0f2262ef2cdba49433ed61768af46d7,n/a,deduplication and prior-decision reuse,custom:duplicate evidence to prior donor baseline,reference-only,The archive hash matches D34; its prior semantic ledger and implementation decisions remain authoritative.,Existing prior donor capabilities,n/a,Duplicate input does not create parallel ownership or inflated implementation claims.,No new target feature is attributed solely to duplicate bytes.,tests/Wave10.ShellHardware.Tests.ps1#does not import duplicate donor architectures as parallel subsystems,n/a,none,"Exact duplicate submission of D34; the prior donor license, evidence, and decisions remain controlling.",low,n/a,high,verified
D160-SURFACE-ACCOUNTABILITY,n/a,CG-W10-D160-ACCOUNTABILITY,D160,Donor accountability,Complete file and symlink accountability for AirPods Desktop,repository/archive surface,accountability evidence,standalone,README.md,159c11da40293432992678b48f707459e0f2262ef2cdba49433ed61768af46d7,n/a,evidence inventory and disposition mapping,custom:one donor to complete surface accountability,reference-only,"Every supplied regular file and repository symlink was hashed or identity-recorded, classified, and linked; material semantics receive narrower child records.",n/a,n/a,No submitted donor surface is silently omitted.,"Duplicate bytes, vendored trees, generated output, and file counts are not treated as semantic implementation.",n/a,n/a,n/a,"Exact duplicate submission of D34; the prior donor license, evidence, and decisions remain controlling.",low,n/a,high,reviewed
D161-SURFACE-ACCOUNTABILITY,n/a,CG-W10-D161-ACCOUNTABILITY,D161,Donor accountability,Complete file and symlink accountability for Winhance,repository/archive surface,accountability evidence,standalone,README.md,e2728d890c58df565983d64783fe74d3a9e4e267bbf853b0c8a49350fc913cdf,n/a,evidence inventory and disposition mapping,custom:one donor to complete surface accountability,reference-only,"Every supplied regular file and repository symlink was hashed or identity-recorded, classified, and linked; material semantics receive narrower child records.",n/a,n/a,No submitted donor surface is silently omitted.,"Duplicate bytes, vendored trees, generated output, and file counts are not treated as semantic implementation.",n/a,n/a,n/a,"Donor license files are preserved as evidence; no donor source or binary is bundled, and target behavior is independently implemented.",low,n/a,high,reviewed
D161-WINHANCE-APP-MANAGEMENT,D161-SURFACE-ACCOUNTABILITY,CG-W10-WINHANCE-APP-MANAGEMENT,D161,Application management,Application and optional-component selection semantics,"mechanism, workflow, product pattern, or negative evidence",product workflow,context-dependent,src/Winhance.Core/Features/Common/Constants/FeatureDefinitions.cs,be1ca361aaecf18639296dcd12e221341704a49d504e0872b9fc390138df0bd0,n/a,"target-native adaptation, hardening, recomposition, inspiration, supersession, or guardrail derivation",many-to-many,recomposed,"Application and optional-component selection semantics was compared against WinCare authority, identity, policy, preview, journaling, bounded-resource, recovery, GUI, and release models. Donor packaging was not imported.","AppX, feature, and capability plans",src/WinCare/Providers/106-PeerUtilities.ps1#Get-WinCareLegacyUnsafeProfile,Protected package and current-state checks remain owned by WinCare.,Broad removal cannot bypass protected-package or critical-action policy.,tests/Wave10.ShellHardware.Tests.ps1#includes Winhance only through the separately authorized unsafe plane,"Shell and Hardware Studio TUI, V5 GUI catalog, headless JSON, preview receipts, and transaction journal",additive WinCare 5.1 capability; existing authority and persistence owners remain authoritative,"Donor license files are preserved as evidence; no donor source or binary is bundled, and target behavior is independently implemented.",critical,n/a,high,statically-validated
D161-WINHANCE-MAXIMUM,D161-SURFACE-ACCOUNTABILITY,CG-W10-WINHANCE-MAXIMUM,D161,Legacy unsafe,"Maximum one-click hardening, privacy, debloat, and cleanup composition","mechanism, workflow, product pattern, or negative evidence",feature catalog and preset model,context-dependent,src/Winhance.Core/Features/Common/Constants/FeatureDefinitions.cs,be1ca361aaecf18639296dcd12e221341704a49d504e0872b9fc390138df0bd0,n/a,"target-native adaptation, hardening, recomposition, inspiration, supersession, or guardrail derivation",many-to-many,recomposed,"Maximum one-click hardening, privacy, debloat, and cleanup composition was compared against WinCare authority, identity, policy, preview, journaling, bounded-resource, recovery, GUI, and release models. Donor packaging was not imported.",Legacy unsafe profiles,src/WinCare/Providers/106-PeerUtilities.ps1#Get-WinCareLegacyUnsafeProfile,"Every selected mutation resolves to typed WinCare actions, policy gates, previews, receipts, and journals.",Raw donor commands and a second settings authority are never executed.,tests/Wave10.ShellHardware.Tests.ps1#includes Winhance only through the separately authorized unsafe plane,"Shell and Hardware Studio TUI, V5 GUI catalog, headless JSON, preview receipts, and transaction journal",additive WinCare 5.1 capability; existing authority and persistence owners remain authoritative,"Donor license files are preserved as evidence; no donor source or binary is bundled, and target behavior is independently implemented.",critical,n/a,high,statically-validated
D161-WINHANCE-PRIVACY-SERVICES,D161-SURFACE-ACCOUNTABILITY,CG-W10-WINHANCE-PRIVACY-SERVICES,D161,Privacy and services,"Privacy, service, scheduled-task, and policy grouping","mechanism, workflow, product pattern, or negative evidence",configuration catalog,context-dependent,src/Winhance.Core/Features/Common/Constants/FeatureDefinitions.cs,be1ca361aaecf18639296dcd12e221341704a49d504e0872b9fc390138df0bd0,n/a,"target-native adaptation, hardening, recomposition, inspiration, supersession, or guardrail derivation",many-to-many,recomposed,"Privacy, service, scheduled-task, and policy grouping was compared against WinCare authority, identity, policy, preview, journaling, bounded-resource, recovery, GUI, and release models. Donor packaging was not imported.",Hardening and privacy profile composition,src/WinCare/Providers/106-PeerUtilities.ps1#Get-WinCareLegacyUnsafeProfile,Existing policy and transaction owners remain authoritative.,The donor WPF application and direct Registry mutation layer are not imported.,tests/Wave10.ShellHardware.Tests.ps1#includes Winhance only through the separately authorized unsafe plane,"Shell and Hardware Studio TUI, V5 GUI catalog, headless JSON, preview receipts, and transaction journal",additive WinCare 5.1 capability; existing authority and persistence owners remain authoritative,"Donor license files are preserved as evidence; no donor source or binary is bundled, and target behavior is independently implemented.",critical,n/a,high,statically-validated
D162-SURFACE-ACCOUNTABILITY,n/a,CG-W10-D162-ACCOUNTABILITY,D162,Donor accountability,Complete file and symlink accountability for Tab Manager v2,repository/archive surface,accountability evidence,standalone,README.md,12990570bd6eacb6e3ee1efc1d69d3112bc475384bb40736d20dbec9ca549afb,n/a,evidence inventory and disposition mapping,custom:one donor to complete surface accountability,reference-only,"Every supplied regular file and repository symlink was hashed or identity-recorded, classified, and linked; material semantics receive narrower child records.",n/a,n/a,No submitted donor surface is silently omitted.,"Duplicate bytes, vendored trees, generated output, and file counts are not treated as semantic implementation.",n/a,n/a,n/a,"Donor license files are preserved as evidence; no donor source or binary is bundled, and target behavior is independently implemented.",low,n/a,high,reviewed
D162-TAB-MANAGER-COMMAND-PALETTE,D162-SURFACE-ACCOUNTABILITY,CG-W10-TAB-MANAGER-COMMAND-PALETTE,D162,Product experience,Searchable command palette and grouped tab-management affordances,"mechanism, workflow, product pattern, or negative evidence",interaction pattern,context-dependent,packages/extension/src/js/components/AutocompleteSearch/filterOptions.ts,89073ac9c1fbc04dd8d52d1ebd7d50c25ab658e74014f727bdacc33725d1174f,n/a,"target-native adaptation, hardening, recomposition, inspiration, supersession, or guardrail derivation",many-to-many,inspired-native,"Searchable command palette and grouped tab-management affordances was compared against WinCare authority, identity, policy, preview, journaling, bounded-resource, recovery, GUI, and release models. Donor packaging was not imported.",GUI and terminal command discovery,src/WinCare/UI/Gui/00-GuiCatalog.ps1#Get-WinCareGuiActionCatalog;src/WinCare/Providers/110-ShellHardwareStudio.ps1#Get-WinCareTerminalEnvironment,Search and grouping remain non-authoritative views over registered commands.,Browser-extension permissions and tab APIs are not imported.,tests/Wave10.ShellHardware.Tests.ps1#publishes every new headless route,"Shell and Hardware Studio TUI, V5 GUI catalog, headless JSON, preview receipts, and transaction journal",additive WinCare 5.1 capability; existing authority and persistence owners remain authoritative,"Donor license files are preserved as evidence; no donor source or binary is bundled, and target behavior is independently implemented.",medium,n/a,high,statically-validated
D162-TAB-MANAGER-SYMLINK-ACCOUNTABILITY,D162-SURFACE-ACCOUNTABILITY,CG-W10-TAB-MANAGER-SYMLINK-ACCOUNTABILITY,D162,Supply-chain safety,Repository symlink provenance and safe-relative validation,"mechanism, workflow, product pattern, or negative evidence",repository structure,context-dependent,packages/extension/CHANGELOG.md,a19ddd6c1fd6c6e2eddc5eb1ef4b652044fb504e334b342531c8db4eecf4aedb,n/a,"target-native adaptation, hardening, recomposition, inspiration, supersession, or guardrail derivation",many-to-many,guardrail-derived,"Repository symlink provenance and safe-relative validation was compared against WinCare authority, identity, policy, preview, journaling, bounded-resource, recovery, GUI, and release models. Donor packaging was not imported.",Donor surface accountability,tools/generate_wave10_evidence.py#main,Both repository symlinks are represented as explicit surface records.,Symlink targets are not silently materialized or followed.,tests/Wave10.ShellHardware.Tests.ps1#does not import duplicate donor architectures as parallel subsystems,"Shell and Hardware Studio TUI, V5 GUI catalog, headless JSON, preview receipts, and transaction journal",additive WinCare 5.1 capability; existing authority and persistence owners remain authoritative,"Donor license files are preserved as evidence; no donor source or binary is bundled, and target behavior is independently implemented.",medium,n/a,high,statically-validated
D163-EXPLORER-SESSION-RESTORE,D163-SURFACE-ACCOUNTABILITY,CG-W10-EXPLORER-SESSION-RESTORE,D163,Explorer,Capture and restoration of Explorer window locations,"mechanism, workflow, product pattern, or negative evidence",state model,context-dependent,ExplorerTabUtility/Models/WindowRecord.cs,211d42ee209de5e6d6353610c48ae288cb10b58f94597016db38bed97924cd52,n/a,"target-native adaptation, hardening, recomposition, inspiration, supersession, or guardrail derivation",many-to-many,hardened,"Capture and restoration of Explorer window locations was compared against WinCare authority, identity, policy, preview, journaling, bounded-resource, recovery, GUI, and release models. Donor packaging was not imported.",Explorer session records and restoration,src/WinCare/Providers/110-ShellHardwareStudio.ps1#Get-WinCareExplorerSession;src/WinCare/Providers/110-ShellHardwareStudio.ps1#New-WinCareExplorerSessionRestorePlan,"Records are versioned, local-path-only, hash-bound, and reopened through typed actions.","No stale, network, URI, or missing path is opened.",tests/Wave10.ShellHardware.Tests.ps1#restricts Explorer session restoration to canonical local directories,"Shell and Hardware Studio TUI, V5 GUI catalog, headless JSON, preview receipts, and transaction journal",additive WinCare 5.1 capability; existing authority and persistence owners remain authoritative,"Donor license files are preserved as evidence; no donor source or binary is bundled, and target behavior is independently implemented.",high,n/a,high,statically-validated
D163-EXPLORER-WATCHER-GUARDRAIL,D163-SURFACE-ACCOUNTABILITY,CG-W10-EXPLORER-WATCHER-GUARDRAIL,D163,Explorer,COM watcher and global-hook runtime exclusion,"mechanism, workflow, product pattern, or negative evidence",negative evidence,context-dependent,ExplorerTabUtility/Hooks/ExplorerWatcher.cs,fe9518c1d5e1c29bc4d341553e4914a5aa756462d38a3960bc3374e7894a7c86,n/a,"target-native adaptation, hardening, recomposition, inspiration, supersession, or guardrail derivation",many-to-many,rejected-with-reason,"COM watcher and global-hook runtime exclusion was compared against WinCare authority, identity, policy, preview, journaling, bounded-resource, recovery, GUI, and release models. Donor packaging was not imported.",n/a,n/a,WinCare captures Explorer state on explicit request.,"No always-on watcher, global input hook, or shell injection is installed.",tests/Wave10.ShellHardware.Tests.ps1#restricts Explorer session restoration to canonical local directories,n/a,n/a,"Donor license files are preserved as evidence; no donor source or binary is bundled, and target behavior is independently implemented.",high,n/a,high,statically-validated
D163-SURFACE-ACCOUNTABILITY,n/a,CG-W10-D163-ACCOUNTABILITY,D163,Donor accountability,Complete file and symlink accountability for Explorer Tab Utility,repository/archive surface,accountability evidence,standalone,README.md,c9d5743d2c708e1d72093aa1e0edd1ecc0a25ba67c54716480e37ee82d413797,n/a,evidence inventory and disposition mapping,custom:one donor to complete surface accountability,reference-only,"Every supplied regular file and repository symlink was hashed or identity-recorded, classified, and linked; material semantics receive narrower child records.",n/a,n/a,No submitted donor surface is silently omitted.,"Duplicate bytes, vendored trees, generated output, and file counts are not treated as semantic implementation.",n/a,n/a,n/a,"Donor license files are preserved as evidence; no donor source or binary is bundled, and target behavior is independently implemented.",low,n/a,high,reviewed
D164-SURFACE-ACCOUNTABILITY,n/a,CG-W11-D164-ACCOUNTABILITY,D164,Evidence accountability,Complete file accountability for WindowsCleaner,complete donor tree,surface inventory,standalone,README.md,37e201be891b746c776883735c0cd107337c32d6a68d0647f6002b391f7688b4,n/a,classification and provenance capture,one-to-many,reference-only,"Every regular donor surface is hashed, classified, and linked before semantic adoption decisions are claimed.",Convergence evidence graph,docs/convergence/surface-accountability.csv;docs/convergence/donor-inventory.json,No donor surface is silently skipped.,File counts are not represented as semantic implementation coverage.,tests/Wave11.CleanerPreview.Tests.ps1#publishes all cleaner and preview headless routes,Evidence reports,none,CC-BY-NC-SA-4.0; independent target-native reimplementation only,low,n/a,high,verified
D164-WINDOWS-CLEANER-AUTO-CLEAN,D164-SURFACE-ACCOUNTABILITY,CG-W11-WINDOWS-CLEANER-AUTO-CLEAN,D164,Automation,Scheduled low-space cleanup workflow,"mechanism, workflow, product pattern, or negative evidence",operator workflow,context-dependent,src-tauri/src/lib.rs,b27655f622a6b22eadfa6025feddd01350de1478483c2cb86a26082f36f2bd8c,n/a,independent target-native reimplementation and hardening,many-to-many,adapted,"Scheduled low-space cleanup workflow was compared against WinCare path confinement, typed plans, policy, preview, journaling, recovery, privacy, GUI, and release invariants. Donor source and runtime packaging were not copied.",Disk-pressure cleanup automation,src/WinCare/Providers/111-CleanerPreviewStudio.ps1#New-WinCareDiskPressureAutomationPlan,Scheduled cleanup uses the existing validated automation profile contract.,No autonomous cleanup runs outside a registered bounded task.,tests/Wave11.CleanerPreview.Tests.ps1#publishes all cleaner and preview headless routes,Cleaner and File Preview Studio TUI; V5 GUI action catalog; headless JSON; preview receipts and transaction journal,additive WinCare 5.2 capability; existing authority and persistence owners remain authoritative,CC-BY-NC-SA-4.0; independent target-native reimplementation only,high,n/a,high,statically-validated
D164-WINDOWS-CLEANER-DISK-PRESSURE,D164-SURFACE-ACCOUNTABILITY,CG-W11-WINDOWS-CLEANER-DISK-PRESSURE,D164,Storage maintenance,Disk-pressure-aware cleanup profiles,"mechanism, workflow, product pattern, or negative evidence",cleanup policy,context-dependent,src-tauri/src/clean.rs,46ca2161c6d493e318db3beb1a2253060aba7d58b9352828da9ba2c2dbdfcd8d,n/a,independent target-native reimplementation and hardening,many-to-many,hardened,"Disk-pressure-aware cleanup profiles was compared against WinCare path confinement, typed plans, policy, preview, journaling, recovery, privacy, GUI, and release invariants. Donor source and runtime packaging were not copied.",Bounded disk-pressure cleanup,src/WinCare/Providers/111-CleanerPreviewStudio.ps1#Get-WinCareDiskPressureAssessment;src/WinCare/Providers/111-CleanerPreviewStudio.ps1#New-WinCareDiskPressureCleanupPlan,Only canonical target IDs selected from measured free-space pressure are eligible.,"No root-drive wildcard scan, Prefetch purge, restore-point deletion, Defender history deletion, or Installer patch deletion is admitted.",tests/Wave11.CleanerPreview.Tests.ps1#keeps disk-pressure cleanup on canonical target identifiers,Cleaner and File Preview Studio TUI; V5 GUI action catalog; headless JSON; preview receipts and transaction journal,additive WinCare 5.2 capability; existing authority and persistence owners remain authoritative,CC-BY-NC-SA-4.0; independent target-native reimplementation only,high,n/a,high,statically-validated
D164-WINDOWS-CLEANER-GUARDRAILS,D164-SURFACE-ACCOUNTABILITY,CG-W11-WINDOWS-CLEANER-GUARDRAILS,D164,Trust boundary,Unsafe broad deletion and system-evidence cleanup lessons,"mechanism, workflow, product pattern, or negative evidence",negative evidence,context-dependent,src-tauri/src/clean.rs,46ca2161c6d493e318db3beb1a2253060aba7d58b9352828da9ba2c2dbdfcd8d,n/a,independent target-native reimplementation and hardening,many-to-many,guardrail-derived,"Unsafe broad deletion and system-evidence cleanup lessons was compared against WinCare path confinement, typed plans, policy, preview, journaling, recovery, privacy, GUI, and release invariants. Donor source and runtime packaging were not copied.",Cleaner safety constraints,src/WinCare/Providers/111-CleanerPreviewStudio.ps1#New-WinCareDiskPressureCleanupPlan;src/WinCare/Providers/111-CleanerPreviewStudio.ps1#Import-WinCareWinapp2Catalog,"All cleanup paths and manifests remain bounded, canonical, and reviewable.","Drive-root traversal, automatic process killing, Prefetch deletion, Defender evidence deletion, restore-point deletion, and opaque toggles are forbidden.",tests/Wave11.CleanerPreview.Tests.ps1#keeps disk-pressure cleanup on canonical target identifiers,Cleaner and File Preview Studio TUI; V5 GUI action catalog; headless JSON; preview receipts and transaction journal,additive WinCare 5.2 capability; existing authority and persistence owners remain authoritative,CC-BY-NC-SA-4.0; independent target-native reimplementation only,critical,n/a,high,statically-validated
D164-WINDOWS-CLEANER-SOFTWARE-MOVE,D164-SURFACE-ACCOUNTABILITY,CG-W11-WINDOWS-CLEANER-SOFTWARE-MOVE,D164,Storage relocation,Application data relocation behind a junction,"mechanism, workflow, product pattern, or negative evidence",mutation workflow,context-dependent,src-tauri/src/software_move.rs,c6dd437ae6d88b3c9cb54c61a485fd90766dbda0b81876253e81d51c6c00998c,n/a,independent target-native reimplementation and hardening,many-to-many,hardened,"Application data relocation behind a junction was compared against WinCare path confinement, typed plans, policy, preview, journaling, recovery, privacy, GUI, and release invariants. Donor source and runtime packaging were not copied.",Verified application-data relocation,src/WinCare/Providers/111-CleanerPreviewStudio.ps1#Get-WinCareApplicationDataRelocationAssessment;src/WinCare/Providers/111-CleanerPreviewStudio.ps1#New-WinCareApplicationDataRelocationPlan;src/WinCare/Providers/111-CleanerPreviewStudio.ps1#Invoke-WinCareRelocateDirectoryAction,"Copy, full-tree hash, exact junction target, and recovery state are verified before commit.","WinCare never terminates processes, moves arbitrary paths, nests source/destination, or accepts stale state.","tests/Wave11.CleanerPreview.Tests.ps1#verifies relocation copy, source hash, junction target, and recovery hash",Cleaner and File Preview Studio TUI; V5 GUI action catalog; headless JSON; preview receipts and transaction journal,additive WinCare 5.2 capability; existing authority and persistence owners remain authoritative,CC-BY-NC-SA-4.0; independent target-native reimplementation only,critical,n/a,high,statically-validated
D164-WINDOWS-CLEANER-UI-SUPERSEDED,D164-SURFACE-ACCOUNTABILITY,CG-W11-WINDOWS-CLEANER-UI-SUPERSEDED,D164,Product architecture,Standalone Tauri cleaner interface,"mechanism, workflow, product pattern, or negative evidence",product surface,context-dependent,src/App.tsx,d930fcecd6b5fde66560864185180681b18389e0eb21f47296de3da9601bc3af,n/a,independent target-native reimplementation and hardening,many-to-many,superseded,"Standalone Tauri cleaner interface was compared against WinCare path confinement, typed plans, policy, preview, journaling, recovery, privacy, GUI, and release invariants. Donor source and runtime packaging were not copied.",Existing WinCare V5 GUI and TUI,src/WinCare/UI/Gui/10-GuiRuntime.ps1#Start-WinCareGui;src/WinCare/UI/Screens/95-CleanerPreviewStudio.ps1#Show-WinCareCleanerPreviewStudioScreen,Cleaner workflows appear inside the existing non-authoritative operator surfaces.,No parallel Tauri authority path or second settings store is imported.,tests/Wave11.CleanerPreview.Tests.ps1#integrates the dedicated TUI and curated GUI surfaces,Cleaner and File Preview Studio TUI; V5 GUI action catalog; headless JSON; preview receipts and transaction journal,additive WinCare 5.2 capability; existing authority and persistence owners remain authoritative,CC-BY-NC-SA-4.0; independent target-native reimplementation only,medium,n/a,high,statically-validated
D164-WINDOWS-CLEANER-WINAPP2,D164-SURFACE-ACCOUNTABILITY,CG-W11-WINDOWS-CLEANER-WINAPP2,D164,Cleanup admission,Winapp2 FileKey parsing and cleanup targeting,"mechanism, workflow, product pattern, or negative evidence",parser and manifest,context-dependent,src-tauri/src/winapp2.rs,24f703004bbfe18b68e50c49b5cb953ca6ec2531671ec2e2e7a778f3f08be2f9,n/a,independent target-native reimplementation and hardening,many-to-many,hardened,"Winapp2 FileKey parsing and cleanup targeting was compared against WinCare path confinement, typed plans, policy, preview, journaling, recovery, privacy, GUI, and release invariants. Donor source and runtime packaging were not copied.",Bounded Winapp2 admission,src/WinCare/Providers/111-CleanerPreviewStudio.ps1#Import-WinCareWinapp2Catalog;src/WinCare/Providers/111-CleanerPreviewStudio.ps1#Get-WinCareWinapp2Assessment;src/WinCare/Providers/111-CleanerPreviewStudio.ps1#New-WinCareWinapp2CleanupPlan,Only FileKey directives under approved local roots become exact hash-bound file entries.,"Registry directives, exclusions, arbitrary recursion, scripts, unsafe patterns, and broad paths are rejected.",tests/Wave11.CleanerPreview.Tests.ps1#admits only bounded FileKey Winapp2 rules,Cleaner and File Preview Studio TUI; V5 GUI action catalog; headless JSON; preview receipts and transaction journal,additive WinCare 5.2 capability; existing authority and persistence owners remain authoritative,CC-BY-NC-SA-4.0; independent target-native reimplementation only,critical,n/a,high,statically-validated
D165-DUPLICATE-SUBMISSION,D165-SURFACE-ACCOUNTABILITY,CG-W11-DUPLICATE-D143,D165,Provenance,Byte-identical repeat submission of D143 Windows Community Toolkit,complete archive,duplicate provenance,standalone,.editorconfig,1fd568fc77dc20ecf66bf88dd7c88e6d2d7ef631ddd288c6b9b433c1ba1621bc,n/a,deduplication and prior-decision reuse,custom:duplicate evidence to prior donor baseline,reference-only,Archive SHA-256 beaf2574280404f7647dff0c7e7c956260b2fdbb19c10203855dd3d40a73d92e is byte-identical to D143; D143 remains the authoritative semantic and implementation baseline.,Existing D143 Windows Community Toolkit-derived capability cards and GUI synthesis,n/a,Duplicate input preserves provenance without creating parallel target ownership.,"No new feature, component, or coverage claim is attributed to duplicate bytes.",tests/Wave11.CleanerPreview.Tests.ps1#retains the duplicate Toolkit submission as provenance only,n/a,none,Same byte-identical baseline as D143; prior licensing and decisions remain authoritative,low,n/a,high,verified
D165-SURFACE-ACCOUNTABILITY,n/a,CG-W11-D165-ACCOUNTABILITY,D165,Evidence accountability,Complete file accountability for Windows Community Toolkit repeat submission,complete donor tree,surface inventory,standalone,.editorconfig,1fd568fc77dc20ecf66bf88dd7c88e6d2d7ef631ddd288c6b9b433c1ba1621bc,n/a,classification and provenance capture,one-to-many,reference-only,"Every regular donor surface is hashed, classified, and linked before semantic adoption decisions are claimed.",Convergence evidence graph,docs/convergence/surface-accountability.csv;docs/convergence/donor-inventory.json,No donor surface is silently skipped.,File counts are not represented as semantic implementation coverage.,tests/Wave11.CleanerPreview.Tests.ps1#retains the duplicate Toolkit submission as provenance only,Evidence reports,none,Same byte-identical baseline as D143; prior licensing and decisions remain authoritative,low,n/a,high,verified
D166-QUICKLOOK-ACTIVE-CONTENT-GUARDRAIL,D166-SURFACE-ACCOUNTABILITY,CG-W11-QUICKLOOK-ACTIVE-CONTENT-GUARDRAIL,D166,Trust boundary,Active web and document rendering risk,"mechanism, workflow, product pattern, or negative evidence",negative evidence,context-dependent,QuickLook.Plugin/QuickLook.Plugin.HtmlViewer/Plugin.cs,42485c9ece1fa1f67679f30555535e49fbfb806f801d3fdd7177dfa34b700cf0,n/a,independent target-native reimplementation and hardening,many-to-many,guardrail-derived,"Active web and document rendering risk was compared against WinCare path confinement, typed plans, policy, preview, journaling, recovery, privacy, GUI, and release invariants. Donor source and runtime packaging were not copied.",Non-executing preview boundary,src/WinCare/Providers/111-CleanerPreviewStudio.ps1#Get-WinCareFilePreview;src/WinCare/Providers/111-CleanerPreviewStudio.ps1#Get-WinCarePreviewHandlerAssessment,Potentially active formats are labeled and parsed only through bounded metadata or text paths.,"No WebView, browser navigation, Office handler hosting, shell extension execution, or remote content is admitted.",tests/Wave11.CleanerPreview.Tests.ps1#assesses preview handlers without loading them,Cleaner and File Preview Studio TUI; V5 GUI action catalog; headless JSON; preview receipts and transaction journal,additive WinCare 5.2 capability; existing authority and persistence owners remain authoritative,GPL-3.0-or-later; independent target-native reimplementation only,critical,n/a,high,statically-validated
D166-QUICKLOOK-ARCHIVE-PE,D166-SURFACE-ACCOUNTABILITY,CG-W11-QUICKLOOK-ARCHIVE-PE,D166,File inspection,Archive and binary metadata viewers,"mechanism, workflow, product pattern, or negative evidence",format workflow,context-dependent,QuickLook.Plugin/QuickLook.Plugin.ArchiveViewer/Plugin.cs,4b0429837e0e290404d98d30d656fc811410347fd232073d38107aac2afa0d70,n/a,independent target-native reimplementation and hardening,many-to-many,recomposed,"Archive and binary metadata viewers was compared against WinCare path confinement, typed plans, policy, preview, journaling, recovery, privacy, GUI, and release invariants. Donor source and runtime packaging were not copied.","Safe archive, PE, image, and PDF metadata preview",src/WinCare/Providers/111-CleanerPreviewStudio.ps1#Get-WinCareFilePreview,Existing WinCare archive and PE inspectors remain the authoritative implementations.,"No extraction, decompression bomb, executable loading, or embedded active content is performed.",tests/Wave11.CleanerPreview.Tests.ps1#keeps preview local bounded and non-executing,Cleaner and File Preview Studio TUI; V5 GUI action catalog; headless JSON; preview receipts and transaction journal,additive WinCare 5.2 capability; existing authority and persistence owners remain authoritative,GPL-3.0-or-later; independent target-native reimplementation only,high,n/a,high,statically-validated
D166-QUICKLOOK-GLOBAL-HOOK-GUARDRAIL,D166-SURFACE-ACCOUNTABILITY,CG-W11-QUICKLOOK-GLOBAL-HOOK-GUARDRAIL,D166,Trust boundary,Global space-key hook and resident preview runtime,"mechanism, workflow, product pattern, or negative evidence",negative evidence,context-dependent,QuickLook/Helpers/GlobalKeyboardHook.cs,20d3159e4910017da3109108bacf2398f206185aa0d2c5415f7d7dd31d1f70e2,n/a,independent target-native reimplementation and hardening,many-to-many,rejected-with-reason,"Global space-key hook and resident preview runtime was compared against WinCare path confinement, typed plans, policy, preview, journaling, recovery, privacy, GUI, and release invariants. Donor source and runtime packaging were not copied.",n/a,n/a,"WinCare retains explicit operator invocation through GUI, TUI, and headless routes.","No global keyboard hook, Explorer injection, resident tray process, or donor updater is installed.",tests/Wave11.CleanerPreview.Tests.ps1#does not import QuickLook global keyboard hooks or plugin runtime,n/a,none,GPL-3.0-or-later; independent target-native reimplementation only,critical,n/a,high,reviewed
D166-QUICKLOOK-GPL-NATIVE,D166-SURFACE-ACCOUNTABILITY,CG-W11-QUICKLOOK-GPL-NATIVE,D166,Licensing,GPL donor separation and independent implementation,"mechanism, workflow, product pattern, or negative evidence",license constraint,context-dependent,LICENSE-GPL.txt,b3d1eae7f524fc9ddd48562a4652efd2bcd848e38b03f05e388bcce943e73df2,n/a,independent target-native reimplementation and hardening,many-to-many,guardrail-derived,"GPL donor separation and independent implementation was compared against WinCare path confinement, typed plans, policy, preview, journaling, recovery, privacy, GUI, and release invariants. Donor source and runtime packaging were not copied.",Independent target-native preview implementation,src/WinCare/Providers/111-CleanerPreviewStudio.ps1#Get-WinCareFilePreview,Only independently implemented semantics and public platform behavior are retained.,"No QuickLook source, plugin binary, icon, font, or GPL runtime is copied into WinCare.",tests/Wave11.CleanerPreview.Tests.ps1#does not import QuickLook global keyboard hooks or plugin runtime,Cleaner and File Preview Studio TUI; V5 GUI action catalog; headless JSON; preview receipts and transaction journal,additive WinCare 5.2 capability; existing authority and persistence owners remain authoritative,GPL-3.0-or-later; independent target-native reimplementation only,high,n/a,high,statically-validated
D166-QUICKLOOK-PLUGIN-PRIORITY,D166-SURFACE-ACCOUNTABILITY,CG-W11-QUICKLOOK-PLUGIN-PRIORITY,D166,File inspection,Priority-based format handler selection,"mechanism, workflow, product pattern, or negative evidence",selection mechanism,context-dependent,QuickLook/PluginManager.cs,8335b45b189146b2a9d27275f40f4c3023f2c8868d3a1a2b460efe5e12d42d35,n/a,independent target-native reimplementation and hardening,many-to-many,adapted,"Priority-based format handler selection was compared against WinCare path confinement, typed plans, policy, preview, journaling, recovery, privacy, GUI, and release invariants. Donor source and runtime packaging were not copied.",Deterministic preview profiles,src/WinCare/Providers/111-CleanerPreviewStudio.ps1#Get-WinCareFilePreviewProfile;src/WinCare/Providers/111-CleanerPreviewStudio.ps1#Get-WinCarePreviewHandlerAssessment,Known extensions map to an ordered built-in profile catalog; registered handlers are assessment-only.,No arbitrary plugin assembly or COM preview handler is loaded.,tests/Wave11.CleanerPreview.Tests.ps1#selects deterministic priority-based preview profiles,Cleaner and File Preview Studio TUI; V5 GUI action catalog; headless JSON; preview receipts and transaction journal,additive WinCare 5.2 capability; existing authority and persistence owners remain authoritative,GPL-3.0-or-later; independent target-native reimplementation only,high,n/a,high,statically-validated
D166-QUICKLOOK-PREVIEW-PIPELINE,D166-SURFACE-ACCOUNTABILITY,CG-W11-QUICKLOOK-PREVIEW-PIPELINE,D166,File inspection,Prepare-view-cleanup preview lifecycle and format dispatch,"mechanism, workflow, product pattern, or negative evidence",lifecycle and product workflow,context-dependent,QuickLook.Common/Plugin/IViewer.cs,aae7378f5dc8566cac1922cf671a0424eed25f6551e1a15f1f8c76bc806c3f52,n/a,independent target-native reimplementation and hardening,many-to-many,adapted,"Prepare-view-cleanup preview lifecycle and format dispatch was compared against WinCare path confinement, typed plans, policy, preview, journaling, recovery, privacy, GUI, and release invariants. Donor source and runtime packaging were not copied.",Bounded local file preview,src/WinCare/Providers/111-CleanerPreviewStudio.ps1#Get-WinCareFilePreviewProfile;src/WinCare/Providers/111-CleanerPreviewStudio.ps1#Get-WinCareFilePreview,"Preview selection is deterministic, bounded, local, redacted by default, and non-executing.","Preview cannot launch files, navigate active content, fetch remote resources, or retain plugin state.",tests/Wave11.CleanerPreview.Tests.ps1#keeps preview local bounded and non-executing,Cleaner and File Preview Studio TUI; V5 GUI action catalog; headless JSON; preview receipts and transaction journal,additive WinCare 5.2 capability; existing authority and persistence owners remain authoritative,GPL-3.0-or-later; independent target-native reimplementation only,high,n/a,high,statically-validated
D166-QUICKLOOK-TEXT-TABLE,D166-SURFACE-ACCOUNTABILITY,CG-W11-QUICKLOOK-TEXT-TABLE,D166,File inspection,Text and structured-table preview affordances,"mechanism, workflow, product pattern, or negative evidence",product affordance,context-dependent,QuickLook.Plugin/QuickLook.Plugin.TextViewer/Plugin.cs,a2dce5d0144b901ad54ca354f2feb89855921772541458a36850079b4303be0e,n/a,independent target-native reimplementation and hardening,many-to-many,recomposed,"Text and structured-table preview affordances was compared against WinCare path confinement, typed plans, policy, preview, journaling, recovery, privacy, GUI, and release invariants. Donor source and runtime packaging were not copied.",Redacted text and table metadata preview,src/WinCare/Providers/111-CleanerPreviewStudio.ps1#Get-WinCareFilePreview,"Text is opt-in, bounded by bytes and lines, and passed through redaction.","Preview does not render scripts, macros, HTML, Markdown active content, or formulas.",tests/Wave11.CleanerPreview.Tests.ps1#redacts text by default and reports active content,Cleaner and File Preview Studio TUI; V5 GUI action catalog; headless JSON; preview receipts and transaction journal,additive WinCare 5.2 capability; existing authority and persistence owners remain authoritative,GPL-3.0-or-later; independent target-native reimplementation only,high,n/a,high,statically-validated
D166-SURFACE-ACCOUNTABILITY,n/a,CG-W11-D166-ACCOUNTABILITY,D166,Evidence accountability,Complete file accountability for QuickLook,complete donor tree,surface inventory,standalone,README.md,18e99edfd1896b4d0208331180d186ff287b23cd710716bbd19091f73d81b1b5,n/a,classification and provenance capture,one-to-many,reference-only,"Every regular donor surface is hashed, classified, and linked before semantic adoption decisions are claimed.",Convergence evidence graph,docs/convergence/surface-accountability.csv;docs/convergence/donor-inventory.json,No donor surface is silently skipped.,File counts are not represented as semantic implementation coverage.,tests/Wave11.CleanerPreview.Tests.ps1#publishes all cleaner and preview headless routes,Evidence reports,none,GPL-3.0-or-later; independent target-native reimplementation only,low,n/a,high,verified
