id,title,area,section,read_only,risk,administrator,catalog_status,entry,route_line,route,implementation,tests_mentioning_id,runtime_status,individual_command_executed_by_audit,evidence_class
system,System overview,Checkup,Quick check,True,ReadOnly,No,Implemented,All Tools / ExecuteSelectedToolCommand,166,"await SystemOverviewAsync(cancellationToken).ConfigureAwait(false),",src/WinCare.Infrastructure/Commands/WindowsCommandExecutor.System.cs:18,tests/WinCare.Application.Tests/AppPreferenceDataTests.cs; tests/WinCare.Application.Tests/MeasurementProbeIsolationTests.cs; tests/WinCare.CommandCatalog.Tests/CommandCatalogTests.cs; tests/WinCare.Infrastructure.Tests/CommandSafetyTests.cs; tests/native/test_native_foundation.py,isolated backend read-only probe succeeded; returned shape/timing in evidence/backend-probes.json; not full UI feature certification,yes,individual read-only backend probe
applications,Installed applications,System care,Apps & startup,True,ReadOnly,No,Implemented,All Tools / ExecuteSelectedToolCommand,167,"Applications(),",src/WinCare.Infrastructure/Commands/WindowsCommandExecutor.System.cs:43,,isolated backend read-only probe succeeded; returned shape/timing in evidence/backend-probes.json; not full UI feature certification,yes,individual read-only backend probe
cleanup-targets,Cleanup assessment,System care,Clean up,True,ReadOnly,No,Implemented,All Tools / ExecuteSelectedToolCommand,168,"await CleanupTargetsAsync(cancellationToken).ConfigureAwait(false),",src/WinCare.Infrastructure/Commands/WindowsCommandExecutor.System.cs:76,,unverified; a route/test mention is not behavior verification,no,source inventory only; not runtime verified
storage,Storage overview,System care,Clean up,True,ReadOnly,No,Implemented,All Tools / ExecuteSelectedToolCommand,169,"StorageOverview(),",src/WinCare.Infrastructure/Commands/WindowsCommandExecutor.System.cs:107,tests/WinCare.Application.Tests/MeasurementProbeIsolationTests.cs; tests/WinCare.Application.Tests/Serialization/DomainJsonSerializationTests.cs,isolated backend read-only probe succeeded; returned shape/timing in evidence/backend-probes.json; not full UI feature certification,yes,individual read-only backend probe
startup,Startup applications,System care,Apps & startup,True,ReadOnly,No,Implemented,All Tools / ExecuteSelectedToolCommand,170,"StartupItems(),",src/WinCare.Infrastructure/Commands/WindowsCommandExecutor.System.cs:132,tests/WinCare.Application.Tests/HomePageViewModelTests.cs,isolated backend read-only probe succeeded; returned shape/timing in evidence/backend-probes.json; not full UI feature certification,yes,individual read-only backend probe
health,Health findings,Checkup,Quick check,True,ReadOnly,No,Implemented,All Tools / ExecuteSelectedToolCommand,171,"HealthOverview(),",src/WinCare.Infrastructure/Commands/WindowsCommandExecutor.System.cs:164,,isolated backend read-only probe succeeded; returned shape/timing in evidence/backend-probes.json; not full UI feature certification,yes,individual read-only backend probe
security,Security posture,Security,Status,True,ReadOnly,MayBeRequired,Implemented,All Tools / ExecuteSelectedToolCommand,172,"await SecurityOverviewAsync(cancellationToken).ConfigureAwait(false),",src/WinCare.Infrastructure/Commands/WindowsCommandExecutor.System.cs:183,,isolated backend read-only probe succeeded; returned shape/timing in evidence/backend-probes.json; not full UI feature certification,yes,individual read-only backend probe
network,Network summary,System care,Network & updates,True,ReadOnly,MayBeRequired,Implemented,All Tools / ExecuteSelectedToolCommand,173,"NetworkOverview(),",src/WinCare.Infrastructure/Commands/WindowsCommandExecutor.System.cs:220,tests/WinCare.Application.Tests/HomePageViewModelTests.cs,isolated backend read-only probe succeeded; returned shape/timing in evidence/backend-probes.json; not full UI feature certification,yes,individual read-only backend probe
catalog,Available operations,All tools,Commands,True,ReadOnly,No,Implemented,All Tools / ExecuteSelectedToolCommand,,NO SWITCH ROUTE FOUND,,tests/WinCare.Application.Tests/CommandDispatcherTests.cs; tests/native/test_full_native_migration.py,isolated backend read-only probe succeeded; returned shape/timing in evidence/backend-probes.json; not full UI feature certification,yes,individual read-only backend probe
presets,Saved presets,All tools,Commands,True,ReadOnly,No,Implemented,All Tools / ExecuteSelectedToolCommand,,NO SWITCH ROUTE FOUND,,tests/WinCare.Application.Tests/CommandDispatcherTests.cs; tests/native/test_full_native_migration.py,isolated backend read-only probe succeeded; returned shape/timing in evidence/backend-probes.json; not full UI feature certification,yes,individual read-only backend probe
preset,Run a preset,All tools,Commands,False,Moderate,Required,Implemented,All Tools / ExecuteSelectedToolCommand,337,"await ApplyPresetAsync(p, cancellationToken).ConfigureAwait(false),",src/WinCare.Infrastructure/Commands/WindowsCommandExecutor.Remediation.cs:12,tests/WinCare.Infrastructure.Tests/CommandSafetyTests.cs,unverified; a route/test mention is not behavior verification,no,source inventory only; not runtime verified
pagefile,Virtual memory settings,All tools,Commands,True,ReadOnly,No,Implemented,All Tools / ExecuteSelectedToolCommand,174,"PagefileState(),",src/WinCare.Infrastructure/Commands/WindowsCommandExecutor.System.cs:237,,unverified; a route/test mention is not behavior verification,no,source inventory only; not runtime verified
pagefile-recommendation,Virtual memory recommendation,All tools,Commands,True,ReadOnly,No,Implemented,All Tools / ExecuteSelectedToolCommand,175,"PagefileRecommendation(),",src/WinCare.Infrastructure/Commands/WindowsCommandExecutor.System.cs:245,,unverified; a route/test mention is not behavior verification,no,source inventory only; not runtime verified
pagefile-set,Change virtual memory settings,All tools,Commands,False,Moderate,Required,Implemented,All Tools / ExecuteSelectedToolCommand,338,"PagefileSet(p, cancellationToken),",src/WinCare.Infrastructure/Commands/WindowsCommandExecutor.Security.cs:248,tests/WinCare.Application.Tests/Serialization/DomainJsonSerializationTests.cs; tests/WinCare.CommandCatalog.Tests/CommandCatalogTests.cs; tests/WinCare.Infrastructure.Tests/CommandSafetyTests.cs,unverified; a route/test mention is not behavior verification,no,source inventory only; not runtime verified
security-controls,Security control status,Security,Status,True,ReadOnly,MayBeRequired,Implemented,All Tools / ExecuteSelectedToolCommand,176,"await SecurityControlsAsync(cancellationToken).ConfigureAwait(false),",src/WinCare.Infrastructure/Commands/WindowsCommandExecutor.System.cs:258,,unverified; a route/test mention is not behavior verification,no,source inventory only; not runtime verified
security-maintenance,Temporary security changes,Security,Status,True,ReadOnly,MayBeRequired,Implemented,All Tools / ExecuteSelectedToolCommand,177,"await ReadStateAsync(""security-maintenance"", cancellationToken).ConfigureAwait(false),",src/WinCare.Infrastructure/Commands/WindowsCommandExecutor.System.cs:582,,unverified; a route/test mention is not behavior verification,no,source inventory only; not runtime verified
security-control-reduce,Temporarily reduce a security control,Security,Hardening,False,High,Required,Implemented,All Tools / ExecuteSelectedToolCommand,339,"await SecurityControlReduceAsync(p, cancellationToken).ConfigureAwait(false),",src/WinCare.Infrastructure/Commands/WindowsCommandExecutor.Security.cs:278,,unverified; a route/test mention is not behavior verification,no,source inventory only; not runtime verified
security-control-restore,Restore a security control,Security,Hardening,False,Moderate,Required,Implemented,All Tools / ExecuteSelectedToolCommand,340,"await SecurityControlRestoreAsync(p, cancellationToken).ConfigureAwait(false),",src/WinCare.Infrastructure/Commands/WindowsCommandExecutor.Security.cs:309,,unverified; a route/test mention is not behavior verification,no,source inventory only; not runtime verified
tcp-global,TCP settings,System care,Network & updates,True,ReadOnly,No,Implemented,All Tools / ExecuteSelectedToolCommand,178,"await NativeToolQueryAsync(""tcp-global"", ""netsh.exe"", [""interface"", ""tcp"", ""show"", ""global""], cancellationToken).ConfigureAwait(false),",src/WinCare.Infrastructure/Commands/WindowsCommandExecutor.System.cs:356,,unverified; a route/test mention is not behavior verification,no,source inventory only; not runtime verified
network-measure,Measure network endpoints,System care,Network & updates,True,ReadOnly,MayBeRequired,Implemented,All Tools / ExecuteSelectedToolCommand,179,"await NetworkMeasureAsync(p, cancellationToken).ConfigureAwait(false),",src/WinCare.Infrastructure/Commands/WindowsCommandExecutor.System.cs:272,,unverified; a route/test mention is not behavior verification,no,source inventory only; not runtime verified
network-experiments,Network experiments,System care,Network & updates,True,ReadOnly,MayBeRequired,Implemented,All Tools / ExecuteSelectedToolCommand,180,"await ReadStateAsync(""network-experiments"", cancellationToken).ConfigureAwait(false),",src/WinCare.Infrastructure/Commands/WindowsCommandExecutor.System.cs:582,,unverified; a route/test mention is not behavior verification,no,source inventory only; not runtime verified
network-experiment,Run a network experiment,System care,Network & updates,False,Moderate,Required,Implemented,All Tools / ExecuteSelectedToolCommand,341,"await NetworkExperimentAsync(p, cancellationToken).ConfigureAwait(false),",src/WinCare.Infrastructure/Commands/WindowsCommandExecutor.Security.cs:318,,unverified; a route/test mention is not behavior verification,no,source inventory only; not runtime verified
injection-surfaces,Process injection exposure,Security,Status,True,ReadOnly,No,Implemented,All Tools / ExecuteSelectedToolCommand,181,"ProcessInjectionSurface(p),",src/WinCare.Infrastructure/Commands/WindowsCommandExecutor.System.cs:314,,unverified; a route/test mention is not behavior verification,no,source inventory only; not runtime verified
process-modules,Loaded process modules,All tools,Commands,True,ReadOnly,MayBeRequired,Implemented,All Tools / ExecuteSelectedToolCommand,182,"ProcessModules(p),",src/WinCare.Infrastructure/Commands/WindowsCommandExecutor.System.cs:335,tests/WinCare.Infrastructure.Tests/CommandSafetyTests.cs,unverified; a route/test mention is not behavior verification,no,source inventory only; not runtime verified
remote-thread-events,Remote thread events,Security,Status,True,ReadOnly,No,Implemented,All Tools / ExecuteSelectedToolCommand,183,"await EventLogQueryAsync(""remote-thread-events"", ""Security"", p.Int32(""MaxEvents"", 100, 1, 1000), cancellationToken).ConfigureAwait(false),",src/WinCare.Infrastructure/Commands/WindowsCommandExecutor.System.cs:378,,unverified; a route/test mention is not behavior verification,no,source inventory only; not runtime verified
etw-sessions,Event tracing sessions,All tools,Commands,True,ReadOnly,MayBeRequired,Implemented,All Tools / ExecuteSelectedToolCommand,184,"await NativeToolQueryAsync(""etw-sessions"", ""logman.exe"", [""query"", ""-ets""], cancellationToken).ConfigureAwait(false),",src/WinCare.Infrastructure/Commands/WindowsCommandExecutor.System.cs:356,,unverified; a route/test mention is not behavior verification,no,source inventory only; not runtime verified
etw-capture,Capture an event trace,All tools,Commands,False,Moderate,Required,Implemented,All Tools / ExecuteSelectedToolCommand,342,"await EtwCaptureAsync(p, cancellationToken).ConfigureAwait(false),",src/WinCare.Infrastructure/Commands/WindowsCommandExecutor.Security.cs:338,,unverified; a route/test mention is not behavior verification,no,source inventory only; not runtime verified
injection-surface-quarantine,Quarantine an injection surface,Security,Hardening,False,High,Required,Implemented,All Tools / ExecuteSelectedToolCommand,343,"await InjectionSurfaceQuarantineAsync(p, cancellationToken).ConfigureAwait(false),",src/WinCare.Infrastructure/Commands/WindowsCommandExecutor.Security.cs:386,,unverified; a route/test mention is not behavior verification,no,source inventory only; not runtime verified
wua-search,Search Windows updates,System care,Network & updates,True,ReadOnly,No,Implemented,All Tools / ExecuteSelectedToolCommand,185,"await WindowsUpdateSearchAsync(p, cancellationToken).ConfigureAwait(false),",src/WinCare.Infrastructure/Commands/WindowsCommandExecutor.Security.cs:13,tests/WinCare.Application.Tests/ToolCatalogServiceTests.cs,unverified; a route/test mention is not behavior verification,no,source inventory only; not runtime verified
wua-history,Windows Update history,System care,Network & updates,True,ReadOnly,No,Implemented,All Tools / ExecuteSelectedToolCommand,186,"await WindowsUpdateHistoryAsync(p, cancellationToken).ConfigureAwait(false),",src/WinCare.Infrastructure/Commands/WindowsCommandExecutor.Security.cs:45,,unverified; a route/test mention is not behavior verification,no,source inventory only; not runtime verified
wua-hide,Hide Windows updates,System care,Network & updates,False,Moderate,Required,Implemented,All Tools / ExecuteSelectedToolCommand,344,"await WindowsUpdateSetHiddenAsync(p, hidden: true, cancellationToken).ConfigureAwait(false),",src/WinCare.Infrastructure/Commands/WindowsCommandExecutor.Security.cs:74,,unverified; a route/test mention is not behavior verification,no,source inventory only; not runtime verified
wua-unhide,Show hidden Windows updates,System care,Network & updates,False,Moderate,Required,Implemented,All Tools / ExecuteSelectedToolCommand,345,"await WindowsUpdateSetHiddenAsync(p, hidden: false, cancellationToken).ConfigureAwait(false),",src/WinCare.Infrastructure/Commands/WindowsCommandExecutor.Security.cs:74,,unverified; a route/test mention is not behavior verification,no,source inventory only; not runtime verified
wua-download,Download Windows updates,System care,Network & updates,False,Moderate,Required,Implemented,All Tools / ExecuteSelectedToolCommand,346,"await WindowsUpdateDownloadAsync(p, cancellationToken).ConfigureAwait(false),",src/WinCare.Infrastructure/Commands/WindowsCommandExecutor.Security.cs:114,,unverified; a route/test mention is not behavior verification,no,source inventory only; not runtime verified
wua-install,Install Windows updates,System care,Network & updates,False,Moderate,Required,Implemented,All Tools / ExecuteSelectedToolCommand,347,"await WindowsUpdateInstallAsync(p, cancellationToken).ConfigureAwait(false),",src/WinCare.Infrastructure/Commands/WindowsCommandExecutor.Security.cs:130,tests/WinCare.CommandCatalog.Tests/CommandCatalogTests.cs; tests/native/test_full_native_migration.py,unverified; a route/test mention is not behavior verification,no,source inventory only; not runtime verified
wua-uninstall,Remove Windows updates,System care,Network & updates,False,Moderate,Required,Implemented,All Tools / ExecuteSelectedToolCommand,348,"await WindowsUpdateUninstallAsync(p, cancellationToken).ConfigureAwait(false),",src/WinCare.Infrastructure/Commands/WindowsCommandExecutor.Security.cs:153,,unverified; a route/test mention is not behavior verification,no,source inventory only; not runtime verified
wdac-policies,Application control policies,Security,Status,True,ReadOnly,MayBeRequired,Implemented,All Tools / ExecuteSelectedToolCommand,187,"await WdacPoliciesAsync(cancellationToken).ConfigureAwait(false),",src/WinCare.Infrastructure/Commands/WindowsCommandExecutor.Security.cs:223,,unverified; a route/test mention is not behavior verification,no,source inventory only; not runtime verified
wdac-events,Application control events,Security,Status,True,ReadOnly,MayBeRequired,Implemented,All Tools / ExecuteSelectedToolCommand,188,"await EventLogQueryAsync(""wdac-events"", ""Microsoft-Windows-CodeIntegrity/Operational"", p.Int32(""MaxEvents"", 100, 1, 1000), cancellationToken).ConfigureAwait(false),",src/WinCare.Infrastructure/Commands/WindowsCommandExecutor.System.cs:378,,unverified; a route/test mention is not behavior verification,no,source inventory only; not runtime verified
wdac-deploy,Deploy an application control policy,Security,Hardening,False,High,Required,Implemented,All Tools / ExecuteSelectedToolCommand,349,"await WdacDeployAsync(p, cancellationToken).ConfigureAwait(false),",src/WinCare.Infrastructure/Commands/WindowsCommandExecutor.Security.cs:238,,unverified; a route/test mention is not behavior verification,no,source inventory only; not runtime verified
internals-processes,Process details,All tools,Commands,True,ReadOnly,MayBeRequired,Implemented,All Tools / ExecuteSelectedToolCommand,189,"InternalsProcesses(p),",src/WinCare.Infrastructure/Commands/WindowsCommandExecutor.System.cs:416,,unverified; a route/test mention is not behavior verification,no,source inventory only; not runtime verified
internals-memory,Memory details,All tools,Commands,True,ReadOnly,MayBeRequired,Implemented,All Tools / ExecuteSelectedToolCommand,190,"InternalsMemory(),",src/WinCare.Infrastructure/Commands/WindowsCommandExecutor.System.cs:437,,isolated backend read-only probe succeeded; returned shape/timing in evidence/backend-probes.json; not full UI feature certification,yes,individual read-only backend probe
internals-cpu,Processor details,All tools,Commands,True,ReadOnly,MayBeRequired,Implemented,All Tools / ExecuteSelectedToolCommand,191,"InternalsCpu(),",src/WinCare.Infrastructure/Commands/WindowsCommandExecutor.System.cs:453,,unverified; a route/test mention is not behavior verification,no,source inventory only; not runtime verified
credential-providers,Sign-in providers,Security,Status,True,ReadOnly,No,Implemented,All Tools / ExecuteSelectedToolCommand,192,"CredentialProviders(),",src/WinCare.Infrastructure/Commands/WindowsCommandExecutor.System.cs:465,,unverified; a route/test mention is not behavior verification,no,source inventory only; not runtime verified
appcontainer,Application isolation status,Security,Status,True,ReadOnly,No,Implemented,All Tools / ExecuteSelectedToolCommand,193,"AppContainerState(p),",src/WinCare.Infrastructure/Commands/WindowsCommandExecutor.System.cs:480,,unverified; a route/test mention is not behavior verification,no,source inventory only; not runtime verified
desktop-controls,Desktop controls,System care,Performance,True,ReadOnly,No,Implemented,All Tools / ExecuteSelectedToolCommand,194,"DesktopControls(),",src/WinCare.Infrastructure/Commands/WindowsCommandExecutor.System.cs:497,,unverified; a route/test mention is not behavior verification,no,source inventory only; not runtime verified
wifi-profiles,Wi-Fi profiles,System care,Network & updates,True,ReadOnly,No,Implemented,All Tools / ExecuteSelectedToolCommand,195,"await NativeToolQueryAsync(""wifi-profiles"", ""netsh.exe"", [""wlan"", ""show"", ""profiles""], cancellationToken).ConfigureAwait(false),",src/WinCare.Infrastructure/Commands/WindowsCommandExecutor.System.cs:356,,unverified; a route/test mention is not behavior verification,no,source inventory only; not runtime verified
shell-extensions,Shell extensions,System care,Performance,True,ReadOnly,No,Implemented,All Tools / ExecuteSelectedToolCommand,196,"ShellExtensions(),",src/WinCare.Infrastructure/Commands/WindowsCommandExecutor.System.cs:508,,unverified; a route/test mention is not behavior verification,no,source inventory only; not runtime verified
desktop-shortcuts,Desktop shortcuts,System care,Performance,True,ReadOnly,No,Implemented,All Tools / ExecuteSelectedToolCommand,197,"DesktopShortcuts(),",src/WinCare.Infrastructure/Commands/WindowsCommandExecutor.System.cs:521,,unverified; a route/test mention is not behavior verification,no,source inventory only; not runtime verified
boot,Boot,Repair & recovery,Repair,True,ReadOnly,MayBeRequired,Implemented,All Tools / ExecuteSelectedToolCommand,198,"await NativeToolQueryAsync(""boot"", ""bcdedit.exe"", [""/enum"", ""all""], cancellationToken, administratorOptional: true).ConfigureAwait(false),",src/WinCare.Infrastructure/Commands/WindowsCommandExecutor.System.cs:356,,unverified; a route/test mention is not behavior verification,no,source inventory only; not runtime verified
bcd-export,Export boot configuration,Repair & recovery,Backup,False,High,Required,Implemented,All Tools / ExecuteSelectedToolCommand,350,"await BcdExportAsync(p, cancellationToken).ConfigureAwait(false),",src/WinCare.Infrastructure/Commands/WindowsCommandExecutor.Security.cs:406,,unverified; a route/test mention is not behavior verification,no,source inventory only; not runtime verified
unattend-analyze,Inspect an unattended setup file,Repair & recovery,Repair,True,ReadOnly,No,Implemented,All Tools / ExecuteSelectedToolCommand,199,"UnattendAnalyze(p),",src/WinCare.Infrastructure/Commands/WindowsCommandExecutor.System.cs:532,,unverified; a route/test mention is not behavior verification,no,source inventory only; not runtime verified
provisioning-plan,Review a provisioning blueprint,Repair & recovery,Repair,False,Moderate,Required,Implemented,All Tools / ExecuteSelectedToolCommand,351,"await ProvisioningPlanAsync(p, cancellationToken).ConfigureAwait(false),",src/WinCare.Infrastructure/Commands/WindowsCommandExecutor.Security.cs:415,,unverified; a route/test mention is not behavior verification,no,source inventory only; not runtime verified
knowledge,Knowledge,All tools,Commands,True,ReadOnly,No,Implemented,All Tools / ExecuteSelectedToolCommand,200,"Knowledge(p),",src/WinCare.Infrastructure/Commands/WindowsCommandExecutor.System.cs:543,,unverified; a route/test mention is not behavior verification,no,source inventory only; not runtime verified
reports,Reports and receipts,All tools,Commands,True,ReadOnly,No,Implemented,All Tools / ExecuteSelectedToolCommand,201,"await SystemReportAsync(cancellationToken).ConfigureAwait(false),",src/WinCare.Infrastructure/Commands/WindowsCommandExecutor.System.cs:568,,unverified; a route/test mention is not behavior verification,no,source inventory only; not runtime verified
automation-profiles,Automation profiles,All tools,Commands,True,ReadOnly,No,Implemented,All Tools / ExecuteSelectedToolCommand,202,"await ReadStateAsync(""automation-profiles"", cancellationToken).ConfigureAwait(false),",src/WinCare.Infrastructure/Commands/WindowsCommandExecutor.System.cs:582,,unverified; a route/test mention is not behavior verification,no,source inventory only; not runtime verified
run-automation,Run an automation profile,All tools,Commands,False,Moderate,Required,Implemented,All Tools / ExecuteSelectedToolCommand,352,"await RunAutomationAsync(p, cancellationToken).ConfigureAwait(false),",src/WinCare.Infrastructure/Commands/WindowsCommandExecutor.Remediation.cs:207,tests/WinCare.Infrastructure.Tests/CommandSafetyTests.cs,unverified; a route/test mention is not behavior verification,no,source inventory only; not runtime verified
cancel-operation,Cancel a running operation,All tools,Commands,False,Moderate,Required,Implemented,All Tools / ExecuteSelectedToolCommand,353,"CancelOperation(p),",src/WinCare.Infrastructure/Commands/WindowsCommandExecutor.Remediation.cs:252,,unverified; a route/test mention is not behavior verification,no,source inventory only; not runtime verified
widgets,Widgets,All tools,Commands,True,ReadOnly,No,Implemented,All Tools / ExecuteSelectedToolCommand,203,"await WidgetSnapshotAsync(p, cancellationToken).ConfigureAwait(false),",src/WinCare.Infrastructure/Commands/WindowsCommandExecutor.Productivity.cs:28,,unverified; a route/test mention is not behavior verification,no,source inventory only; not runtime verified
widget-catalog,Widget catalog,All tools,Commands,True,ReadOnly,No,Implemented,All Tools / ExecuteSelectedToolCommand,204,"WidgetCatalog(p),",src/WinCare.Infrastructure/Commands/WindowsCommandExecutor.Productivity.cs:40,,unverified; a route/test mention is not behavior verification,no,source inventory only; not runtime verified
widget-export,Export widget information,All tools,Commands,False,Low,MayBeRequired,Implemented,All Tools / ExecuteSelectedToolCommand,354,"await ExportStateAsync(""widgets"", p, ""wincare-widgets.json"", cancellationToken).ConfigureAwait(false),",src/WinCare.Infrastructure/Commands/WindowsCommandExecutor.State.cs:124,,shared export helper failure reproduced in harmless Windows fixture; individual command not executed (F-008),no,shared-helper runtime proof plus caller source trace; NOT individual-command runtime failure
bluetooth,Bluetooth,All tools,Commands,True,ReadOnly,No,Implemented,All Tools / ExecuteSelectedToolCommand,205,"BluetoothDevices(p, cancellationToken),",src/WinCare.Infrastructure/Commands/WindowsCommandExecutor.Productivity.cs:49,,unverified; a route/test mention is not behavior verification,no,source inventory only; not runtime verified
bluetooth-events,Bluetooth events,All tools,Commands,True,ReadOnly,No,Implemented,All Tools / ExecuteSelectedToolCommand,206,"await EventLogQueryAsync(""bluetooth-events"", ""System"", p.Int32(""MaxEvents"", 100, 1, 1000), cancellationToken, ""BTH"").ConfigureAwait(false),",src/WinCare.Infrastructure/Commands/WindowsCommandExecutor.System.cs:378,,unverified; a route/test mention is not behavior verification,no,source inventory only; not runtime verified
maintenance,Maintenance,System care,Routines,True,ReadOnly,No,Implemented,All Tools / ExecuteSelectedToolCommand,207,"await ReadStateAsync(""maintenance-windows"", cancellationToken).ConfigureAwait(false),",src/WinCare.Infrastructure/Commands/WindowsCommandExecutor.System.cs:582,,unverified; a route/test mention is not behavior verification,no,source inventory only; not runtime verified
maintenance-create,Create a maintenance window,System care,Routines,False,Moderate,MayBeRequired,Implemented,All Tools / ExecuteSelectedToolCommand,355,"await MaintenanceCreateAsync(p, cancellationToken).ConfigureAwait(false),",src/WinCare.Infrastructure/Commands/WindowsCommandExecutor.State.cs:149,,unverified; a route/test mention is not behavior verification,no,source inventory only; not runtime verified
maintenance-transition,Change maintenance window status,System care,Routines,False,Moderate,Required,Implemented,All Tools / ExecuteSelectedToolCommand,356,"await MaintenanceTransitionAsync(p, cancellationToken).ConfigureAwait(false),",src/WinCare.Infrastructure/Commands/WindowsCommandExecutor.State.cs:173,,unverified; a route/test mention is not behavior verification,no,source inventory only; not runtime verified
maintenance-metrics,Maintenance metrics,System care,Routines,True,ReadOnly,No,Implemented,All Tools / ExecuteSelectedToolCommand,208,"await MaintenanceMetricsAsync(cancellationToken).ConfigureAwait(false),",src/WinCare.Infrastructure/Commands/WindowsCommandExecutor.State.cs:187,,unverified; a route/test mention is not behavior verification,no,source inventory only; not runtime verified
maintenance-export,Export maintenance results,System care,Routines,False,Low,Required,Implemented,All Tools / ExecuteSelectedToolCommand,357,"await ExportStateAsync(""maintenance-windows"", p, ""wincare-maintenance.json"", cancellationToken).ConfigureAwait(false),",src/WinCare.Infrastructure/Commands/WindowsCommandExecutor.State.cs:124,,shared export helper failure reproduced in harmless Windows fixture; individual command not executed (F-008),no,shared-helper runtime proof plus caller source trace; NOT individual-command runtime failure
context-menu,Context menu,System care,Performance,True,ReadOnly,No,Implemented,All Tools / ExecuteSelectedToolCommand,209,"ContextMenuEntries(),",src/WinCare.Infrastructure/Commands/WindowsCommandExecutor.Productivity.cs:68,,unverified; a route/test mention is not behavior verification,no,source inventory only; not runtime verified
context-menu-set,Change context menu,System care,Performance,False,Moderate,Required,Implemented,All Tools / ExecuteSelectedToolCommand,358,"ContextMenuSet(p),",src/WinCare.Infrastructure/Commands/WindowsCommandExecutor.Productivity.cs:89,,unverified; a route/test mention is not behavior verification,no,source inventory only; not runtime verified
customization-hosts,Customization hosts,System care,Performance,True,ReadOnly,No,Implemented,All Tools / ExecuteSelectedToolCommand,210,"CustomizationHosts(),",src/WinCare.Infrastructure/Commands/WindowsCommandExecutor.Productivity.cs:116,,unverified; a route/test mention is not behavior verification,no,source inventory only; not runtime verified
rainmeter-skins,Rainmeter skins,System care,Performance,True,ReadOnly,No,Implemented,All Tools / ExecuteSelectedToolCommand,211,"RainmeterSkins(),",src/WinCare.Infrastructure/Commands/WindowsCommandExecutor.Productivity.cs:123,,unverified; a route/test mention is not behavior verification,no,source inventory only; not runtime verified
windhawk-mods,Windhawk mods,System care,Performance,True,ReadOnly,No,Implemented,All Tools / ExecuteSelectedToolCommand,212,"WindhawkMods(),",src/WinCare.Infrastructure/Commands/WindowsCommandExecutor.Productivity.cs:130,,unverified; a route/test mention is not behavior verification,no,source inventory only; not runtime verified
explorerpatcher,ExplorerPatcher,System care,Performance,True,ReadOnly,No,Implemented,All Tools / ExecuteSelectedToolCommand,213,"ExplorerPatcherState(),",src/WinCare.Infrastructure/Commands/WindowsCommandExecutor.Productivity.cs:137,,unverified; a route/test mention is not behavior verification,no,source inventory only; not runtime verified
modern-context-validate,Validate modern context,All tools,Commands,True,ReadOnly,No,Implemented,All Tools / ExecuteSelectedToolCommand,214,"ModernContextValidation(),",src/WinCare.Infrastructure/Commands/WindowsCommandExecutor.Productivity.cs:144,,unverified; a route/test mention is not behavior verification,no,source inventory only; not runtime verified
playbooks,Playbooks,All tools,Commands,True,ReadOnly,No,Implemented,All Tools / ExecuteSelectedToolCommand,215,"await ReadStateAsync(""playbooks"", cancellationToken).ConfigureAwait(false),",src/WinCare.Infrastructure/Commands/WindowsCommandExecutor.System.cs:582,,unverified; a route/test mention is not behavior verification,no,source inventory only; not runtime verified
playbook,Playbook,All tools,Commands,False,Moderate,Required,Implemented,All Tools / ExecuteSelectedToolCommand,359,"await RunPlaybookAsync(p, cancellationToken).ConfigureAwait(false),",src/WinCare.Infrastructure/Commands/WindowsCommandExecutor.Remediation.cs:214,,unverified; a route/test mention is not behavior verification,no,source inventory only; not runtime verified
group-policy,Group policy,All tools,Commands,True,ReadOnly,No,Implemented,All Tools / ExecuteSelectedToolCommand,216,"await NativeToolQueryAsync(""group-policy"", ""gpresult.exe"", [""/Scope"", ""Computer"", ""/R""], cancellationToken, administratorOptional: true).ConfigureAwait(false),",src/WinCare.Infrastructure/Commands/WindowsCommandExecutor.System.cs:356,,unverified; a route/test mention is not behavior verification,no,source inventory only; not runtime verified
group-policy-import,Import Group Policy settings,All tools,Commands,False,Moderate,Required,Implemented,All Tools / ExecuteSelectedToolCommand,360,"await GroupPolicyImportAsync(p, cancellationToken).ConfigureAwait(false),",src/WinCare.Infrastructure/Commands/WindowsCommandExecutor.Security.cs:428,,unverified; a route/test mention is not behavior verification,no,source inventory only; not runtime verified
sysmon,Sysmon,Security,Status,True,ReadOnly,MayBeRequired,Implemented,All Tools / ExecuteSelectedToolCommand,217,"await SysmonStateAsync(cancellationToken).ConfigureAwait(false),",src/WinCare.Infrastructure/Commands/WindowsCommandExecutor.Security.cs:439,,unverified; a route/test mention is not behavior verification,no,source inventory only; not runtime verified
sysmon-configure,Configure Sysmon,Security,Hardening,False,Moderate,Required,Implemented,All Tools / ExecuteSelectedToolCommand,361,"await SysmonConfigureAsync(p, cancellationToken).ConfigureAwait(false),",src/WinCare.Infrastructure/Commands/WindowsCommandExecutor.Security.cs:446,tests/WinCare.Infrastructure.Tests/CommandSafetyTests.cs,unverified; a route/test mention is not behavior verification,no,source inventory only; not runtime verified
sysmon-uninstall,Remove Sysmon,Security,Protection,False,High,Required,Implemented,All Tools / ExecuteSelectedToolCommand,362,"await SysmonUninstallAsync(p, cancellationToken).ConfigureAwait(false),",src/WinCare.Infrastructure/Commands/WindowsCommandExecutor.Security.cs:456,tests/WinCare.CommandCatalog.Tests/CommandCatalogTests.cs,unverified; a route/test mention is not behavior verification,no,source inventory only; not runtime verified
offline-images,Offline images,Repair & recovery,Repair,True,ReadOnly,MayBeRequired,Implemented,All Tools / ExecuteSelectedToolCommand,218,"await NativeToolQueryAsync(""offline-images"", ""dism.exe"", [""/English"", ""/Get-MountedImageInfo""], cancellationToken, administratorOptional: true).ConfigureAwait(false),",src/WinCare.Infrastructure/Commands/WindowsCommandExecutor.System.cs:356,,unverified; a route/test mention is not behavior verification,no,source inventory only; not runtime verified
offline-drivers,Offline drivers,Repair & recovery,Repair,True,ReadOnly,MayBeRequired,Implemented,All Tools / ExecuteSelectedToolCommand,219,"await DismOfflineQueryAsync(""offline-drivers"", p, ""/Get-Drivers"", cancellationToken).ConfigureAwait(false),",src/WinCare.Infrastructure/Commands/WindowsCommandExecutor.Security.cs:465,,unverified; a route/test mention is not behavior verification,no,source inventory only; not runtime verified
offline-packages,Offline packages,Repair & recovery,Repair,True,ReadOnly,MayBeRequired,Implemented,All Tools / ExecuteSelectedToolCommand,220,"await DismOfflineQueryAsync(""offline-packages"", p, ""/Get-Packages"", cancellationToken).ConfigureAwait(false),",src/WinCare.Infrastructure/Commands/WindowsCommandExecutor.Security.cs:465,,unverified; a route/test mention is not behavior verification,no,source inventory only; not runtime verified
offline-features,Offline features,Repair & recovery,Repair,True,ReadOnly,MayBeRequired,Implemented,All Tools / ExecuteSelectedToolCommand,221,"await DismOfflineQueryAsync(""offline-features"", p, ""/Get-Features"", cancellationToken).ConfigureAwait(false),",src/WinCare.Infrastructure/Commands/WindowsCommandExecutor.Security.cs:465,,unverified; a route/test mention is not behavior verification,no,source inventory only; not runtime verified
offline-driver-add,Add offline driver,Repair & recovery,Repair,False,High,Required,Implemented,All Tools / ExecuteSelectedToolCommand,363,"await DismOfflineMutationAsync(""offline-driver-add"", p, [""/Add-Driver"", ""/Driver:"" + p.RequiredString(""Path"")], cancellationToken).ConfigureAwait(false),",src/WinCare.Infrastructure/Commands/WindowsCommandExecutor.Security.cs:474,,unverified; a route/test mention is not behavior verification,no,source inventory only; not runtime verified
offline-driver-remove,Remove offline driver,Repair & recovery,Repair,False,High,Required,Implemented,All Tools / ExecuteSelectedToolCommand,364,"await DismOfflineMutationAsync(""offline-driver-remove"", p, [""/Remove-Driver"", ""/Driver:"" + p.RequiredString(""Driver"")], cancellationToken).ConfigureAwait(false),",src/WinCare.Infrastructure/Commands/WindowsCommandExecutor.Security.cs:474,,unverified; a route/test mention is not behavior verification,no,source inventory only; not runtime verified
offline-package-add,Add offline package,Repair & recovery,Repair,False,High,Required,Implemented,All Tools / ExecuteSelectedToolCommand,365,"await DismOfflineMutationAsync(""offline-package-add"", p, [""/Add-Package"", ""/PackagePath:"" + p.RequiredString(""Path"")], cancellationToken).ConfigureAwait(false),",src/WinCare.Infrastructure/Commands/WindowsCommandExecutor.Security.cs:474,,unverified; a route/test mention is not behavior verification,no,source inventory only; not runtime verified
offline-feature-set,Change offline feature,Repair & recovery,Repair,False,High,Required,Implemented,All Tools / ExecuteSelectedToolCommand,366,"await DismOfflineFeatureSetAsync(p, cancellationToken).ConfigureAwait(false),",src/WinCare.Infrastructure/Commands/WindowsCommandExecutor.Security.cs:485,tests/native/test_full_native_migration.py; tests/native/test_parameter_schema_contract.py,unverified; a route/test mention is not behavior verification,no,source inventory only; not runtime verified
power-sessions,Power sessions,System care,Performance,True,ReadOnly,No,Implemented,All Tools / ExecuteSelectedToolCommand,222,"await ReadStateAsync(""power-sessions"", cancellationToken).ConfigureAwait(false),",src/WinCare.Infrastructure/Commands/WindowsCommandExecutor.System.cs:582,,unverified; a route/test mention is not behavior verification,no,source inventory only; not runtime verified
power-start,Start a power session,System care,Performance,False,Moderate,Required,Implemented,All Tools / ExecuteSelectedToolCommand,367,"await PowerSessionStartAsync(p, cancellationToken).ConfigureAwait(false),",src/WinCare.Infrastructure/Commands/WindowsCommandExecutor.Productivity.cs:152,,unverified; a route/test mention is not behavior verification,no,source inventory only; not runtime verified
power-stop,Stop a power session,System care,Performance,False,Moderate,Required,Implemented,All Tools / ExecuteSelectedToolCommand,368,"await PowerSessionStopAsync(p, cancellationToken).ConfigureAwait(false),",src/WinCare.Infrastructure/Commands/WindowsCommandExecutor.Productivity.cs:162,,unverified; a route/test mention is not behavior verification,no,source inventory only; not runtime verified
windows,Window inventory,System care,Performance,True,ReadOnly,No,Implemented,All Tools / ExecuteSelectedToolCommand,223,"WindowInventory(p),",src/WinCare.Infrastructure/Commands/WindowsCommandExecutor.Desktop.cs:15,,unverified; a route/test mention is not behavior verification,no,source inventory only; not runtime verified
monitors,Monitors,System care,Performance,True,ReadOnly,No,Implemented,All Tools / ExecuteSelectedToolCommand,224,"MonitorInventory(),",src/WinCare.Infrastructure/Commands/WindowsCommandExecutor.Desktop.cs:35,,unverified; a route/test mention is not behavior verification,no,source inventory only; not runtime verified
window-zones,Window zones,System care,Performance,True,ReadOnly,No,Implemented,All Tools / ExecuteSelectedToolCommand,225,"await ReadStateAsync(""window-zones"", cancellationToken).ConfigureAwait(false),",src/WinCare.Infrastructure/Commands/WindowsCommandExecutor.System.cs:582,,unverified; a route/test mention is not behavior verification,no,source inventory only; not runtime verified
window-zone-set,Place a window in a zone,System care,Performance,False,Moderate,Required,Implemented,All Tools / ExecuteSelectedToolCommand,369,"WindowZoneSet(p),",src/WinCare.Infrastructure/Commands/WindowsCommandExecutor.Desktop.cs:147,,unverified; a route/test mention is not behavior verification,no,source inventory only; not runtime verified
window-topmost,Keep a window on top,System care,Performance,False,Moderate,Required,Implemented,All Tools / ExecuteSelectedToolCommand,370,"WindowTopmost(p),",src/WinCare.Infrastructure/Commands/WindowsCommandExecutor.Desktop.cs:130,,unverified; a route/test mention is not behavior verification,no,source inventory only; not runtime verified
window-activate,Activate a window,System care,Performance,False,Moderate,Required,Implemented,All Tools / ExecuteSelectedToolCommand,371,"WindowActivate(p),",src/WinCare.Infrastructure/Commands/WindowsCommandExecutor.Desktop.cs:139,,unverified; a route/test mention is not behavior verification,no,source inventory only; not runtime verified
input-release,Release stuck input,All tools,Commands,False,Moderate,Required,Implemented,All Tools / ExecuteSelectedToolCommand,372,"InputRelease(),",src/WinCare.Infrastructure/Commands/WindowsCommandExecutor.Desktop.cs:158,,unverified; a route/test mention is not behavior verification,no,source inventory only; not runtime verified
downloads,Downloads,System care,Network & updates,True,ReadOnly,No,Implemented,All Tools / ExecuteSelectedToolCommand,226,"await ReadStateAsync(""downloads"", cancellationToken).ConfigureAwait(false),",src/WinCare.Infrastructure/Commands/WindowsCommandExecutor.System.cs:582,,unverified; a route/test mention is not behavior verification,no,source inventory only; not runtime verified
downloads-due,Downloads due,System care,Network & updates,True,ReadOnly,No,Implemented,All Tools / ExecuteSelectedToolCommand,227,"await DownloadsDueAsync(cancellationToken).ConfigureAwait(false),",src/WinCare.Infrastructure/Commands/WindowsCommandExecutor.Productivity.cs:175,,unverified; a route/test mention is not behavior verification,no,source inventory only; not runtime verified
download-create,Create a download,System care,Network & updates,False,Moderate,MayBeRequired,Implemented,All Tools / ExecuteSelectedToolCommand,373,"await DownloadCreateAsync(p, cancellationToken).ConfigureAwait(false),",src/WinCare.Infrastructure/Commands/WindowsCommandExecutor.Productivity.cs:185,,unverified; a route/test mention is not behavior verification,no,source inventory only; not runtime verified
download-start,Start a download,System care,Network & updates,False,Moderate,MayBeRequired,Implemented,All Tools / ExecuteSelectedToolCommand,374,"await DownloadStartAsync(p, cancellationToken).ConfigureAwait(false),",src/WinCare.Infrastructure/Commands/WindowsCommandExecutor.Productivity.cs:199,tests/native/test_full_native_migration.py,unverified; a route/test mention is not behavior verification,no,source inventory only; not runtime verified
download-start-due,Start due downloads,System care,Network & updates,False,Moderate,MayBeRequired,Implemented,All Tools / ExecuteSelectedToolCommand,375,"await DownloadStartDueAsync(cancellationToken).ConfigureAwait(false),",src/WinCare.Infrastructure/Commands/WindowsCommandExecutor.Productivity.cs:360,,unverified; a route/test mention is not behavior verification,no,source inventory only; not runtime verified
download-suspend,Pause a download,System care,Network & updates,False,Moderate,MayBeRequired,Implemented,All Tools / ExecuteSelectedToolCommand,376,"await DownloadSuspendAsync(p, cancellationToken).ConfigureAwait(false),",src/WinCare.Infrastructure/Commands/WindowsCommandExecutor.Productivity.cs:386,,unverified; a route/test mention is not behavior verification,no,source inventory only; not runtime verified
download-resume,Resume a download,System care,Network & updates,False,Moderate,MayBeRequired,Implemented,All Tools / ExecuteSelectedToolCommand,377,"await DownloadStartAsync(p, cancellationToken).ConfigureAwait(false),",src/WinCare.Infrastructure/Commands/WindowsCommandExecutor.Productivity.cs:199,,unverified; a route/test mention is not behavior verification,no,source inventory only; not runtime verified
download-reconcile,Reconcile downloads,System care,Network & updates,False,Moderate,MayBeRequired,Implemented,All Tools / ExecuteSelectedToolCommand,378,"await DownloadReconcileAsync(p, cancellationToken).ConfigureAwait(false),",src/WinCare.Infrastructure/Commands/WindowsCommandExecutor.Productivity.cs:406,,unverified; a route/test mention is not behavior verification,no,source inventory only; not runtime verified
download-cancel,Cancel a download,System care,Network & updates,False,Moderate,MayBeRequired,Implemented,All Tools / ExecuteSelectedToolCommand,379,"await DownloadCancelAsync(p, cancellationToken).ConfigureAwait(false),",src/WinCare.Infrastructure/Commands/WindowsCommandExecutor.Productivity.cs:426,,unverified; a route/test mention is not behavior verification,no,source inventory only; not runtime verified
download-remove,Remove a download,System care,Network & updates,False,Moderate,MayBeRequired,Implemented,All Tools / ExecuteSelectedToolCommand,380,"await DownloadRemoveAsync(p, cancellationToken).ConfigureAwait(false),",src/WinCare.Infrastructure/Commands/WindowsCommandExecutor.Productivity.cs:465,,unverified; a route/test mention is not behavior verification,no,source inventory only; not runtime verified
telemetry-snapshot,Telemetry snapshot,Checkup,Results,True,ReadOnly,No,Implemented,All Tools / ExecuteSelectedToolCommand,228,"TelemetrySnapshot(),",src/WinCare.Infrastructure/Commands/WindowsCommandExecutor.Productivity.cs:493,,unverified; a route/test mention is not behavior verification,no,source inventory only; not runtime verified
telemetry-history,Telemetry history,Checkup,Results,True,ReadOnly,No,Implemented,All Tools / ExecuteSelectedToolCommand,229,"await ReadStateAsync(""telemetry-history"", cancellationToken).ConfigureAwait(false),",src/WinCare.Infrastructure/Commands/WindowsCommandExecutor.System.cs:582,,unverified; a route/test mention is not behavior verification,no,source inventory only; not runtime verified
telemetry-capture,Capture a local telemetry snapshot,All tools,Commands,False,Moderate,Required,Implemented,All Tools / ExecuteSelectedToolCommand,381,"await TelemetryCaptureAsync(cancellationToken).ConfigureAwait(false),",src/WinCare.Infrastructure/Commands/WindowsCommandExecutor.State.cs:280,,unverified; a route/test mention is not behavior verification,no,source inventory only; not runtime verified
telemetry-export,Export telemetry history,All tools,Commands,False,Low,Required,Implemented,All Tools / ExecuteSelectedToolCommand,382,"await ExportStateAsync(""telemetry-history"", p, ""wincare-telemetry.json"", cancellationToken).ConfigureAwait(false),",src/WinCare.Infrastructure/Commands/WindowsCommandExecutor.State.cs:124,,shared export helper failure reproduced in harmless Windows fixture; individual command not executed (F-008),no,shared-helper runtime proof plus caller source trace; NOT individual-command runtime failure
launcher-search,Find launcher,System care,Performance,True,ReadOnly,No,Implemented,All Tools / ExecuteSelectedToolCommand,230,"LauncherSearch(p),",src/WinCare.Infrastructure/Commands/WindowsCommandExecutor.Productivity.cs:509,,unverified; a route/test mention is not behavior verification,no,source inventory only; not runtime verified
launcher-open,Open launcher,System care,Performance,False,Moderate,Required,Implemented,All Tools / ExecuteSelectedToolCommand,383,"LauncherOpen(p),",src/WinCare.Infrastructure/Commands/WindowsCommandExecutor.Productivity.cs:521,,unverified; a route/test mention is not behavior verification,no,source inventory only; not runtime verified
calculator,Calculator,All tools,Commands,True,ReadOnly,No,Implemented,All Tools / ExecuteSelectedToolCommand,231,"Calculator(p),",src/WinCare.Infrastructure/Commands/WindowsCommandExecutor.Productivity.cs:535,,unverified; a route/test mention is not behavior verification,no,source inventory only; not runtime verified
steam-games,Steam games,System care,Performance,True,ReadOnly,No,Implemented,All Tools / ExecuteSelectedToolCommand,232,"SteamGames(),",src/WinCare.Infrastructure/Commands/WindowsCommandExecutor.Productivity.cs:543,,unverified; a route/test mention is not behavior verification,no,source inventory only; not runtime verified
steam-users,Steam users,System care,Performance,True,ReadOnly,No,Implemented,All Tools / ExecuteSelectedToolCommand,233,"SteamUsers(),",src/WinCare.Infrastructure/Commands/WindowsCommandExecutor.Productivity.cs:571,,unverified; a route/test mention is not behavior verification,no,source inventory only; not runtime verified
steam-cloud-files,Steam cloud files,System care,Performance,True,ReadOnly,No,Implemented,All Tools / ExecuteSelectedToolCommand,234,"SteamCloudFiles(p),",src/WinCare.Infrastructure/Commands/WindowsCommandExecutor.Productivity.cs:580,,unverified; a route/test mention is not behavior verification,no,source inventory only; not runtime verified
steam-backup,Back up Steam game data,System care,Performance,False,Moderate,Required,Implemented,All Tools / ExecuteSelectedToolCommand,384,"await SteamBackupAsync(p, cancellationToken).ConfigureAwait(false),",src/WinCare.Infrastructure/Commands/WindowsCommandExecutor.Productivity.cs:607,,unverified; a route/test mention is not behavior verification,no,source inventory only; not runtime verified
steam-restore,Restore Steam game data,System care,Performance,False,Moderate,Required,Implemented,All Tools / ExecuteSelectedToolCommand,385,"await SteamRestoreAsync(p, cancellationToken).ConfigureAwait(false),",src/WinCare.Infrastructure/Commands/WindowsCommandExecutor.Productivity.cs:616,,unverified; a route/test mention is not behavior verification,no,source inventory only; not runtime verified
game-integrity,Check game file integrity,System care,Performance,True,ReadOnly,No,Implemented,All Tools / ExecuteSelectedToolCommand,235,"await GameIntegrityAsync(p, cancellationToken).ConfigureAwait(false),",src/WinCare.Infrastructure/Commands/WindowsCommandExecutor.Productivity.cs:625,,unverified; a route/test mention is not behavior verification,no,source inventory only; not runtime verified
offline-reduction-profiles,Offline reduction profiles,Repair & recovery,Repair,True,ReadOnly,MayBeRequired,Implemented,All Tools / ExecuteSelectedToolCommand,236,"StaticProfileCatalog(""offline-reduction""),",src/WinCare.Infrastructure/Commands/WindowsCommandExecutor.Experience.cs:24,,unverified; a route/test mention is not behavior verification,no,source inventory only; not runtime verified
offline-reduction-assess,Assess offline reduction,Repair & recovery,Repair,True,ReadOnly,MayBeRequired,Implemented,All Tools / ExecuteSelectedToolCommand,237,"await OfflineReductionAssessAsync(p, cancellationToken).ConfigureAwait(false),",src/WinCare.Infrastructure/Commands/WindowsCommandExecutor.Experience.cs:496,,unverified; a route/test mention is not behavior verification,no,source inventory only; not runtime verified
offline-reduction-apply,Apply offline reduction,Repair & recovery,Repair,False,High,Required,Implemented,All Tools / ExecuteSelectedToolCommand,386,"await OfflineReductionApplyAsync(p, cancellationToken).ConfigureAwait(false),",src/WinCare.Infrastructure/Commands/WindowsCommandExecutor.Experience.cs:504,,unverified; a route/test mention is not behavior verification,no,source inventory only; not runtime verified
workspace-layouts,Workspace layouts,System care,Performance,True,ReadOnly,No,Implemented,All Tools / ExecuteSelectedToolCommand,238,"await ReadStateAsync(""workspace-layouts"", cancellationToken).ConfigureAwait(false),",src/WinCare.Infrastructure/Commands/WindowsCommandExecutor.System.cs:582,,unverified; a route/test mention is not behavior verification,no,source inventory only; not runtime verified
workspace-layout-save,Save workspace layout,System care,Performance,False,Low,MayBeRequired,Implemented,All Tools / ExecuteSelectedToolCommand,387,"await WorkspaceLayoutSaveAsync(p, cancellationToken).ConfigureAwait(false),",src/WinCare.Infrastructure/Commands/WindowsCommandExecutor.Experience.cs:524,,unverified; a route/test mention is not behavior verification,no,source inventory only; not runtime verified
workspace-layout-apply,Apply workspace layout,System care,Performance,False,Moderate,MayBeRequired,Implemented,All Tools / ExecuteSelectedToolCommand,388,"await WorkspaceLayoutApplyAsync(p, cancellationToken).ConfigureAwait(false),",src/WinCare.Infrastructure/Commands/WindowsCommandExecutor.Experience.cs:533,,unverified; a route/test mention is not behavior verification,no,source inventory only; not runtime verified
workspace-layout-remove,Remove workspace layout,System care,Performance,False,Low,MayBeRequired,Implemented,All Tools / ExecuteSelectedToolCommand,389,"await RemoveStateItemAsync(""workspace-layouts"", p.RequiredString(""Id""), cancellationToken).ConfigureAwait(false),",src/WinCare.Infrastructure/Commands/WindowsCommandExecutor.State.cs:81,,unverified; a route/test mention is not behavior verification,no,source inventory only; not runtime verified
color-capture,Capture color,All tools,Commands,True,ReadOnly,No,Implemented,All Tools / ExecuteSelectedToolCommand,239,"ColorCapture(p),",src/WinCare.Infrastructure/Commands/WindowsCommandExecutor.Desktop.cs:174,,unverified; a route/test mention is not behavior verification,no,source inventory only; not runtime verified
color-palette,Color palette,All tools,Commands,True,ReadOnly,No,Implemented,All Tools / ExecuteSelectedToolCommand,240,"await ReadStateAsync(""color-palette"", cancellationToken).ConfigureAwait(false),",src/WinCare.Infrastructure/Commands/WindowsCommandExecutor.System.cs:582,,unverified; a route/test mention is not behavior verification,no,source inventory only; not runtime verified
color-add,Add color,All tools,Commands,False,Low,MayBeRequired,Implemented,All Tools / ExecuteSelectedToolCommand,390,"await ColorAddAsync(p, cancellationToken).ConfigureAwait(false),",src/WinCare.Infrastructure/Commands/WindowsCommandExecutor.Desktop.cs:195,,unverified; a route/test mention is not behavior verification,no,source inventory only; not runtime verified
color-remove,Remove color,All tools,Commands,False,Low,MayBeRequired,Implemented,All Tools / ExecuteSelectedToolCommand,391,"await RemoveStateItemAsync(""color-palette"", p.RequiredString(""Id""), cancellationToken).ConfigureAwait(false),",src/WinCare.Infrastructure/Commands/WindowsCommandExecutor.State.cs:81,,unverified; a route/test mention is not behavior verification,no,source inventory only; not runtime verified
image-metadata,Image metadata,All tools,Commands,True,ReadOnly,No,Implemented,All Tools / ExecuteSelectedToolCommand,241,"ImageMetadata(p),",src/WinCare.Infrastructure/Commands/WindowsCommandExecutor.Productivity.cs:645,,unverified; a route/test mention is not behavior verification,no,source inventory only; not runtime verified
notes,Notes,All tools,Commands,True,ReadOnly,No,Implemented,All Tools / ExecuteSelectedToolCommand,242,"await ReadStateAsync(""notes"", cancellationToken).ConfigureAwait(false),",src/WinCare.Infrastructure/Commands/WindowsCommandExecutor.System.cs:582,,unverified; a route/test mention is not behavior verification,no,source inventory only; not runtime verified
note-save,Save note,All tools,Commands,False,Low,MayBeRequired,Implemented,All Tools / ExecuteSelectedToolCommand,392,"await NoteSaveAsync(p, cancellationToken).ConfigureAwait(false),",src/WinCare.Infrastructure/Commands/WindowsCommandExecutor.State.cs:202,tests/WinCare.CommandCatalog.Tests/CommandCatalogTests.cs,unverified; a route/test mention is not behavior verification,no,source inventory only; not runtime verified
note-remove,Remove note,All tools,Commands,False,Low,MayBeRequired,Implemented,All Tools / ExecuteSelectedToolCommand,393,"await RemoveStateItemAsync(""notes"", p.RequiredString(""Id""), cancellationToken).ConfigureAwait(false),",src/WinCare.Infrastructure/Commands/WindowsCommandExecutor.State.cs:81,,unverified; a route/test mention is not behavior verification,no,source inventory only; not runtime verified
browsers,Browser workspace,All tools,Commands,True,ReadOnly,No,Implemented,All Tools / ExecuteSelectedToolCommand,243,"BrowserInventory(),",src/WinCare.Infrastructure/Commands/WindowsCommandExecutor.Productivity.cs:655,,unverified; a route/test mention is not behavior verification,no,source inventory only; not runtime verified
browser-extensions,Browser extensions,All tools,Commands,True,ReadOnly,No,Implemented,All Tools / ExecuteSelectedToolCommand,244,"BrowserExtensions(),",src/WinCare.Infrastructure/Commands/WindowsCommandExecutor.Productivity.cs:669,,unverified; a route/test mention is not behavior verification,no,source inventory only; not runtime verified
remote-support,Remote support,All tools,Commands,True,ReadOnly,No,Implemented,All Tools / ExecuteSelectedToolCommand,245,"await RemoteSupportStateAsync(cancellationToken).ConfigureAwait(false),",src/WinCare.Infrastructure/Commands/WindowsCommandExecutor.Productivity.cs:690,,unverified; a route/test mention is not behavior verification,no,source inventory only; not runtime verified
remote-consent,Remote consent,All tools,Commands,True,ReadOnly,No,Implemented,All Tools / ExecuteSelectedToolCommand,246,"await ReadStateAsync(""remote-consents"", cancellationToken).ConfigureAwait(false),",src/WinCare.Infrastructure/Commands/WindowsCommandExecutor.System.cs:582,,unverified; a route/test mention is not behavior verification,no,source inventory only; not runtime verified
remote-consent-create,Create remote consent,All tools,Commands,False,Moderate,Required,Implemented,All Tools / ExecuteSelectedToolCommand,394,"await RemoteConsentCreateAsync(p, cancellationToken).ConfigureAwait(false),",src/WinCare.Infrastructure/Commands/WindowsCommandExecutor.State.cs:230,,unverified; a route/test mention is not behavior verification,no,source inventory only; not runtime verified
remote-consent-state,Remote consent state,All tools,Commands,False,Moderate,Required,Implemented,All Tools / ExecuteSelectedToolCommand,395,"await RemoteConsentStateAsync(p, cancellationToken).ConfigureAwait(false),",src/WinCare.Infrastructure/Commands/WindowsCommandExecutor.State.cs:247,,unverified; a route/test mention is not behavior verification,no,source inventory only; not runtime verified
remote-consent-expire,Expire remote consent,All tools,Commands,False,Moderate,Required,Implemented,All Tools / ExecuteSelectedToolCommand,396,"await RemoteConsentExpireAsync(p, cancellationToken).ConfigureAwait(false),",src/WinCare.Infrastructure/Commands/WindowsCommandExecutor.State.cs:256,,unverified; a route/test mention is not behavior verification,no,source inventory only; not runtime verified
remote-emergency,Remote emergency,All tools,Commands,False,Moderate,Required,Implemented,All Tools / ExecuteSelectedToolCommand,397,"await RemoteEmergencyAsync(p, cancellationToken).ConfigureAwait(false),",src/WinCare.Infrastructure/Commands/WindowsCommandExecutor.State.cs:263,,unverified; a route/test mention is not behavior verification,no,source inventory only; not runtime verified
studio-snapshot,Workspace snapshot,System care,Performance,True,ReadOnly,No,Implemented,All Tools / ExecuteSelectedToolCommand,247,"await StudioSnapshotAsync(cancellationToken).ConfigureAwait(false),",src/WinCare.Infrastructure/Commands/WindowsCommandExecutor.Productivity.cs:706,,unverified; a route/test mention is not behavior verification,no,source inventory only; not runtime verified
studio-monitoring-export,Export studio monitoring,System care,Performance,False,Moderate,Required,Implemented,All Tools / ExecuteSelectedToolCommand,398,"await ExportStateAsync(""telemetry-history"", p, ""wincare-studio-monitoring.json"", cancellationToken).ConfigureAwait(false),",src/WinCare.Infrastructure/Commands/WindowsCommandExecutor.State.cs:124,,shared export helper failure reproduced in harmless Windows fixture; individual command not executed (F-008),no,shared-helper runtime proof plus caller source trace; NOT individual-command runtime failure
studio-file-workspaces,Studio file workspaces,System care,Performance,True,ReadOnly,No,Implemented,All Tools / ExecuteSelectedToolCommand,248,"await ReadStateAsync(""studio-file-workspaces"", cancellationToken).ConfigureAwait(false),",src/WinCare.Infrastructure/Commands/WindowsCommandExecutor.System.cs:582,,unverified; a route/test mention is not behavior verification,no,source inventory only; not runtime verified
studio-file-workspace-save,Save studio file workspace,System care,Performance,False,Moderate,Required,Implemented,All Tools / ExecuteSelectedToolCommand,399,"await UpsertStateItemAsync(""studio-file-workspaces"", p, cancellationToken).ConfigureAwait(false),",src/WinCare.Infrastructure/Commands/WindowsCommandExecutor.State.cs:52,,unverified; a route/test mention is not behavior verification,no,source inventory only; not runtime verified
studio-layout-profiles,Studio layout profiles,System care,Routines,True,ReadOnly,No,Implemented,All Tools / ExecuteSelectedToolCommand,249,"await ReadStateAsync(""studio-layout-profiles"", cancellationToken).ConfigureAwait(false),",src/WinCare.Infrastructure/Commands/WindowsCommandExecutor.System.cs:582,,unverified; a route/test mention is not behavior verification,no,source inventory only; not runtime verified
studio-layout-save,Save studio layout,System care,Performance,False,Low,MayBeRequired,Implemented,All Tools / ExecuteSelectedToolCommand,400,"await UpsertStateItemAsync(""studio-layout-profiles"", p, cancellationToken).ConfigureAwait(false),",src/WinCare.Infrastructure/Commands/WindowsCommandExecutor.State.cs:52,,unverified; a route/test mention is not behavior verification,no,source inventory only; not runtime verified
studio-package,Studio package,System care,Performance,True,ReadOnly,No,Implemented,All Tools / ExecuteSelectedToolCommand,253,"StudioPackageInventory(),",src/WinCare.Infrastructure/Commands/WindowsCommandExecutor.Productivity.cs:1132,,unverified; a route/test mention is not behavior verification,no,source inventory only; not runtime verified
studio-brightness-schedules,Studio brightness schedules,System care,Performance,True,ReadOnly,No,Implemented,All Tools / ExecuteSelectedToolCommand,250,"await ReadStateAsync(""studio-brightness-schedules"", cancellationToken).ConfigureAwait(false),",src/WinCare.Infrastructure/Commands/WindowsCommandExecutor.System.cs:582,,unverified; a route/test mention is not behavior verification,no,source inventory only; not runtime verified
studio-brightness-save,Save studio brightness,System care,Performance,False,Low,Required,Implemented,All Tools / ExecuteSelectedToolCommand,401,"await UpsertStateItemAsync(""studio-brightness-schedules"", p, cancellationToken).ConfigureAwait(false),",src/WinCare.Infrastructure/Commands/WindowsCommandExecutor.State.cs:52,,unverified; a route/test mention is not behavior verification,no,source inventory only; not runtime verified
studio-brightness-apply,Apply studio brightness,System care,Performance,False,Moderate,Required,Implemented,All Tools / ExecuteSelectedToolCommand,402,"DisplayCalibrate(p),",src/WinCare.Infrastructure/Commands/WindowsCommandExecutor.Desktop.cs:86,,unverified; a route/test mention is not behavior verification,no,source inventory only; not runtime verified
studio-folder-appearance,Studio folder appearance,System care,Performance,False,Moderate,Required,Implemented,All Tools / ExecuteSelectedToolCommand,403,"FolderAppearance(p),",src/WinCare.Infrastructure/Commands/WindowsCommandExecutor.Productivity.cs:854,,unverified; a route/test mention is not behavior verification,no,source inventory only; not runtime verified
studio-kanata-validate,Validate studio Kanata,System care,Performance,True,ReadOnly,No,Implemented,All Tools / ExecuteSelectedToolCommand,251,"StudioToolValidation(""kanata"", [""kanata.exe""]),",src/WinCare.Infrastructure/Commands/WindowsCommandExecutor.Productivity.cs:720,,unverified; a route/test mention is not behavior verification,no,source inventory only; not runtime verified
studio-syncthing,Studio Syncthing,System care,Performance,True,ReadOnly,No,Implemented,All Tools / ExecuteSelectedToolCommand,252,"StudioToolValidation(""syncthing"", [""syncthing.exe""]),",src/WinCare.Infrastructure/Commands/WindowsCommandExecutor.Productivity.cs:720,,unverified; a route/test mention is not behavior verification,no,source inventory only; not runtime verified
studio-wezterm,Studio WezTerm,System care,Performance,False,Moderate,Required,Implemented,All Tools / ExecuteSelectedToolCommand,404,"await StudioWezTermAsync(p, cancellationToken).ConfigureAwait(false),",src/WinCare.Infrastructure/Commands/WindowsCommandExecutor.Productivity.cs:726,,unverified; a route/test mention is not behavior verification,no,source inventory only; not runtime verified
studio-adb-inventory,Studio Android Debug Bridge inventory,System care,Performance,False,Moderate,Required,Implemented,All Tools / ExecuteSelectedToolCommand,405,"await StudioAdbAsync(p, cancellationToken).ConfigureAwait(false),",src/WinCare.Infrastructure/Commands/WindowsCommandExecutor.Productivity.cs:763,,unverified; a route/test mention is not behavior verification,no,source inventory only; not runtime verified
studio-xbox-fse,Xbox Full Screen Experience,System care,Performance,False,Moderate,Required,Implemented,All Tools / ExecuteSelectedToolCommand,406,"await StudioXboxFseAsync(p, cancellationToken).ConfigureAwait(false),",src/WinCare.Infrastructure/Commands/WindowsCommandExecutor.Productivity.cs:783,,unverified; a route/test mention is not behavior verification,no,source inventory only; not runtime verified
toolkit-diagnostics,Unified diagnostics,Checkup,Results,True,ReadOnly,No,Implemented,All Tools / ExecuteSelectedToolCommand,254,"ToolkitDiagnostics(cancellationToken),",src/WinCare.Infrastructure/Commands/WindowsCommandExecutor.Productivity.cs:873,,unverified; a route/test mention is not behavior verification,no,source inventory only; not runtime verified
toolkit-win32-error,Toolkit Win32 error,System care,Performance,True,ReadOnly,No,Implemented,All Tools / ExecuteSelectedToolCommand,255,"Win32ErrorLookup(p),",src/WinCare.Infrastructure/Commands/WindowsCommandExecutor.Productivity.cs:885,,unverified; a route/test mention is not behavior verification,no,source inventory only; not runtime verified
toolkit-msi,Toolkit installer,System care,Performance,True,ReadOnly,No,Implemented,All Tools / ExecuteSelectedToolCommand,256,"ToolkitMsi(p),",src/WinCare.Infrastructure/Commands/WindowsCommandExecutor.Productivity.cs:892,,unverified; a route/test mention is not behavior verification,no,source inventory only; not runtime verified
hardening-profiles,Hardening profiles,Security,Hardening,True,ReadOnly,No,Implemented,All Tools / ExecuteSelectedToolCommand,257,"StaticProfileCatalog(""hardening""),",src/WinCare.Infrastructure/Commands/WindowsCommandExecutor.Experience.cs:24,,unverified; a route/test mention is not behavior verification,no,source inventory only; not runtime verified
hardening-assess,Balanced hardening assessment,Security,Hardening,True,ReadOnly,No,Implemented,All Tools / ExecuteSelectedToolCommand,258,"HardeningAssess(cancellationToken),",src/WinCare.Infrastructure/Commands/WindowsCommandExecutor.Security.cs:494,,unverified; a route/test mention is not behavior verification,no,source inventory only; not runtime verified
hardening-apply,Hail Mary hardening,Security,Hardening,False,High,Required,Implemented,All Tools / ExecuteSelectedToolCommand,407,"await HardeningApplyAsync(p, cancellationToken).ConfigureAwait(false),",src/WinCare.Infrastructure/Commands/WindowsCommandExecutor.Security.cs:509,tests/native/test_full_native_migration.py,unverified; a route/test mention is not behavior verification,no,source inventory only; not runtime verified
maintenance-templates,Maintenance templates,System care,Routines,True,ReadOnly,No,Implemented,All Tools / ExecuteSelectedToolCommand,259,"await ReadStateAsync(""maintenance-templates"", cancellationToken).ConfigureAwait(false),",src/WinCare.Infrastructure/Commands/WindowsCommandExecutor.System.cs:582,,unverified; a route/test mention is not behavior verification,no,source inventory only; not runtime verified
maintenance-template-create,Create weekly health window,System care,Routines,False,Moderate,Required,Implemented,All Tools / ExecuteSelectedToolCommand,408,"await UpsertStateItemAsync(""maintenance-templates"", p, cancellationToken).ConfigureAwait(false),",src/WinCare.Infrastructure/Commands/WindowsCommandExecutor.State.cs:52,,unverified; a route/test mention is not behavior verification,no,source inventory only; not runtime verified
system-shortcuts,System shortcuts,System care,Performance,True,ReadOnly,No,Implemented,All Tools / ExecuteSelectedToolCommand,260,"SystemShortcuts(),",src/WinCare.Infrastructure/Commands/WindowsCommandExecutor.Productivity.cs:900,,unverified; a route/test mention is not behavior verification,no,source inventory only; not runtime verified
system-shortcuts-export,Export system shortcuts,System care,Performance,False,Low,Required,Implemented,All Tools / ExecuteSelectedToolCommand,409,"await SystemShortcutsExportAsync(p, cancellationToken).ConfigureAwait(false),",src/WinCare.Infrastructure/Commands/WindowsCommandExecutor.Productivity.cs:914,,shared export helper failure reproduced in harmless Windows fixture; individual command not executed (F-008),no,shared-helper runtime proof plus caller source trace; NOT individual-command runtime failure
download-batch,Download batch,System care,Network & updates,False,Moderate,MayBeRequired,Implemented,All Tools / ExecuteSelectedToolCommand,410,"await DownloadBatchAsync(p, cancellationToken).ConfigureAwait(false),",src/WinCare.Infrastructure/Commands/WindowsCommandExecutor.Productivity.cs:475,,unverified; a route/test mention is not behavior verification,no,source inventory only; not runtime verified
torrent-metadata,Torrent metadata,System care,Network & updates,True,ReadOnly,No,Implemented,All Tools / ExecuteSelectedToolCommand,261,"TorrentMetadata(p),",src/WinCare.Infrastructure/Commands/WindowsCommandExecutor.Productivity.cs:922,,unverified; a route/test mention is not behavior verification,no,source inventory only; not runtime verified
experience-cards,Capability evidence cards,All tools,Commands,True,ReadOnly,No,Implemented,All Tools / ExecuteSelectedToolCommand,262,"ExperienceCards(p),",src/WinCare.Infrastructure/Commands/WindowsCommandExecutor.Experience.cs:79,,unverified; a route/test mention is not behavior verification,no,source inventory only; not runtime verified
experience-visual-asset,Experience visual asset,All tools,Commands,True,ReadOnly,No,Implemented,All Tools / ExecuteSelectedToolCommand,263,"FileDescriptor(p, ""Path""),",src/WinCare.Infrastructure/Commands/WindowsCommandExecutor.Experience.cs:95,,unverified; a route/test mention is not behavior verification,no,source inventory only; not runtime verified
experience-sprite-layout,Experience sprite layout,All tools,Commands,True,ReadOnly,No,Implemented,All Tools / ExecuteSelectedToolCommand,264,"SpriteLayout(p),",src/WinCare.Infrastructure/Commands/WindowsCommandExecutor.Experience.cs:108,tests/WinCare.Infrastructure.Tests/CommandSafetyTests.cs,unverified; a route/test mention is not behavior verification,no,source inventory only; not runtime verified
experience-visual-manifest,Experience visual manifest,All tools,Commands,False,Moderate,Required,Implemented,All Tools / ExecuteSelectedToolCommand,411,"await ExperienceVisualManifestAsync(p, cancellationToken).ConfigureAwait(false),",src/WinCare.Infrastructure/Commands/WindowsCommandExecutor.Experience.cs:168,,shared export helper failure reproduced in harmless Windows fixture; individual command not executed (F-008),no,shared-helper runtime proof plus caller source trace; NOT individual-command runtime failure
experience-location-state,Experience location state,All tools,Commands,True,ReadOnly,No,Implemented,All Tools / ExecuteSelectedToolCommand,265,"LocationState(),",src/WinCare.Infrastructure/Commands/WindowsCommandExecutor.Experience.cs:119,,unverified; a route/test mention is not behavior verification,no,source inventory only; not runtime verified
experience-location-set,Change experience location,All tools,Commands,False,Moderate,Required,Implemented,All Tools / ExecuteSelectedToolCommand,412,"ExperienceLocationSet(p),",src/WinCare.Infrastructure/Commands/WindowsCommandExecutor.Experience.cs:126,,unverified; a route/test mention is not behavior verification,no,source inventory only; not runtime verified
experience-remote-profiles,Experience remote profiles,All tools,Commands,True,ReadOnly,No,Implemented,All Tools / ExecuteSelectedToolCommand,266,"StaticProfileCatalog(""experience-remote""),",src/WinCare.Infrastructure/Commands/WindowsCommandExecutor.Experience.cs:24,,unverified; a route/test mention is not behavior verification,no,source inventory only; not runtime verified
experience-remote-state,Experience remote state,All tools,Commands,True,ReadOnly,No,Implemented,All Tools / ExecuteSelectedToolCommand,267,"await ReadStateAsync(""experience-remote"", cancellationToken).ConfigureAwait(false),",src/WinCare.Infrastructure/Commands/WindowsCommandExecutor.System.cs:582,,unverified; a route/test mention is not behavior verification,no,source inventory only; not runtime verified
experience-remote-set,Change experience remote,All tools,Commands,False,Moderate,Required,Implemented,All Tools / ExecuteSelectedToolCommand,413,"await UpsertStateItemAsync(""experience-remote"", p, cancellationToken).ConfigureAwait(false),",src/WinCare.Infrastructure/Commands/WindowsCommandExecutor.State.cs:52,,unverified; a route/test mention is not behavior verification,no,source inventory only; not runtime verified
experience-power-profiles,Experience power profiles,All tools,Commands,True,ReadOnly,No,Implemented,All Tools / ExecuteSelectedToolCommand,268,"StaticProfileCatalog(""experience-power""),",src/WinCare.Infrastructure/Commands/WindowsCommandExecutor.Experience.cs:24,,unverified; a route/test mention is not behavior verification,no,source inventory only; not runtime verified
experience-power-assess,Assess experience power,All tools,Commands,True,ReadOnly,No,Implemented,All Tools / ExecuteSelectedToolCommand,269,"await PowerAssessmentAsync(cancellationToken).ConfigureAwait(false),",src/WinCare.Infrastructure/Commands/WindowsCommandExecutor.Experience.cs:133,,unverified; a route/test mention is not behavior verification,no,source inventory only; not runtime verified
experience-power-apply,Apply experience power,All tools,Commands,False,Moderate,Required,Implemented,All Tools / ExecuteSelectedToolCommand,414,"await ExperiencePowerApplyAsync(p, cancellationToken).ConfigureAwait(false),",src/WinCare.Infrastructure/Commands/WindowsCommandExecutor.Experience.cs:140,,unverified; a route/test mention is not behavior verification,no,source inventory only; not runtime verified
experience-download-strategy,Experience download strategy,All tools,Commands,True,ReadOnly,No,Implemented,All Tools / ExecuteSelectedToolCommand,270,"DownloadStrategy(),",src/WinCare.Infrastructure/Commands/WindowsCommandExecutor.Experience.cs:156,,unverified; a route/test mention is not behavior verification,no,source inventory only; not runtime verified
experience-privacy-profiles,Experience privacy profiles,Security,Privacy,True,ReadOnly,No,Implemented,All Tools / ExecuteSelectedToolCommand,271,"StaticProfileCatalog(""experience-privacy""),",src/WinCare.Infrastructure/Commands/WindowsCommandExecutor.Experience.cs:24,,unverified; a route/test mention is not behavior verification,no,source inventory only; not runtime verified
experience-privacy-apply,Maximum privacy profile,Security,Privacy,False,Moderate,Required,Implemented,All Tools / ExecuteSelectedToolCommand,415,"await ExperiencePrivacyApplyAsync(p, cancellationToken).ConfigureAwait(false),",src/WinCare.Infrastructure/Commands/WindowsCommandExecutor.Experience.cs:161,,unverified; a route/test mention is not behavior verification,no,source inventory only; not runtime verified
shell-hardware-cards,Shell hardware cards,Checkup,Results,True,ReadOnly,No,Implemented,All Tools / ExecuteSelectedToolCommand,272,"ShellHardwareCards(),",src/WinCare.Infrastructure/Commands/WindowsCommandExecutor.Experience.cs:177,,unverified; a route/test mention is not behavior verification,no,source inventory only; not runtime verified
hardware-inventory,Hardware inventory,Checkup,Results,True,ReadOnly,No,Implemented,All Tools / ExecuteSelectedToolCommand,273,"HardwareInventory(cancellationToken),",src/WinCare.Infrastructure/Commands/WindowsCommandExecutor.Experience.cs:190,,unverified; a route/test mention is not behavior verification,no,source inventory only; not runtime verified
hardware-report,Hardware report,Checkup,Results,False,Moderate,Required,Implemented,All Tools / ExecuteSelectedToolCommand,416,"await HardwareReportAsync(p, cancellationToken).ConfigureAwait(false),",src/WinCare.Infrastructure/Commands/WindowsCommandExecutor.Experience.cs:212,,shared export helper failure reproduced in harmless Windows fixture; individual command not executed (F-008),no,shared-helper runtime proof plus caller source trace; NOT individual-command runtime failure
monitor-controls,External monitor controls,System care,Performance,True,ReadOnly,No,Implemented,All Tools / ExecuteSelectedToolCommand,274,"MonitorControls(),",src/WinCare.Infrastructure/Commands/WindowsCommandExecutor.Desktop.cs:57,,unverified; a route/test mention is not behavior verification,no,source inventory only; not runtime verified
monitor-control-set,Change monitor control,System care,Performance,False,Moderate,Required,Implemented,All Tools / ExecuteSelectedToolCommand,417,"DisplayCalibrate(p),",src/WinCare.Infrastructure/Commands/WindowsCommandExecutor.Desktop.cs:86,,unverified; a route/test mention is not behavior verification,no,source inventory only; not runtime verified
window-search,Window search,System care,Performance,True,ReadOnly,No,Implemented,All Tools / ExecuteSelectedToolCommand,275,"WindowSearch(p),",src/WinCare.Infrastructure/Commands/WindowsCommandExecutor.Desktop.cs:22,,unverified; a route/test mention is not behavior verification,no,source inventory only; not runtime verified
explorer-session,Explorer session,All tools,Commands,True,ReadOnly,No,Implemented,All Tools / ExecuteSelectedToolCommand,276,"ExplorerSession(),",src/WinCare.Infrastructure/Commands/WindowsCommandExecutor.Desktop.cs:205,,unverified; a route/test mention is not behavior verification,no,source inventory only; not runtime verified
explorer-session-save,Save explorer session,All tools,Commands,False,Moderate,Required,Implemented,All Tools / ExecuteSelectedToolCommand,418,"await ExplorerSessionSaveAsync(p, cancellationToken).ConfigureAwait(false),",src/WinCare.Infrastructure/Commands/WindowsCommandExecutor.Desktop.cs:211,,unverified; a route/test mention is not behavior verification,no,source inventory only; not runtime verified
explorer-session-records,Explorer session records,All tools,Commands,True,ReadOnly,No,Implemented,All Tools / ExecuteSelectedToolCommand,277,"await ReadStateAsync(""explorer-sessions"", cancellationToken).ConfigureAwait(false),",src/WinCare.Infrastructure/Commands/WindowsCommandExecutor.System.cs:582,,unverified; a route/test mention is not behavior verification,no,source inventory only; not runtime verified
explorer-session-restore,Restore explorer session,All tools,Commands,False,Moderate,Required,Implemented,All Tools / ExecuteSelectedToolCommand,419,"await ExplorerSessionRestoreAsync(p, cancellationToken).ConfigureAwait(false),",src/WinCare.Infrastructure/Commands/WindowsCommandExecutor.Desktop.cs:220,,unverified; a route/test mention is not behavior verification,no,source inventory only; not runtime verified
ui-automation-snapshot,Accessibility tree snapshot,All tools,Commands,True,ReadOnly,No,Implemented,All Tools / ExecuteSelectedToolCommand,278,"UiAutomationSnapshot(p),",src/WinCare.Infrastructure/Commands/WindowsCommandExecutor.Desktop.cs:241,,unverified; a route/test mention is not behavior verification,no,source inventory only; not runtime verified
appx-runtime,AppX runtime inventory,All tools,Commands,True,ReadOnly,No,Implemented,All Tools / ExecuteSelectedToolCommand,279,"AppxRuntime(),",src/WinCare.Infrastructure/Commands/WindowsCommandExecutor.Experience.cs:221,,unverified; a route/test mention is not behavior verification,no,source inventory only; not runtime verified
appx-launch-targets,App packages launch targets,All tools,Commands,True,ReadOnly,No,Implemented,All Tools / ExecuteSelectedToolCommand,280,"AppxLaunchTargets(p),",src/WinCare.Infrastructure/Commands/WindowsCommandExecutor.Experience.cs:229,,unverified; a route/test mention is not behavior verification,no,source inventory only; not runtime verified
appx-launch,Launch app packages,All tools,Commands,False,Moderate,Required,Implemented,All Tools / ExecuteSelectedToolCommand,420,"AppxLaunch(p),",src/WinCare.Infrastructure/Commands/WindowsCommandExecutor.Experience.cs:246,,unverified; a route/test mention is not behavior verification,no,source inventory only; not runtime verified
archive-inspect,Archive safety inspection,All tools,Commands,True,ReadOnly,No,Implemented,All Tools / ExecuteSelectedToolCommand,281,"ArchiveInspect(p),",src/WinCare.Infrastructure/Commands/WindowsCommandExecutor.Experience.cs:255,,unverified; a route/test mention is not behavior verification,no,source inventory only; not runtime verified
servicing-media,Servicing media,All tools,Commands,True,ReadOnly,No,Implemented,All Tools / ExecuteSelectedToolCommand,282,"await NativeToolQueryAsync(""servicing-media"", ""dism.exe"", [""/English"", ""/Get-MountedImageInfo""], cancellationToken, administratorOptional: true).ConfigureAwait(false),",src/WinCare.Infrastructure/Commands/WindowsCommandExecutor.System.cs:356,,unverified; a route/test mention is not behavior verification,no,source inventory only; not runtime verified
terminal-environment,Terminal environment,All tools,Commands,True,ReadOnly,No,Implemented,All Tools / ExecuteSelectedToolCommand,283,"TerminalEnvironment(),",src/WinCare.Infrastructure/Commands/WindowsCommandExecutor.Experience.cs:266,,unverified; a route/test mention is not behavior verification,no,source inventory only; not runtime verified
terminal-export,Export terminal,All tools,Commands,False,Moderate,Required,Implemented,All Tools / ExecuteSelectedToolCommand,421,"await TerminalExportAsync(p, cancellationToken).ConfigureAwait(false),",src/WinCare.Infrastructure/Commands/WindowsCommandExecutor.Experience.cs:273,,shared export helper failure reproduced in harmless Windows fixture; individual command not executed (F-008),no,shared-helper runtime proof plus caller source trace; NOT individual-command runtime failure
gui-resource-audit,Interface resource audit,All tools,Commands,True,ReadOnly,No,Implemented,All Tools / ExecuteSelectedToolCommand,284,"GuiResourceAudit(),",src/WinCare.Infrastructure/Commands/WindowsCommandExecutor.Experience.cs:281,,unverified; a route/test mention is not behavior verification,no,source inventory only; not runtime verified
fullscreen-shell-assess,Assess fullscreen shell,All tools,Commands,True,ReadOnly,No,Implemented,All Tools / ExecuteSelectedToolCommand,285,"FullscreenShellAssess(),",src/WinCare.Infrastructure/Commands/WindowsCommandExecutor.Experience.cs:289,,unverified; a route/test mention is not behavior verification,no,source inventory only; not runtime verified
cleaner-preview-cards,Cleaner preview cards,System care,Clean up,True,ReadOnly,No,Implemented,All Tools / ExecuteSelectedToolCommand,286,"await CleanerPreviewCardsAsync(cancellationToken).ConfigureAwait(false),",src/WinCare.Infrastructure/Commands/WindowsCommandExecutor.Experience.cs:299,,unverified; a route/test mention is not behavior verification,no,source inventory only; not runtime verified
cleaner-disk-pressure,Disk-pressure cleanup,System care,Clean up,False,Moderate,Required,Implemented,All Tools / ExecuteSelectedToolCommand,422,"CleanerDiskPressure(p, cancellationToken),",src/WinCare.Infrastructure/Commands/WindowsCommandExecutor.Experience.cs:305,tests/WinCare.Application.Tests/HomePageViewModelTests.cs; tests/WinCare.Application.Tests/IntentTranslatorTests.cs; tests/WinCare.CommandCatalog.Tests/CommandCatalogTests.cs; tests/WinCare.Infrastructure.Tests/PluginRegistryServiceTests.cs,unverified; a route/test mention is not behavior verification,no,source inventory only; not runtime verified
cleaner-disk-pressure-schedule,Cleaner disk pressure schedule,System care,Clean up,False,Moderate,Required,Implemented,All Tools / ExecuteSelectedToolCommand,423,"await UpsertStateItemAsync(""cleaner-schedules"", p, cancellationToken).ConfigureAwait(false),",src/WinCare.Infrastructure/Commands/WindowsCommandExecutor.State.cs:52,,unverified; a route/test mention is not behavior verification,no,source inventory only; not runtime verified
cleaner-winapp2,Winapp2 cleanup admission,System care,Clean up,True,ReadOnly,No,Implemented,All Tools / ExecuteSelectedToolCommand,287,"Winapp2Admission(p),",src/WinCare.Infrastructure/Commands/WindowsCommandExecutor.Experience.cs:329,,unverified; a route/test mention is not behavior verification,no,source inventory only; not runtime verified
cleaner-winapp2-run,Run cleaner Winapp2,System care,Clean up,False,Moderate,Required,Implemented,All Tools / ExecuteSelectedToolCommand,424,"CleanerWinapp2Run(p, cancellationToken),",src/WinCare.Infrastructure/Commands/WindowsCommandExecutor.Experience.cs:337,tests/WinCare.CommandCatalog.Tests/CommandCatalogTests.cs,unverified; a route/test mention is not behavior verification,no,source inventory only; not runtime verified
cleaner-relocation-profiles,Cleaner relocation profiles,System care,Clean up,True,ReadOnly,No,Implemented,All Tools / ExecuteSelectedToolCommand,288,"StaticProfileCatalog(""cleaner-relocation""),",src/WinCare.Infrastructure/Commands/WindowsCommandExecutor.Experience.cs:24,,unverified; a route/test mention is not behavior verification,no,source inventory only; not runtime verified
cleaner-relocation-assess,Assess cleaner relocation,System care,Clean up,True,ReadOnly,No,Implemented,All Tools / ExecuteSelectedToolCommand,289,"CleanerRelocationAssess(p),",src/WinCare.Infrastructure/Commands/WindowsCommandExecutor.Experience.cs:370,,unverified; a route/test mention is not behavior verification,no,source inventory only; not runtime verified
cleaner-relocation,Cleaner relocation,System care,Clean up,False,Moderate,Required,Implemented,All Tools / ExecuteSelectedToolCommand,425,"await CleanerRelocationAsync(p, cancellationToken).ConfigureAwait(false),",src/WinCare.Infrastructure/Commands/WindowsCommandExecutor.Experience.cs:380,,unverified; a route/test mention is not behavior verification,no,source inventory only; not runtime verified
file-preview-profiles,File preview profiles,Repair & recovery,Repair,True,ReadOnly,No,Implemented,All Tools / ExecuteSelectedToolCommand,290,"StaticProfileCatalog(""file-preview""),",src/WinCare.Infrastructure/Commands/WindowsCommandExecutor.Experience.cs:24,,unverified; a route/test mention is not behavior verification,no,source inventory only; not runtime verified
file-preview,Safe local file preview,Repair & recovery,Repair,True,ReadOnly,No,Implemented,All Tools / ExecuteSelectedToolCommand,291,"FilePreview(p),",src/WinCare.Infrastructure/Commands/WindowsCommandExecutor.Experience.cs:394,,unverified; a route/test mention is not behavior verification,no,source inventory only; not runtime verified
file-preview-export,Export file preview,Repair & recovery,Backup,False,Moderate,Required,Implemented,All Tools / ExecuteSelectedToolCommand,426,"await FilePreviewExportAsync(p, cancellationToken).ConfigureAwait(false),",src/WinCare.Infrastructure/Commands/WindowsCommandExecutor.Experience.cs:422,,shared export helper failure reproduced in harmless Windows fixture; individual command not executed (F-008),no,shared-helper runtime proof plus caller source trace; NOT individual-command runtime failure
preview-handlers,Preview-handler assessment,Repair & recovery,Repair,True,ReadOnly,No,Implemented,All Tools / ExecuteSelectedToolCommand,292,"PreviewHandlerAssessment(),",src/WinCare.Infrastructure/Commands/WindowsCommandExecutor.Experience.cs:431,,unverified; a route/test mention is not behavior verification,no,source inventory only; not runtime verified
peer-display-overrides,Peer display overrides,System care,Performance,True,ReadOnly,No,Implemented,All Tools / ExecuteSelectedToolCommand,293,"DisplayOverrides(),",src/WinCare.Infrastructure/Commands/WindowsCommandExecutor.Desktop.cs:249,,unverified; a route/test mention is not behavior verification,no,source inventory only; not runtime verified
peer-display-reset,Reset display overrides,System care,Performance,False,Moderate,Required,Implemented,All Tools / ExecuteSelectedToolCommand,427,"DisplayOverridesReset(),",src/WinCare.Infrastructure/Commands/WindowsCommandExecutor.Desktop.cs:259,,unverified; a route/test mention is not behavior verification,no,source inventory only; not runtime verified
peer-wlan,WLAN survey,System care,Network & updates,True,ReadOnly,No,Implemented,All Tools / ExecuteSelectedToolCommand,294,"await NativeToolQueryAsync(""peer-wlan"", ""netsh.exe"", [""wlan"", ""show"", ""networks"", ""mode=bssid""], cancellationToken).ConfigureAwait(false),",src/WinCare.Infrastructure/Commands/WindowsCommandExecutor.System.cs:356,,unverified; a route/test mention is not behavior verification,no,source inventory only; not runtime verified
peer-log-tail,Peer log tail,System care,Performance,True,ReadOnly,No,Implemented,All Tools / ExecuteSelectedToolCommand,295,"PeerLogTail(p),",src/WinCare.Infrastructure/Commands/WindowsCommandExecutor.Experience.cs:438,,unverified; a route/test mention is not behavior verification,no,source inventory only; not runtime verified
peer-pe,Peer PE file,System care,Performance,True,ReadOnly,No,Implemented,All Tools / ExecuteSelectedToolCommand,296,"PeInspection(p),",src/WinCare.Infrastructure/Commands/WindowsCommandExecutor.Experience.cs:446,,unverified; a route/test mention is not behavior verification,no,source inventory only; not runtime verified
peer-container-log-config,Peer container log config,System care,Performance,False,Moderate,Required,Implemented,All Tools / ExecuteSelectedToolCommand,428,"await UpsertStateItemAsync(""peer-container-log-config"", p, cancellationToken).ConfigureAwait(false),",src/WinCare.Infrastructure/Commands/WindowsCommandExecutor.State.cs:52,,unverified; a route/test mention is not behavior verification,no,source inventory only; not runtime verified
peer-taskboard,Peer taskboard,System care,Performance,True,ReadOnly,No,Implemented,All Tools / ExecuteSelectedToolCommand,297,"await ReadStateAsync(""peer-taskboard"", cancellationToken).ConfigureAwait(false),",src/WinCare.Infrastructure/Commands/WindowsCommandExecutor.System.cs:582,,unverified; a route/test mention is not behavior verification,no,source inventory only; not runtime verified
peer-task-save,Save peer task,System care,Performance,False,Low,Required,Implemented,All Tools / ExecuteSelectedToolCommand,429,"await UpsertStateItemAsync(""peer-taskboard"", p, cancellationToken).ConfigureAwait(false),",src/WinCare.Infrastructure/Commands/WindowsCommandExecutor.State.cs:52,,unverified; a route/test mention is not behavior verification,no,source inventory only; not runtime verified
explorer-quick,Explorer quick,All tools,Commands,False,Moderate,Required,Implemented,All Tools / ExecuteSelectedToolCommand,430,"ExplorerQuick(p),",src/WinCare.Infrastructure/Commands/WindowsCommandExecutor.Experience.cs:489,,unverified; a route/test mention is not behavior verification,no,source inventory only; not runtime verified
deep-clean-profiles,Deep clean profiles,Repair & recovery,Reset & media,True,ReadOnly,No,Implemented,All Tools / ExecuteSelectedToolCommand,298,"StaticProfileCatalog(""deep-clean""),",src/WinCare.Infrastructure/Commands/WindowsCommandExecutor.Experience.cs:24,,unverified; a route/test mention is not behavior verification,no,source inventory only; not runtime verified
deep-clean,Safe deep clean,Repair & recovery,Reset & media,False,High,Required,Implemented,All Tools / ExecuteSelectedToolCommand,431,"DeepClean(p, cancellationToken),",src/WinCare.Infrastructure/Commands/WindowsCommandExecutor.Experience.cs:551,tests/WinCare.CommandCatalog.Tests/CommandCatalogTests.cs,unverified; a route/test mention is not behavior verification,no,source inventory only; not runtime verified
appx-selection-profiles,App packages selection profiles,System care,Apps & startup,True,ReadOnly,No,Implemented,All Tools / ExecuteSelectedToolCommand,299,"StaticProfileCatalog(""appx-selection""),",src/WinCare.Infrastructure/Commands/WindowsCommandExecutor.Experience.cs:24,,unverified; a route/test mention is not behavior verification,no,source inventory only; not runtime verified
appx-selection-assess,Assess app packages selection,System care,Apps & startup,True,ReadOnly,No,Implemented,All Tools / ExecuteSelectedToolCommand,300,"AppxSelectionAssess(p),",src/WinCare.Infrastructure/Commands/WindowsCommandExecutor.Experience.cs:456,,unverified; a route/test mention is not behavior verification,no,source inventory only; not runtime verified
appx-selection,App packages selection,System care,Apps & startup,False,Moderate,Required,Implemented,All Tools / ExecuteSelectedToolCommand,432,"await AppxSelectionAsync(p, online: true, cancellationToken).ConfigureAwait(false),",src/WinCare.Infrastructure/Commands/WindowsCommandExecutor.Experience.cs:463,,unverified; a route/test mention is not behavior verification,no,source inventory only; not runtime verified
offline-appx-selection,Offline app packages selection,Repair & recovery,Repair,False,High,Required,Implemented,All Tools / ExecuteSelectedToolCommand,433,"await AppxSelectionAsync(p, online: false, cancellationToken).ConfigureAwait(false),",src/WinCare.Infrastructure/Commands/WindowsCommandExecutor.Experience.cs:463,,unverified; a route/test mention is not behavior verification,no,source inventory only; not runtime verified
legacy-unsafe-profiles,Legacy high-risk profiles,Repair & recovery,Reset & media,True,ReadOnly,No,Implemented,All Tools / ExecuteSelectedToolCommand,301,"StaticProfileCatalog(""legacy-unsafe""),",src/WinCare.Infrastructure/Commands/WindowsCommandExecutor.Experience.cs:24,,unverified; a route/test mention is not behavior verification,no,source inventory only; not runtime verified
legacy-unsafe,Winhance maximum profile,Repair & recovery,Reset & media,False,Critical,Required,Implemented,All Tools / ExecuteSelectedToolCommand,434,"await LegacyUnsafeAsync(p, cancellationToken).ConfigureAwait(false),",src/WinCare.Infrastructure/Commands/WindowsCommandExecutor.Experience.cs:563,tests/WinCare.Application.Tests/ToolCatalogServiceTests.cs; tests/WinCare.CommandCatalog.Tests/CommandCatalogTests.cs,unverified; a route/test mention is not behavior verification,no,source inventory only; not runtime verified
capabilities,Available capabilities,Checkup,Results,True,ReadOnly,No,Implemented,All Tools / ExecuteSelectedToolCommand,302,"CapabilityRegistry(cancellationToken),",src/WinCare.Infrastructure/Commands/WindowsCommandExecutor.Experience.cs:619,,unverified; a route/test mention is not behavior verification,no,source inventory only; not runtime verified
fleet-inventory,Fleet inventory,Checkup,Results,True,ReadOnly,MayBeRequired,Implemented,All Tools / ExecuteSelectedToolCommand,303,"await FleetInventoryAsync(p, cancellationToken).ConfigureAwait(false),",src/WinCare.Infrastructure/Commands/WindowsCommandExecutor.Experience.cs:627,,unverified; a route/test mention is not behavior verification,no,source inventory only; not runtime verified
fleet-policy-drift,Fleet policy differences,Checkup,Results,True,ReadOnly,MayBeRequired,Implemented,All Tools / ExecuteSelectedToolCommand,304,"FleetPolicyDrift(p, cancellationToken),",src/WinCare.Infrastructure/Commands/WindowsCommandExecutor.Experience.cs:643,,unverified; a route/test mention is not behavior verification,no,source inventory only; not runtime verified
hypervisor-isolation,Virtualization security status,Security,Status,True,ReadOnly,No,Implemented,All Tools / ExecuteSelectedToolCommand,305,"await HypervisorIsolationAsync(cancellationToken).ConfigureAwait(false),",src/WinCare.Infrastructure/Commands/WindowsCommandExecutor.Security.cs:579,,unverified; a route/test mention is not behavior verification,no,source inventory only; not runtime verified
forensics-timeline,Forensic event timeline,Security,Status,True,ReadOnly,MayBeRequired,Implemented,All Tools / ExecuteSelectedToolCommand,306,"ForensicsTimeline(p, cancellationToken),",src/WinCare.Infrastructure/Commands/WindowsCommandExecutor.Experience.cs:658,,unverified; a route/test mention is not behavior verification,no,source inventory only; not runtime verified
memory-anomalies,Memory anomaly summary,Security,Status,True,ReadOnly,MayBeRequired,Implemented,All Tools / ExecuteSelectedToolCommand,307,"MemoryAnomalies(p),",src/WinCare.Infrastructure/Commands/WindowsCommandExecutor.Experience.cs:680,,isolated backend read-only probe succeeded; returned shape/timing in evidence/backend-probes.json; not full UI feature certification,yes,individual read-only backend probe
vbs-assurance,Virtualization-based security status,Security,Status,True,ReadOnly,No,Implemented,All Tools / ExecuteSelectedToolCommand,308,"VbsAssurance(),",src/WinCare.Infrastructure/Commands/WindowsCommandExecutor.Security.cs:537,,unverified; a route/test mention is not behavior verification,no,source inventory only; not runtime verified
vbs-harden,Harden virtualization-based security,Security,Hardening,False,High,Required,Implemented,All Tools / ExecuteSelectedToolCommand,435,"await VbsHardenAsync(p, cancellationToken).ConfigureAwait(false),",src/WinCare.Infrastructure/Commands/WindowsCommandExecutor.Security.cs:549,tests/native/test_full_native_migration.py,unverified; a route/test mention is not behavior verification,no,source inventory only; not runtime verified
sandbox-config,Create a Windows Sandbox configuration,Security,Protection,False,High,Required,Implemented,All Tools / ExecuteSelectedToolCommand,436,"await SandboxConfigAsync(p, cancellationToken).ConfigureAwait(false),",src/WinCare.Infrastructure/Commands/WindowsCommandExecutor.Experience.cs:594,,unverified; a route/test mention is not behavior verification,no,source inventory only; not runtime verified
telemetry-lake-records,Telemetry lake records,All tools,Commands,True,ReadOnly,No,Implemented,All Tools / ExecuteSelectedToolCommand,309,"await TelemetryLakeRecordsAsync(p, cancellationToken).ConfigureAwait(false),",src/WinCare.Infrastructure/Commands/WindowsCommandExecutor.State.cs:326,,unverified; a route/test mention is not behavior verification,no,source inventory only; not runtime verified
telemetry-lake,Telemetry lake summary,All tools,Commands,True,ReadOnly,No,Implemented,All Tools / ExecuteSelectedToolCommand,310,"await TelemetryLakeAggregateAsync(p, cancellationToken).ConfigureAwait(false),",src/WinCare.Infrastructure/Commands/WindowsCommandExecutor.State.cs:347,,unverified; a route/test mention is not behavior verification,no,source inventory only; not runtime verified
telemetry-ingest,Add a telemetry record,All tools,Commands,False,Moderate,Required,Implemented,All Tools / ExecuteSelectedToolCommand,437,"await TelemetryIngestAsync(p, cancellationToken).ConfigureAwait(false),",src/WinCare.Infrastructure/Commands/WindowsCommandExecutor.State.cs:291,,unverified; a route/test mention is not behavior verification,no,source inventory only; not runtime verified
telemetry-retention,Change telemetry retention,All tools,Commands,False,Moderate,Required,Implemented,All Tools / ExecuteSelectedToolCommand,438,"await TelemetryRetentionAsync(p, cancellationToken).ConfigureAwait(false),",src/WinCare.Infrastructure/Commands/WindowsCommandExecutor.State.cs:299,,unverified; a route/test mention is not behavior verification,no,source inventory only; not runtime verified
binary-intelligence,Inspect a Windows binary,Security,Status,True,ReadOnly,No,Implemented,All Tools / ExecuteSelectedToolCommand,311,"await BinaryIntelligenceAsync(p, cancellationToken).ConfigureAwait(false),",src/WinCare.Infrastructure/Commands/WindowsCommandExecutor.Experience.cs:687,,unverified; a route/test mention is not behavior verification,no,source inventory only; not runtime verified
binary-intelligence-capability,Binary inspection capability,Security,Status,True,ReadOnly,No,Implemented,All Tools / ExecuteSelectedToolCommand,312,"BinaryIntelligenceCapability(),",src/WinCare.Infrastructure/Commands/WindowsCommandExecutor.Experience.cs:697,,unverified; a route/test mention is not behavior verification,no,source inventory only; not runtime verified
ebpf-capability,eBPF capability,Security,Status,True,ReadOnly,MayBeRequired,Implemented,All Tools / ExecuteSelectedToolCommand,313,"ToolCapability(""ebpf"", [""netsh.exe""], ""eBPF for Windows is exposed through netsh when installed.""),",src/WinCare.Infrastructure/Commands/WindowsCommandExecutor.Experience.cs:699,,unverified; a route/test mention is not behavior verification,no,source inventory only; not runtime verified
ebpf-programs,Loaded eBPF programs,Security,Status,True,ReadOnly,MayBeRequired,Implemented,All Tools / ExecuteSelectedToolCommand,314,"await EbpfProgramsAsync(p, cancellationToken).ConfigureAwait(false),",src/WinCare.Infrastructure/Commands/WindowsCommandExecutor.Experience.cs:705,,unverified; a route/test mention is not behavior verification,no,source inventory only; not runtime verified
ebpf-admit,Admit an eBPF program,Security,Hardening,False,High,Required,Implemented,All Tools / ExecuteSelectedToolCommand,439,"await EbpfAdmitAsync(p, cancellationToken).ConfigureAwait(false),",src/WinCare.Infrastructure/Commands/WindowsCommandExecutor.Experience.cs:713,,unverified; a route/test mention is not behavior verification,no,source inventory only; not runtime verified
display-pipeline,Display pipeline status,All tools,Commands,True,ReadOnly,No,Implemented,All Tools / ExecuteSelectedToolCommand,315,"DisplayPipeline(),",src/WinCare.Infrastructure/Commands/WindowsCommandExecutor.Desktop.cs:63,,unverified; a route/test mention is not behavior verification,no,source inventory only; not runtime verified
virtual-display-capability,Virtual display capability,All tools,Commands,True,ReadOnly,No,Implemented,All Tools / ExecuteSelectedToolCommand,316,"VirtualDisplayCapability(),",src/WinCare.Infrastructure/Commands/WindowsCommandExecutor.Desktop.cs:73,,unverified; a route/test mention is not behavior verification,no,source inventory only; not runtime verified
display-calibrate,Calibrate a display,All tools,Commands,False,High,Required,Implemented,All Tools / ExecuteSelectedToolCommand,440,"DisplayCalibrate(p),",src/WinCare.Infrastructure/Commands/WindowsCommandExecutor.Desktop.cs:86,,unverified; a route/test mention is not behavior verification,no,source inventory only; not runtime verified
wireguard-tunnels,WireGuard tunnels,Security,Status,True,ReadOnly,No,Implemented,All Tools / ExecuteSelectedToolCommand,317,"await WireGuardTunnelsAsync(p, cancellationToken).ConfigureAwait(false),",src/WinCare.Infrastructure/Commands/WindowsCommandExecutor.Experience.cs:723,,unverified; a route/test mention is not behavior verification,no,source inventory only; not runtime verified
quic-capability,QUIC capability,Security,Status,True,ReadOnly,No,Implemented,All Tools / ExecuteSelectedToolCommand,318,"QuicCapability(),",src/WinCare.Infrastructure/Commands/WindowsCommandExecutor.Experience.cs:731,tests/WinCare.Application.Tests/ToolCatalogServiceTests.cs; tests/WinCare.CommandCatalog.Tests/CommandCatalogTests.cs,unverified; a route/test mention is not behavior verification,no,source inventory only; not runtime verified
